sample-id	absolute-filepath
ERR2124852	/data/DATA10TB/Rodri/16s_v2/reads/ERR2124852.fastq.gz
ERR2124853	/data/DATA10TB/Rodri/16s_v2/reads/ERR2124853.fastq.gz
ERR2124854	/data/DATA10TB/Rodri/16s_v2/reads/ERR2124854.fastq.gz
ERR2124855	/data/DATA10TB/Rodri/16s_v2/reads/ERR2124855.fastq.gz
ERR2124856	/data/DATA10TB/Rodri/16s_v2/reads/ERR2124856.fastq.gz
ERR2124857	/data/DATA10TB/Rodri/16s_v2/reads/ERR2124857.fastq.gz
ERR2124858	/data/DATA10TB/Rodri/16s_v2/reads/ERR2124858.fastq.gz
ERR2124859	/data/DATA10TB/Rodri/16s_v2/reads/ERR2124859.fastq.gz
ERR2124860	/data/DATA10TB/Rodri/16s_v2/reads/ERR2124860.fastq.gz
ERR2124861	/data/DATA10TB/Rodri/16s_v2/reads/ERR2124861.fastq.gz
ERR2124862	/data/DATA10TB/Rodri/16s_v2/reads/ERR2124862.fastq.gz
ERR2124863	/data/DATA10TB/Rodri/16s_v2/reads/ERR2124863.fastq.gz
ERR2124864	/data/DATA10TB/Rodri/16s_v2/reads/ERR2124864.fastq.gz
ERR2124865	/data/DATA10TB/Rodri/16s_v2/reads/ERR2124865.fastq.gz
ERR2124866	/data/DATA10TB/Rodri/16s_v2/reads/ERR2124866.fastq.gz
ERR2124867	/data/DATA10TB/Rodri/16s_v2/reads/ERR2124867.fastq.gz
ERR2124884	/data/DATA10TB/Rodri/16s_v2/reads/ERR2124884.fastq.gz
ERR2124885	/data/DATA10TB/Rodri/16s_v2/reads/ERR2124885.fastq.gz
ERR2124886	/data/DATA10TB/Rodri/16s_v2/reads/ERR2124886.fastq.gz
ERR2124887	/data/DATA10TB/Rodri/16s_v2/reads/ERR2124887.fastq.gz
ERR2124888	/data/DATA10TB/Rodri/16s_v2/reads/ERR2124888.fastq.gz
ERR2124889	/data/DATA10TB/Rodri/16s_v2/reads/ERR2124889.fastq.gz
ERR2124890	/data/DATA10TB/Rodri/16s_v2/reads/ERR2124890.fastq.gz
ERR2124891	/data/DATA10TB/Rodri/16s_v2/reads/ERR2124891.fastq.gz
ERR2124892	/data/DATA10TB/Rodri/16s_v2/reads/ERR2124892.fastq.gz
ERR2124893	/data/DATA10TB/Rodri/16s_v2/reads/ERR2124893.fastq.gz
ERR2124894	/data/DATA10TB/Rodri/16s_v2/reads/ERR2124894.fastq.gz
ERR2124895	/data/DATA10TB/Rodri/16s_v2/reads/ERR2124895.fastq.gz
ERR2124896	/data/DATA10TB/Rodri/16s_v2/reads/ERR2124896.fastq.gz
ERR2124897	/data/DATA10TB/Rodri/16s_v2/reads/ERR2124897.fastq.gz
ERR2124898	/data/DATA10TB/Rodri/16s_v2/reads/ERR2124898.fastq.gz
ERR2124899	/data/DATA10TB/Rodri/16s_v2/reads/ERR2124899.fastq.gz
ERR2124900	/data/DATA10TB/Rodri/16s_v2/reads/ERR2124900.fastq.gz
ERR2124901	/data/DATA10TB/Rodri/16s_v2/reads/ERR2124901.fastq.gz
ERR2124902	/data/DATA10TB/Rodri/16s_v2/reads/ERR2124902.fastq.gz
ERR2124903	/data/DATA10TB/Rodri/16s_v2/reads/ERR2124903.fastq.gz
ERR2124904	/data/DATA10TB/Rodri/16s_v2/reads/ERR2124904.fastq.gz
ERR2124905	/data/DATA10TB/Rodri/16s_v2/reads/ERR2124905.fastq.gz
ERR2124906	/data/DATA10TB/Rodri/16s_v2/reads/ERR2124906.fastq.gz
ERR2124907	/data/DATA10TB/Rodri/16s_v2/reads/ERR2124907.fastq.gz
ERR2124908	/data/DATA10TB/Rodri/16s_v2/reads/ERR2124908.fastq.gz
ERR2124909	/data/DATA10TB/Rodri/16s_v2/reads/ERR2124909.fastq.gz
ERR2124910	/data/DATA10TB/Rodri/16s_v2/reads/ERR2124910.fastq.gz
ERR2124911	/data/DATA10TB/Rodri/16s_v2/reads/ERR2124911.fastq.gz
ERR2124912	/data/DATA10TB/Rodri/16s_v2/reads/ERR2124912.fastq.gz
ERR2124913	/data/DATA10TB/Rodri/16s_v2/reads/ERR2124913.fastq.gz
ERR2124914	/data/DATA10TB/Rodri/16s_v2/reads/ERR2124914.fastq.gz
ERR2124915	/data/DATA10TB/Rodri/16s_v2/reads/ERR2124915.fastq.gz
ERR2124916	/data/DATA10TB/Rodri/16s_v2/reads/ERR2124916.fastq.gz
ERR2124917	/data/DATA10TB/Rodri/16s_v2/reads/ERR2124917.fastq.gz
ERR2124918	/data/DATA10TB/Rodri/16s_v2/reads/ERR2124918.fastq.gz
ERR2124919	/data/DATA10TB/Rodri/16s_v2/reads/ERR2124919.fastq.gz
ERR2124920	/data/DATA10TB/Rodri/16s_v2/reads/ERR2124920.fastq.gz
ERR2124921	/data/DATA10TB/Rodri/16s_v2/reads/ERR2124921.fastq.gz
ERR2124922	/data/DATA10TB/Rodri/16s_v2/reads/ERR2124922.fastq.gz
ERR2124923	/data/DATA10TB/Rodri/16s_v2/reads/ERR2124923.fastq.gz
ERR2124924	/data/DATA10TB/Rodri/16s_v2/reads/ERR2124924.fastq.gz
ERR2124925	/data/DATA10TB/Rodri/16s_v2/reads/ERR2124925.fastq.gz
ERR2124926	/data/DATA10TB/Rodri/16s_v2/reads/ERR2124926.fastq.gz
ERR2124927	/data/DATA10TB/Rodri/16s_v2/reads/ERR2124927.fastq.gz
ERR2124928	/data/DATA10TB/Rodri/16s_v2/reads/ERR2124928.fastq.gz
ERR2124929	/data/DATA10TB/Rodri/16s_v2/reads/ERR2124929.fastq.gz
ERR2124930	/data/DATA10TB/Rodri/16s_v2/reads/ERR2124930.fastq.gz
ERR2124931	/data/DATA10TB/Rodri/16s_v2/reads/ERR2124931.fastq.gz
ERR2124932	/data/DATA10TB/Rodri/16s_v2/reads/ERR2124932.fastq.gz
ERR2124933	/data/DATA10TB/Rodri/16s_v2/reads/ERR2124933.fastq.gz
ERR2124934	/data/DATA10TB/Rodri/16s_v2/reads/ERR2124934.fastq.gz
ERR2124935	/data/DATA10TB/Rodri/16s_v2/reads/ERR2124935.fastq.gz
ERR2124936	/data/DATA10TB/Rodri/16s_v2/reads/ERR2124936.fastq.gz
ERR2124937	/data/DATA10TB/Rodri/16s_v2/reads/ERR2124937.fastq.gz
ERR2124938	/data/DATA10TB/Rodri/16s_v2/reads/ERR2124938.fastq.gz
ERR2124939	/data/DATA10TB/Rodri/16s_v2/reads/ERR2124939.fastq.gz
ERR2124940	/data/DATA10TB/Rodri/16s_v2/reads/ERR2124940.fastq.gz
ERR2124941	/data/DATA10TB/Rodri/16s_v2/reads/ERR2124941.fastq.gz
ERR2124942	/data/DATA10TB/Rodri/16s_v2/reads/ERR2124942.fastq.gz
ERR2124943	/data/DATA10TB/Rodri/16s_v2/reads/ERR2124943.fastq.gz
ERR2124944	/data/DATA10TB/Rodri/16s_v2/reads/ERR2124944.fastq.gz
ERR2124945	/data/DATA10TB/Rodri/16s_v2/reads/ERR2124945.fastq.gz
ERR2124946	/data/DATA10TB/Rodri/16s_v2/reads/ERR2124946.fastq.gz
ERR2124947	/data/DATA10TB/Rodri/16s_v2/reads/ERR2124947.fastq.gz
ERR2124948	/data/DATA10TB/Rodri/16s_v2/reads/ERR2124948.fastq.gz
ERR2124949	/data/DATA10TB/Rodri/16s_v2/reads/ERR2124949.fastq.gz
ERR2124950	/data/DATA10TB/Rodri/16s_v2/reads/ERR2124950.fastq.gz
ERR2124951	/data/DATA10TB/Rodri/16s_v2/reads/ERR2124951.fastq.gz
ERR2124952	/data/DATA10TB/Rodri/16s_v2/reads/ERR2124952.fastq.gz
ERR2124953	/data/DATA10TB/Rodri/16s_v2/reads/ERR2124953.fastq.gz
ERR2124954	/data/DATA10TB/Rodri/16s_v2/reads/ERR2124954.fastq.gz
ERR2124955	/data/DATA10TB/Rodri/16s_v2/reads/ERR2124955.fastq.gz
ERR2124956	/data/DATA10TB/Rodri/16s_v2/reads/ERR2124956.fastq.gz
ERR2124957	/data/DATA10TB/Rodri/16s_v2/reads/ERR2124957.fastq.gz
ERR2124958	/data/DATA10TB/Rodri/16s_v2/reads/ERR2124958.fastq.gz
ERR2124963	/data/DATA10TB/Rodri/16s_v2/reads/ERR2124963.fastq.gz
ERR2124964	/data/DATA10TB/Rodri/16s_v2/reads/ERR2124964.fastq.gz
ERR2124965	/data/DATA10TB/Rodri/16s_v2/reads/ERR2124965.fastq.gz
ERR2124966	/data/DATA10TB/Rodri/16s_v2/reads/ERR2124966.fastq.gz
ERR2124967	/data/DATA10TB/Rodri/16s_v2/reads/ERR2124967.fastq.gz
ERR2124968	/data/DATA10TB/Rodri/16s_v2/reads/ERR2124968.fastq.gz
ERR2124969	/data/DATA10TB/Rodri/16s_v2/reads/ERR2124969.fastq.gz
ERR2124970	/data/DATA10TB/Rodri/16s_v2/reads/ERR2124970.fastq.gz
ERR2124971	/data/DATA10TB/Rodri/16s_v2/reads/ERR2124971.fastq.gz
ERR2124972	/data/DATA10TB/Rodri/16s_v2/reads/ERR2124972.fastq.gz
ERR2124973	/data/DATA10TB/Rodri/16s_v2/reads/ERR2124973.fastq.gz
ERR2124974	/data/DATA10TB/Rodri/16s_v2/reads/ERR2124974.fastq.gz
ERR2124975	/data/DATA10TB/Rodri/16s_v2/reads/ERR2124975.fastq.gz
ERR2124976	/data/DATA10TB/Rodri/16s_v2/reads/ERR2124976.fastq.gz
ERR2124977	/data/DATA10TB/Rodri/16s_v2/reads/ERR2124977.fastq.gz
ERR2124978	/data/DATA10TB/Rodri/16s_v2/reads/ERR2124978.fastq.gz
ERR2124979	/data/DATA10TB/Rodri/16s_v2/reads/ERR2124979.fastq.gz
ERR2124980	/data/DATA10TB/Rodri/16s_v2/reads/ERR2124980.fastq.gz
ERR2124981	/data/DATA10TB/Rodri/16s_v2/reads/ERR2124981.fastq.gz
ERR2124982	/data/DATA10TB/Rodri/16s_v2/reads/ERR2124982.fastq.gz
ERR2124983	/data/DATA10TB/Rodri/16s_v2/reads/ERR2124983.fastq.gz
ERR2124984	/data/DATA10TB/Rodri/16s_v2/reads/ERR2124984.fastq.gz
ERR2124985	/data/DATA10TB/Rodri/16s_v2/reads/ERR2124985.fastq.gz
ERR2124986	/data/DATA10TB/Rodri/16s_v2/reads/ERR2124986.fastq.gz
ERR2124987	/data/DATA10TB/Rodri/16s_v2/reads/ERR2124987.fastq.gz
ERR2124988	/data/DATA10TB/Rodri/16s_v2/reads/ERR2124988.fastq.gz
ERR2124989	/data/DATA10TB/Rodri/16s_v2/reads/ERR2124989.fastq.gz
ERR2124990	/data/DATA10TB/Rodri/16s_v2/reads/ERR2124990.fastq.gz
ERR2124991	/data/DATA10TB/Rodri/16s_v2/reads/ERR2124991.fastq.gz
ERR2124992	/data/DATA10TB/Rodri/16s_v2/reads/ERR2124992.fastq.gz
ERR2124993	/data/DATA10TB/Rodri/16s_v2/reads/ERR2124993.fastq.gz
ERR2124994	/data/DATA10TB/Rodri/16s_v2/reads/ERR2124994.fastq.gz
ERR2124995	/data/DATA10TB/Rodri/16s_v2/reads/ERR2124995.fastq.gz
ERR2124996	/data/DATA10TB/Rodri/16s_v2/reads/ERR2124996.fastq.gz
ERR2124997	/data/DATA10TB/Rodri/16s_v2/reads/ERR2124997.fastq.gz
ERR2124998	/data/DATA10TB/Rodri/16s_v2/reads/ERR2124998.fastq.gz
ERR2124999	/data/DATA10TB/Rodri/16s_v2/reads/ERR2124999.fastq.gz
ERR2125000	/data/DATA10TB/Rodri/16s_v2/reads/ERR2125000.fastq.gz
ERR2125001	/data/DATA10TB/Rodri/16s_v2/reads/ERR2125001.fastq.gz
ERR2125002	/data/DATA10TB/Rodri/16s_v2/reads/ERR2125002.fastq.gz
ERR2125003	/data/DATA10TB/Rodri/16s_v2/reads/ERR2125003.fastq.gz
ERR2125004	/data/DATA10TB/Rodri/16s_v2/reads/ERR2125004.fastq.gz
ERR2125005	/data/DATA10TB/Rodri/16s_v2/reads/ERR2125005.fastq.gz
