run_accession	study_accession	sample_accession	experiment_accession	tax_id	scientific_name	library_strategy	fastq_md5	fastq_ftp	submitted_ftp	bam_ftp
ERR2124854	PRJEB22679	SAMEA104306266	ERX2181706	749906	gut metagenome	AMPLICON	5ceac5b7871071c152fabea03adf26e3	ftp.sra.ebi.ac.uk/vol1/fastq/ERR212/004/ERR2124854/ERR2124854.fastq.gz	ftp.sra.ebi.ac.uk/vol1/run/ERR212/ERR2124854/11212.AC673.fastq.gz	
ERR2124860	PRJEB22679	SAMEA104306272	ERX2181712	749906	gut metagenome	AMPLICON	7d04dd30278359303d52bfc3db568ce1	ftp.sra.ebi.ac.uk/vol1/fastq/ERR212/000/ERR2124860/ERR2124860.fastq.gz	ftp.sra.ebi.ac.uk/vol1/run/ERR212/ERR2124860/11212.AC685.fastq.gz	
ERR2124868	PRJEB22679	SAMEA104306280	ERX2181720	749906	gut metagenome	AMPLICON	adde6c916158f943917f3efa81387c6b	ftp.sra.ebi.ac.uk/vol1/fastq/ERR212/008/ERR2124868/ERR2124868.fastq.gz	ftp.sra.ebi.ac.uk/vol1/run/ERR212/ERR2124868/11212.APF103.fastq.gz	
ERR2124877	PRJEB22679	SAMEA104306289	ERX2181729	749906	gut metagenome	AMPLICON	14457ce919f997186b29eb03560e63e2	ftp.sra.ebi.ac.uk/vol1/fastq/ERR212/007/ERR2124877/ERR2124877.fastq.gz	ftp.sra.ebi.ac.uk/vol1/run/ERR212/ERR2124877/11212.APX.37.fastq.gz	
ERR2124879	PRJEB22679	SAMEA104306291	ERX2181731	749906	gut metagenome	AMPLICON	1bb0fe3725ee6100842d12df6182fc35	ftp.sra.ebi.ac.uk/vol1/fastq/ERR212/009/ERR2124879/ERR2124879.fastq.gz	ftp.sra.ebi.ac.uk/vol1/run/ERR212/ERR2124879/11212.APX21.fastq.gz	
ERR2124883	PRJEB22679	SAMEA104306295	ERX2181735	749906	gut metagenome	AMPLICON	8a1025474cc5754d0d2ecf5a50a3085f	ftp.sra.ebi.ac.uk/vol1/fastq/ERR212/003/ERR2124883/ERR2124883.fastq.gz	ftp.sra.ebi.ac.uk/vol1/run/ERR212/ERR2124883/11212.Ahyb411.fastq.gz	
ERR2124884	PRJEB22679	SAMEA104306296	ERX2181736	749906	gut metagenome	AMPLICON	ee907ab5905c2ad64b33c9aede320638	ftp.sra.ebi.ac.uk/vol1/fastq/ERR212/004/ERR2124884/ERR2124884.fastq.gz	ftp.sra.ebi.ac.uk/vol1/run/ERR212/ERR2124884/11212.Apalw10.fastq.gz	
ERR2124888	PRJEB22679	SAMEA104306300	ERX2181740	749906	gut metagenome	AMPLICON	f3d4a3c6131e3c5de55427d7cc4e1516	ftp.sra.ebi.ac.uk/vol1/fastq/ERR212/008/ERR2124888/ERR2124888.fastq.gz	ftp.sra.ebi.ac.uk/vol1/run/ERR212/ERR2124888/11212.Apalw20.fastq.gz	
ERR2124892	PRJEB22679	SAMEA104306304	ERX2181744	749906	gut metagenome	AMPLICON	5182e7fabe563197b95f69127e739374	ftp.sra.ebi.ac.uk/vol1/fastq/ERR212/002/ERR2124892/ERR2124892.fastq.gz	ftp.sra.ebi.ac.uk/vol1/run/ERR212/ERR2124892/11212.Asen1013.fastq.gz	
ERR2124896	PRJEB22679	SAMEA104306308	ERX2181748	749906	gut metagenome	AMPLICON	d5f2e2769ab4499a4fc72d3f92382b5d	ftp.sra.ebi.ac.uk/vol1/fastq/ERR212/006/ERR2124896/ERR2124896.fastq.gz	ftp.sra.ebi.ac.uk/vol1/run/ERR212/ERR2124896/11212.Asen685.fastq.gz	
ERR2124898	PRJEB22679	SAMEA104306310	ERX2181750	749906	gut metagenome	AMPLICON	a5c41ad48d3c5f8e04c7751751412763	ftp.sra.ebi.ac.uk/vol1/fastq/ERR212/008/ERR2124898/ERR2124898.fastq.gz	ftp.sra.ebi.ac.uk/vol1/run/ERR212/ERR2124898/11212.AsenLink2.fastq.gz	
ERR2124906	PRJEB22679	SAMEA104306318	ERX2181758	749906	gut metagenome	AMPLICON	d2374e593dc137fa7a5d3b859e5e2633	ftp.sra.ebi.ac.uk/vol1/fastq/ERR212/006/ERR2124906/ERR2124906.fastq.gz	ftp.sra.ebi.ac.uk/vol1/run/ERR212/ERR2124906/11212.AtbelzLink5.fastq.gz	
ERR2124907	PRJEB22679	SAMEA104306319	ERX2181759	749906	gut metagenome	AMPLICON	be79c08592b70e997d6856c44a104575	ftp.sra.ebi.ac.uk/vol1/fastq/ERR212/007/ERR2124907/ERR2124907.fastq.gz	ftp.sra.ebi.ac.uk/vol1/run/ERR212/ERR2124907/11212.BWC2023.fastq.gz	
ERR2124911	PRJEB22679	SAMEA104306323	ERX2181763	749906	gut metagenome	AMPLICON	788949d970a7bb543be941b16965bf56	ftp.sra.ebi.ac.uk/vol1/fastq/ERR212/001/ERR2124911/ERR2124911.fastq.gz	ftp.sra.ebi.ac.uk/vol1/run/ERR212/ERR2124911/11212.BWC2115.fastq.gz	
ERR2124916	PRJEB22679	SAMEA104306328	ERX2181768	749906	gut metagenome	AMPLICON	33d11a54815c8df75aa960d1d3cf637a	ftp.sra.ebi.ac.uk/vol1/fastq/ERR212/006/ERR2124916/ERR2124916.fastq.gz	ftp.sra.ebi.ac.uk/vol1/run/ERR212/ERR2124916/11212.ERUB.108M.fastq.gz	
ERR2124919	PRJEB22679	SAMEA104306331	ERX2181771	749906	gut metagenome	AMPLICON	386dcc1178bb0df20f5209acb74b0f0f	ftp.sra.ebi.ac.uk/vol1/fastq/ERR212/009/ERR2124919/ERR2124919.fastq.gz	ftp.sra.ebi.ac.uk/vol1/run/ERR212/ERR2124919/11212.ERUB.14M.fastq.gz	
ERR2124922	PRJEB22679	SAMEA104306334	ERX2181774	749906	gut metagenome	AMPLICON	59b43d06f4288e2fd48c4612f9a9e816	ftp.sra.ebi.ac.uk/vol1/fastq/ERR212/002/ERR2124922/ERR2124922.fastq.gz	ftp.sra.ebi.ac.uk/vol1/run/ERR212/ERR2124922/11212.ERUB.33M.fastq.gz	
ERR2124925	PRJEB22679	SAMEA104306337	ERX2181777	749906	gut metagenome	AMPLICON	9f130b692b235612d82ae7acd20d4a86	ftp.sra.ebi.ac.uk/vol1/fastq/ERR212/005/ERR2124925/ERR2124925.fastq.gz	ftp.sra.ebi.ac.uk/vol1/run/ERR212/ERR2124925/11212.ERUB.79M.fastq.gz	
ERR2124933	PRJEB22679	SAMEA104306345	ERX2181785	749906	gut metagenome	AMPLICON	501280f865609fc6b0b65eb5d07dc78e	ftp.sra.ebi.ac.uk/vol1/fastq/ERR212/003/ERR2124933/ERR2124933.fastq.gz	ftp.sra.ebi.ac.uk/vol1/run/ERR212/ERR2124933/11212.Gor5.fastq.gz	
ERR2124935	PRJEB22679	SAMEA104306347	ERX2181787	749906	gut metagenome	AMPLICON	f208a9238791843a6011fb1e8516de78	ftp.sra.ebi.ac.uk/vol1/fastq/ERR212/005/ERR2124935/ERR2124935.fastq.gz	ftp.sra.ebi.ac.uk/vol1/run/ERR212/ERR2124935/11212.Gor7.fastq.gz	
ERR2124937	PRJEB22679	SAMEA104306349	ERX2181789	749906	gut metagenome	AMPLICON	b5c2293ff513a0f834d384add3a91975	ftp.sra.ebi.ac.uk/vol1/fastq/ERR212/007/ERR2124937/ERR2124937.fastq.gz	ftp.sra.ebi.ac.uk/vol1/run/ERR212/ERR2124937/11212.Gor9.fastq.gz	
ERR2124948	PRJEB22679	SAMEA104306360	ERX2181800	749906	gut metagenome	AMPLICON	e7a495a09b33b54ee6bb50a27db9bd80	ftp.sra.ebi.ac.uk/vol1/fastq/ERR212/008/ERR2124948/ERR2124948.fastq.gz	ftp.sra.ebi.ac.uk/vol1/run/ERR212/ERR2124948/11212.JB27.fastq.gz	
ERR2124950	PRJEB22679	SAMEA104306362	ERX2181802	749906	gut metagenome	AMPLICON	3b600bd6240218e6863e37adb61895da	ftp.sra.ebi.ac.uk/vol1/fastq/ERR212/000/ERR2124950/ERR2124950.fastq.gz	ftp.sra.ebi.ac.uk/vol1/run/ERR212/ERR2124950/11212.JB29.fastq.gz	
ERR2124955	PRJEB22679	SAMEA104306367	ERX2181807	749906	gut metagenome	AMPLICON	8df0f50f463288bb0b06eb9cad23f77f	ftp.sra.ebi.ac.uk/vol1/fastq/ERR212/005/ERR2124955/ERR2124955.fastq.gz	ftp.sra.ebi.ac.uk/vol1/run/ERR212/ERR2124955/11212.JB34.fastq.gz	
ERR2124965	PRJEB22679	SAMEA104306377	ERX2181817	749906	gut metagenome	AMPLICON	58a65ec263bb928345068bc60967a3d3	ftp.sra.ebi.ac.uk/vol1/fastq/ERR212/005/ERR2124965/ERR2124965.fastq.gz	ftp.sra.ebi.ac.uk/vol1/run/ERR212/ERR2124965/11212.Lc23.fastq.gz	
ERR2124967	PRJEB22679	SAMEA104306379	ERX2181819	749906	gut metagenome	AMPLICON	cfd81a81c62818f439d62825b476ab2a	ftp.sra.ebi.ac.uk/vol1/fastq/ERR212/007/ERR2124967/ERR2124967.fastq.gz	ftp.sra.ebi.ac.uk/vol1/run/ERR212/ERR2124967/11212.Lc268.fastq.gz	
ERR2124970	PRJEB22679	SAMEA104306382	ERX2181822	749906	gut metagenome	AMPLICON	a3054423ea77c5198668cda094332b8c	ftp.sra.ebi.ac.uk/vol1/fastq/ERR212/000/ERR2124970/ERR2124970.fastq.gz	ftp.sra.ebi.ac.uk/vol1/run/ERR212/ERR2124970/11212.Lc318.fastq.gz	
ERR2124978	PRJEB22679	SAMEA104306390	ERX2181830	749906	gut metagenome	AMPLICON	9cdfe371165834423ff35c80b4de1964	ftp.sra.ebi.ac.uk/vol1/fastq/ERR212/008/ERR2124978/ERR2124978.fastq.gz	ftp.sra.ebi.ac.uk/vol1/run/ERR212/ERR2124978/11212.PVQui.fastq.gz	
ERR2124981	PRJEB22679	SAMEA104306393	ERX2181833	749906	gut metagenome	AMPLICON	e8b45d27043affd48dcde8c909425d15	ftp.sra.ebi.ac.uk/vol1/fastq/ERR212/001/ERR2124981/ERR2124981.fastq.gz	ftp.sra.ebi.ac.uk/vol1/run/ERR212/ERR2124981/11212.Ptr11.fastq.gz	
ERR2124982	PRJEB22679	SAMEA104306394	ERX2181834	749906	gut metagenome	AMPLICON	122c07338f6e369209a003e663fde53d	ftp.sra.ebi.ac.uk/vol1/fastq/ERR212/002/ERR2124982/ERR2124982.fastq.gz	ftp.sra.ebi.ac.uk/vol1/run/ERR212/ERR2124982/11212.Ptr13.fastq.gz	
ERR2124987	PRJEB22679	SAMEA104306399	ERX2181839	749906	gut metagenome	AMPLICON	80f1038f510502d21adc6741ce7e10bf	ftp.sra.ebi.ac.uk/vol1/fastq/ERR212/007/ERR2124987/ERR2124987.fastq.gz	ftp.sra.ebi.ac.uk/vol1/run/ERR212/ERR2124987/11212.Ptr4.fastq.gz	
ERR2125000	PRJEB22679	SAMEA104306412	ERX2181852	749906	gut metagenome	AMPLICON	1c0069b50584ca628202d1568948c829	ftp.sra.ebi.ac.uk/vol1/fastq/ERR212/000/ERR2125000/ERR2125000.fastq.gz	ftp.sra.ebi.ac.uk/vol1/run/ERR212/ERR2125000/11212.RT2017.fastq.gz	
ERR2125001	PRJEB22679	SAMEA104306413	ERX2181853	749906	gut metagenome	AMPLICON	b19e2761ba8b731934a29b6367fbbcdb	ftp.sra.ebi.ac.uk/vol1/fastq/ERR212/001/ERR2125001/ERR2125001.fastq.gz	ftp.sra.ebi.ac.uk/vol1/run/ERR212/ERR2125001/11212.RT2019.fastq.gz	
ERR2125005	PRJEB22679	SAMEA104306417	ERX2181857	749906	gut metagenome	AMPLICON	26a20148aadb511c1522e19313d90fe7	ftp.sra.ebi.ac.uk/vol1/fastq/ERR212/005/ERR2125005/ERR2125005.fastq.gz	ftp.sra.ebi.ac.uk/vol1/run/ERR212/ERR2125005/11212.RT2135.fastq.gz	
ERR2144937	PRJEB22679	SAMEA104306279	ERX2201470	749906	gut metagenome	OTHER	c3fe9309f84a0f8e7364ffba4da5408a	ftp.sra.ebi.ac.uk/vol1/fastq/ERR214/007/ERR2144937/ERR2144937.fastq.gz	ftp.sra.ebi.ac.uk/vol1/run/ERR214/ERR2144937/11212.APAL39.fastq.gz	
ERR2144951	PRJEB22679	SAMEA104306297	ERX2201484	749906	gut metagenome	OTHER	2037deb8dded0673139b7ecc56f6c094	ftp.sra.ebi.ac.uk/vol1/fastq/ERR214/001/ERR2144951/ERR2144951.fastq.gz	ftp.sra.ebi.ac.uk/vol1/run/ERR214/ERR2144951/11212.Apalw13.fastq.gz	
ERR2144968	PRJEB22679	SAMEA104306323	ERX2201501	749906	gut metagenome	OTHER	d04196288eea50a95fb72c58eeb3a2f9	ftp.sra.ebi.ac.uk/vol1/fastq/ERR214/008/ERR2144968/ERR2144968.fastq.gz	ftp.sra.ebi.ac.uk/vol1/run/ERR214/ERR2144968/11212.BWC2115.fastq.gz	
ERR2144971	PRJEB22679	SAMEA104325001	ERX2201504	749906	gut metagenome	OTHER	d96c97b529e503ca9036a0386546af3c	ftp.sra.ebi.ac.uk/vol1/fastq/ERR214/001/ERR2144971/ERR2144971.fastq.gz	ftp.sra.ebi.ac.uk/vol1/run/ERR214/ERR2144971/11212.ERUB.10M.fastq.gz	
ERR2144975	PRJEB22679	SAMEA104306340	ERX2201508	749906	gut metagenome	OTHER	f7b3a305e061e865d8da4ffc516f6303	ftp.sra.ebi.ac.uk/vol1/fastq/ERR214/005/ERR2144975/ERR2144975.fastq.gz	ftp.sra.ebi.ac.uk/vol1/run/ERR214/ERR2144975/11212.Gor11.fastq.gz	
ERR2144977	PRJEB22679	SAMEA104306342	ERX2201510	749906	gut metagenome	OTHER	5661ae7aae8da1977b4c910d14ae4395	ftp.sra.ebi.ac.uk/vol1/fastq/ERR214/007/ERR2144977/ERR2144977.fastq.gz	ftp.sra.ebi.ac.uk/vol1/run/ERR214/ERR2144977/11212.Gor2.fastq.gz	
ERR2144979	PRJEB22679	SAMEA104306350	ERX2201512	749906	gut metagenome	OTHER	59c45234c0b64c7b1176ee0951902f29	ftp.sra.ebi.ac.uk/vol1/fastq/ERR214/009/ERR2144979/ERR2144979.fastq.gz	ftp.sra.ebi.ac.uk/vol1/run/ERR214/ERR2144979/11212.JB1.fastq.gz	
ERR2144989	PRJEB22679	SAMEA104306361	ERX2201522	749906	gut metagenome	OTHER	307a900b96a6baea3c2a443e30191f39	ftp.sra.ebi.ac.uk/vol1/fastq/ERR214/009/ERR2144989/ERR2144989.fastq.gz	ftp.sra.ebi.ac.uk/vol1/run/ERR214/ERR2144989/11212.JB28.fastq.gz	
ERR2144992	PRJEB22679	SAMEA104306366	ERX2201525	749906	gut metagenome	OTHER	2a22351153d60623c99690c4b45f7abd	ftp.sra.ebi.ac.uk/vol1/fastq/ERR214/002/ERR2144992/ERR2144992.fastq.gz	ftp.sra.ebi.ac.uk/vol1/run/ERR214/ERR2144992/11212.JB32.fastq.gz	
ERR2144995	PRJEB22679	SAMEA104306372	ERX2201528	749906	gut metagenome	OTHER	b10803190b95d293cce800661dbc5268	ftp.sra.ebi.ac.uk/vol1/fastq/ERR214/005/ERR2144995/ERR2144995.fastq.gz	ftp.sra.ebi.ac.uk/vol1/run/ERR214/ERR2144995/11212.LagAb2.fastq.gz	
ERR2144998	PRJEB22679	SAMEA104325003	ERX2201531	749906	gut metagenome	OTHER	1e265209acd9a211d9268e1f735f1e51	ftp.sra.ebi.ac.uk/vol1/fastq/ERR214/008/ERR2144998/ERR2144998.fastq.gz	ftp.sra.ebi.ac.uk/vol1/run/ERR214/ERR2144998/11212.LagEllis5.fastq.gz	
ERR2145002	PRJEB22679	SAMEA104325005	ERX2201535	749906	gut metagenome	OTHER	017d73d698f0979346e5670f6eacfb0d	ftp.sra.ebi.ac.uk/vol1/fastq/ERR214/002/ERR2145002/ERR2145002.fastq.gz	ftp.sra.ebi.ac.uk/vol1/run/ERR214/ERR2145002/11212.Lc308.fastq.gz	
ERR2145004	PRJEB22679	SAMEA104306385	ERX2201537	749906	gut metagenome	OTHER	97ab2f9a2220451029e81169ee10345b	ftp.sra.ebi.ac.uk/vol1/fastq/ERR214/004/ERR2145004/ERR2145004.fastq.gz	ftp.sra.ebi.ac.uk/vol1/run/ERR214/ERR2145004/11212.PTr14.fastq.gz	
ERR2145013	PRJEB22679	SAMEA104306394	ERX2201546	749906	gut metagenome	OTHER	78d9d6544940a56065a80965dab43b59	ftp.sra.ebi.ac.uk/vol1/fastq/ERR214/003/ERR2145013/ERR2145013.fastq.gz	ftp.sra.ebi.ac.uk/vol1/run/ERR214/ERR2145013/11212.Ptr13.fastq.gz	
ERR2145017	PRJEB22679	SAMEA104306406	ERX2201550	749906	gut metagenome	OTHER	d0dd8916fdf91be9251ad9eab91df1cd	ftp.sra.ebi.ac.uk/vol1/fastq/ERR214/007/ERR2145017/ERR2145017.fastq.gz	ftp.sra.ebi.ac.uk/vol1/run/ERR214/ERR2145017/11212.RC2096.fastq.gz	
ERR2145018	PRJEB22679	SAMEA104306407	ERX2201551	749906	gut metagenome	OTHER	86dbd493eaedb9fd7578991d71458ab6	ftp.sra.ebi.ac.uk/vol1/fastq/ERR214/008/ERR2145018/ERR2145018.fastq.gz	ftp.sra.ebi.ac.uk/vol1/run/ERR214/ERR2145018/11212.RC2098.fastq.gz	
ERR2145020	PRJEB22679	SAMEA104306412	ERX2201553	749906	gut metagenome	OTHER	1eeec513a06c0c8e2d2531a07df6d2d9	ftp.sra.ebi.ac.uk/vol1/fastq/ERR214/000/ERR2145020/ERR2145020.fastq.gz	ftp.sra.ebi.ac.uk/vol1/run/ERR214/ERR2145020/11212.RT2017.fastq.gz	
ERR2124855	PRJEB22679	SAMEA104306267	ERX2181707	749906	gut metagenome	AMPLICON	66a6259ac437968c605ad6b7c7aa8dc0	ftp.sra.ebi.ac.uk/vol1/fastq/ERR212/005/ERR2124855/ERR2124855.fastq.gz	ftp.sra.ebi.ac.uk/vol1/run/ERR212/ERR2124855/11212.AC674.fastq.gz	
ERR2124859	PRJEB22679	SAMEA104306271	ERX2181711	749906	gut metagenome	AMPLICON	24117d86da8570891175c44d26f8f49d	ftp.sra.ebi.ac.uk/vol1/fastq/ERR212/009/ERR2124859/ERR2124859.fastq.gz	ftp.sra.ebi.ac.uk/vol1/run/ERR212/ERR2124859/11212.AC684.fastq.gz	
ERR2124863	PRJEB22679	SAMEA104306275	ERX2181715	749906	gut metagenome	AMPLICON	5cb78d22ce639a4cc76e8d1734f30c0b	ftp.sra.ebi.ac.uk/vol1/fastq/ERR212/003/ERR2124863/ERR2124863.fastq.gz	ftp.sra.ebi.ac.uk/vol1/run/ERR212/ERR2124863/11212.AC711.fastq.gz	
ERR2124870	PRJEB22679	SAMEA104306282	ERX2181722	749906	gut metagenome	AMPLICON	1bfde8e78267006c22905e2df1232955	ftp.sra.ebi.ac.uk/vol1/fastq/ERR212/000/ERR2124870/ERR2124870.fastq.gz	ftp.sra.ebi.ac.uk/vol1/run/ERR212/ERR2124870/11212.APF108.fastq.gz	
ERR2124873	PRJEB22679	SAMEA104306285	ERX2181725	749906	gut metagenome	AMPLICON	0e8f760be29b054c6f2a90b314c4dab6	ftp.sra.ebi.ac.uk/vol1/fastq/ERR212/003/ERR2124873/ERR2124873.fastq.gz	ftp.sra.ebi.ac.uk/vol1/run/ERR212/ERR2124873/11212.APF113.fastq.gz	
ERR2124874	PRJEB22679	SAMEA104306286	ERX2181726	749906	gut metagenome	AMPLICON	ef633ccd7cb9182b5f8863ca1c8b9f72	ftp.sra.ebi.ac.uk/vol1/fastq/ERR212/004/ERR2124874/ERR2124874.fastq.gz	ftp.sra.ebi.ac.uk/vol1/run/ERR212/ERR2124874/11212.APF115.fastq.gz	
ERR2124875	PRJEB22679	SAMEA104306287	ERX2181727	749906	gut metagenome	AMPLICON	47965dacb704c4d84e08fa4ce756c9d9	ftp.sra.ebi.ac.uk/vol1/fastq/ERR212/005/ERR2124875/ERR2124875.fastq.gz	ftp.sra.ebi.ac.uk/vol1/run/ERR212/ERR2124875/11212.APF116.fastq.gz	
ERR2124880	PRJEB22679	SAMEA104306292	ERX2181732	749906	gut metagenome	AMPLICON	89a2eb9dc5734c6b1dd99bd19f7575c2	ftp.sra.ebi.ac.uk/vol1/fastq/ERR212/000/ERR2124880/ERR2124880.fastq.gz	ftp.sra.ebi.ac.uk/vol1/run/ERR212/ERR2124880/11212.APX38.fastq.gz	
ERR2124885	PRJEB22679	SAMEA104306297	ERX2181737	749906	gut metagenome	AMPLICON	860ea7a8c951d106c25916de401e1305	ftp.sra.ebi.ac.uk/vol1/fastq/ERR212/005/ERR2124885/ERR2124885.fastq.gz	ftp.sra.ebi.ac.uk/vol1/run/ERR212/ERR2124885/11212.Apalw13.fastq.gz	
ERR2124887	PRJEB22679	SAMEA104306299	ERX2181739	749906	gut metagenome	AMPLICON	54701f24438b9ef53c0bbe6afa72a658	ftp.sra.ebi.ac.uk/vol1/fastq/ERR212/007/ERR2124887/ERR2124887.fastq.gz	ftp.sra.ebi.ac.uk/vol1/run/ERR212/ERR2124887/11212.Apalw19.fastq.gz	
ERR2124889	PRJEB22679	SAMEA104306301	ERX2181741	749906	gut metagenome	AMPLICON	89ecc144482b540392cdd6bab0a7a150	ftp.sra.ebi.ac.uk/vol1/fastq/ERR212/009/ERR2124889/ERR2124889.fastq.gz	ftp.sra.ebi.ac.uk/vol1/run/ERR212/ERR2124889/11212.Apalw23.fastq.gz	
ERR2124890	PRJEB22679	SAMEA104306302	ERX2181742	749906	gut metagenome	AMPLICON	aa3180b2090615a20d35481de0643ce2	ftp.sra.ebi.ac.uk/vol1/fastq/ERR212/000/ERR2124890/ERR2124890.fastq.gz	ftp.sra.ebi.ac.uk/vol1/run/ERR212/ERR2124890/11212.Apalw8.fastq.gz	
ERR2124895	PRJEB22679	SAMEA104306307	ERX2181747	749906	gut metagenome	AMPLICON	964e917f7abc15034d66575382290592	ftp.sra.ebi.ac.uk/vol1/fastq/ERR212/005/ERR2124895/ERR2124895.fastq.gz	ftp.sra.ebi.ac.uk/vol1/run/ERR212/ERR2124895/11212.Asen1118.fastq.gz	
ERR2124897	PRJEB22679	SAMEA104306309	ERX2181749	749906	gut metagenome	AMPLICON	a4f9dcf3f3cecbd49a70d232b456b82e	ftp.sra.ebi.ac.uk/vol1/fastq/ERR212/007/ERR2124897/ERR2124897.fastq.gz	ftp.sra.ebi.ac.uk/vol1/run/ERR212/ERR2124897/11212.AsenLink1.fastq.gz	
ERR2124899	PRJEB22679	SAMEA104306311	ERX2181751	749906	gut metagenome	AMPLICON	0173e40ae9230fdb65d979b2dfd71e28	ftp.sra.ebi.ac.uk/vol1/fastq/ERR212/009/ERR2124899/ERR2124899.fastq.gz	ftp.sra.ebi.ac.uk/vol1/run/ERR212/ERR2124899/11212.AsenLink3.fastq.gz	
ERR2124902	PRJEB22679	SAMEA104306314	ERX2181754	749906	gut metagenome	AMPLICON	5ada89a5e686736e66d1fef5580f5255	ftp.sra.ebi.ac.uk/vol1/fastq/ERR212/002/ERR2124902/ERR2124902.fastq.gz	ftp.sra.ebi.ac.uk/vol1/run/ERR212/ERR2124902/11212.AtbelzLink1.fastq.gz	
ERR2124904	PRJEB22679	SAMEA104306316	ERX2181756	749906	gut metagenome	AMPLICON	021075ec873a45661e7cd5a8572b98a5	ftp.sra.ebi.ac.uk/vol1/fastq/ERR212/004/ERR2124904/ERR2124904.fastq.gz	ftp.sra.ebi.ac.uk/vol1/run/ERR212/ERR2124904/11212.AtbelzLink3.fastq.gz	
ERR2124910	PRJEB22679	SAMEA104306322	ERX2181762	749906	gut metagenome	AMPLICON	97d429e05f6e790282ca391f2c9cf0bc	ftp.sra.ebi.ac.uk/vol1/fastq/ERR212/000/ERR2124910/ERR2124910.fastq.gz	ftp.sra.ebi.ac.uk/vol1/run/ERR212/ERR2124910/11212.BWC2063.fastq.gz	
ERR2124913	PRJEB22679	SAMEA104306325	ERX2181765	749906	gut metagenome	AMPLICON	69cee7f08f465b8bd0df182ada6950b2	ftp.sra.ebi.ac.uk/vol1/fastq/ERR212/003/ERR2124913/ERR2124913.fastq.gz	ftp.sra.ebi.ac.uk/vol1/run/ERR212/ERR2124913/11212.BWC2341.fastq.gz	
ERR2124918	PRJEB22679	SAMEA104306330	ERX2181770	749906	gut metagenome	AMPLICON	e2d100ce764ce1f6e04e210e8664f71e	ftp.sra.ebi.ac.uk/vol1/fastq/ERR212/008/ERR2124918/ERR2124918.fastq.gz	ftp.sra.ebi.ac.uk/vol1/run/ERR212/ERR2124918/11212.ERUB.13M.fastq.gz	
ERR2124920	PRJEB22679	SAMEA104306332	ERX2181772	749906	gut metagenome	AMPLICON	fb221e2e42d54405e972648ac2264b72	ftp.sra.ebi.ac.uk/vol1/fastq/ERR212/000/ERR2124920/ERR2124920.fastq.gz	ftp.sra.ebi.ac.uk/vol1/run/ERR212/ERR2124920/11212.ERUB.20M.fastq.gz	
ERR2124927	PRJEB22679	SAMEA104306339	ERX2181779	749906	gut metagenome	AMPLICON	9a0b9c2a64e40dd129358c242478f048	ftp.sra.ebi.ac.uk/vol1/fastq/ERR212/007/ERR2124927/ERR2124927.fastq.gz	ftp.sra.ebi.ac.uk/vol1/run/ERR212/ERR2124927/11212.Gor1.fastq.gz	
ERR2124929	PRJEB22679	SAMEA104306341	ERX2181781	749906	gut metagenome	AMPLICON	5ab9cc146b16ea47daf3761d52d68a63	ftp.sra.ebi.ac.uk/vol1/fastq/ERR212/009/ERR2124929/ERR2124929.fastq.gz	ftp.sra.ebi.ac.uk/vol1/run/ERR212/ERR2124929/11212.Gor12.fastq.gz	
ERR2124945	PRJEB22679	SAMEA104306357	ERX2181797	749906	gut metagenome	AMPLICON	1dbbd7b6ad8e4f36158dbbc5c002c463	ftp.sra.ebi.ac.uk/vol1/fastq/ERR212/005/ERR2124945/ERR2124945.fastq.gz	ftp.sra.ebi.ac.uk/vol1/run/ERR212/ERR2124945/11212.JB24.fastq.gz	
ERR2124947	PRJEB22679	SAMEA104306359	ERX2181799	749906	gut metagenome	AMPLICON	db021d02462b230237d5fd7cd36e7bbc	ftp.sra.ebi.ac.uk/vol1/fastq/ERR212/007/ERR2124947/ERR2124947.fastq.gz	ftp.sra.ebi.ac.uk/vol1/run/ERR212/ERR2124947/11212.JB26.fastq.gz	
ERR2124952	PRJEB22679	SAMEA104306364	ERX2181804	749906	gut metagenome	AMPLICON	f5d878653880d99c8b3b4f787025b75a	ftp.sra.ebi.ac.uk/vol1/fastq/ERR212/002/ERR2124952/ERR2124952.fastq.gz	ftp.sra.ebi.ac.uk/vol1/run/ERR212/ERR2124952/11212.JB30.fastq.gz	
ERR2124954	PRJEB22679	SAMEA104306366	ERX2181806	749906	gut metagenome	AMPLICON	31372b1c970b6969d21cc7a48b613db9	ftp.sra.ebi.ac.uk/vol1/fastq/ERR212/004/ERR2124954/ERR2124954.fastq.gz	ftp.sra.ebi.ac.uk/vol1/run/ERR212/ERR2124954/11212.JB32.fastq.gz	
ERR2124957	PRJEB22679	SAMEA104306369	ERX2181809	749906	gut metagenome	AMPLICON	fece18134c42d07923e90f0a41bdc01f	ftp.sra.ebi.ac.uk/vol1/fastq/ERR212/007/ERR2124957/ERR2124957.fastq.gz	ftp.sra.ebi.ac.uk/vol1/run/ERR212/ERR2124957/11212.JB4.fastq.gz	
ERR2124958	PRJEB22679	SAMEA104306370	ERX2181810	749906	gut metagenome	AMPLICON	41336e8c57c8a8b05a37cbbba07af658	ftp.sra.ebi.ac.uk/vol1/fastq/ERR212/008/ERR2124958/ERR2124958.fastq.gz	ftp.sra.ebi.ac.uk/vol1/run/ERR212/ERR2124958/11212.JB8.fastq.gz	
ERR2124960	PRJEB22679	SAMEA104306372	ERX2181812	749906	gut metagenome	AMPLICON	33a507300f383833b890837db17b680f	ftp.sra.ebi.ac.uk/vol1/fastq/ERR212/000/ERR2124960/ERR2124960.fastq.gz	ftp.sra.ebi.ac.uk/vol1/run/ERR212/ERR2124960/11212.LagAb2.fastq.gz	
ERR2124962	PRJEB22679	SAMEA104306374	ERX2181814	749906	gut metagenome	AMPLICON	a10676567248d135e595a9653f1b310f	ftp.sra.ebi.ac.uk/vol1/fastq/ERR212/002/ERR2124962/ERR2124962.fastq.gz	ftp.sra.ebi.ac.uk/vol1/run/ERR212/ERR2124962/11212.LagEllis4.fastq.gz	
ERR2124968	PRJEB22679	SAMEA104306380	ERX2181820	749906	gut metagenome	AMPLICON	cb4824b2bf5bf8ea213440a009ea0a10	ftp.sra.ebi.ac.uk/vol1/fastq/ERR212/008/ERR2124968/ERR2124968.fastq.gz	ftp.sra.ebi.ac.uk/vol1/run/ERR212/ERR2124968/11212.Lc301.fastq.gz	
ERR2124973	PRJEB22679	SAMEA104306385	ERX2181825	749906	gut metagenome	AMPLICON	03da8d34d6390d7647e8658a5ae966f2	ftp.sra.ebi.ac.uk/vol1/fastq/ERR212/003/ERR2124973/ERR2124973.fastq.gz	ftp.sra.ebi.ac.uk/vol1/run/ERR212/ERR2124973/11212.PTr14.fastq.gz	
ERR2124980	PRJEB22679	SAMEA104306392	ERX2181832	749906	gut metagenome	AMPLICON	abb837046735d85c8c6594b947a57fc7	ftp.sra.ebi.ac.uk/vol1/fastq/ERR212/000/ERR2124980/ERR2124980.fastq.gz	ftp.sra.ebi.ac.uk/vol1/run/ERR212/ERR2124980/11212.Ptr10.fastq.gz	
ERR2124996	PRJEB22679	SAMEA104306408	ERX2181848	749906	gut metagenome	AMPLICON	bb82d44f06319d53705d07e44e804c4a	ftp.sra.ebi.ac.uk/vol1/fastq/ERR212/006/ERR2124996/ERR2124996.fastq.gz	ftp.sra.ebi.ac.uk/vol1/run/ERR212/ERR2124996/11212.RC2137.fastq.gz	
ERR2124997	PRJEB22679	SAMEA104306409	ERX2181849	749906	gut metagenome	AMPLICON	1e3410ff46d13d558e2e51c1b5fd3ef6	ftp.sra.ebi.ac.uk/vol1/fastq/ERR212/007/ERR2124997/ERR2124997.fastq.gz	ftp.sra.ebi.ac.uk/vol1/run/ERR212/ERR2124997/11212.RC2138.fastq.gz	
ERR2125003	PRJEB22679	SAMEA104306415	ERX2181855	749906	gut metagenome	AMPLICON	9d41df28a0b0a23f978399fcc961c57f	ftp.sra.ebi.ac.uk/vol1/fastq/ERR212/003/ERR2125003/ERR2125003.fastq.gz	ftp.sra.ebi.ac.uk/vol1/run/ERR212/ERR2125003/11212.RT2048.fastq.gz	
ERR2144931	PRJEB22679	SAMEA104324991	ERX2201464	749906	gut metagenome	OTHER	508ffca72726414c1ea2e30891011a85	ftp.sra.ebi.ac.uk/vol1/fastq/ERR214/001/ERR2144931/ERR2144931.fastq.gz	ftp.sra.ebi.ac.uk/vol1/run/ERR214/ERR2144931/11212.AC665.fastq.gz	
ERR2144935	PRJEB22679	SAMEA104306277	ERX2201468	749906	gut metagenome	OTHER	948ab156679c38338dfe920cad21d147	ftp.sra.ebi.ac.uk/vol1/fastq/ERR214/005/ERR2144935/ERR2144935.fastq.gz	ftp.sra.ebi.ac.uk/vol1/run/ERR214/ERR2144935/11212.APAL37.fastq.gz	
ERR2144936	PRJEB22679	SAMEA104306278	ERX2201469	749906	gut metagenome	OTHER	5b534b2baf8dc1ccfb93c778b4c92cf6	ftp.sra.ebi.ac.uk/vol1/fastq/ERR214/006/ERR2144936/ERR2144936.fastq.gz	ftp.sra.ebi.ac.uk/vol1/run/ERR214/ERR2144936/11212.APAL38.fastq.gz	
ERR2144938	PRJEB22679	SAMEA104306280	ERX2201471	749906	gut metagenome	OTHER	a829f0cf0d703f757f6a62bb140826f4	ftp.sra.ebi.ac.uk/vol1/fastq/ERR214/008/ERR2144938/ERR2144938.fastq.gz	ftp.sra.ebi.ac.uk/vol1/run/ERR214/ERR2144938/11212.APF103.fastq.gz	
ERR2144939	PRJEB22679	SAMEA104306281	ERX2201472	749906	gut metagenome	OTHER	ad34b95b850dced11c687c1162701c1a	ftp.sra.ebi.ac.uk/vol1/fastq/ERR214/009/ERR2144939/ERR2144939.fastq.gz	ftp.sra.ebi.ac.uk/vol1/run/ERR214/ERR2144939/11212.APF104.fastq.gz	
ERR2144940	PRJEB22679	SAMEA104324993	ERX2201473	749906	gut metagenome	OTHER	164de37bb9521b6a6c60172468ff5f75	ftp.sra.ebi.ac.uk/vol1/fastq/ERR214/000/ERR2144940/ERR2144940.fastq.gz	ftp.sra.ebi.ac.uk/vol1/run/ERR214/ERR2144940/11212.APF105.fastq.gz	
ERR2144946	PRJEB22679	SAMEA104306293	ERX2201479	749906	gut metagenome	OTHER	06343a530adb55ae4876ecd1bdd6d603	ftp.sra.ebi.ac.uk/vol1/fastq/ERR214/006/ERR2144946/ERR2144946.fastq.gz	ftp.sra.ebi.ac.uk/vol1/run/ERR214/ERR2144946/11212.Ahyb1000.fastq.gz	
ERR2144949	PRJEB22679	SAMEA104324999	ERX2201482	749906	gut metagenome	OTHER	638dcdb80549808d8d1969450cbf3d20	ftp.sra.ebi.ac.uk/vol1/fastq/ERR214/009/ERR2144949/ERR2144949.fastq.gz	ftp.sra.ebi.ac.uk/vol1/run/ERR214/ERR2144949/11212.Ahyb401.fastq.gz	
ERR2144952	PRJEB22679	SAMEA104306298	ERX2201485	749906	gut metagenome	OTHER	c17bf739b2d86f6eaa55bf40820a70a4	ftp.sra.ebi.ac.uk/vol1/fastq/ERR214/002/ERR2144952/ERR2144952.fastq.gz	ftp.sra.ebi.ac.uk/vol1/run/ERR214/ERR2144952/11212.Apalw14.fastq.gz	
ERR2144954	PRJEB22679	SAMEA104306308	ERX2201487	749906	gut metagenome	OTHER	cf47ccee84c09e182458bb47c4aaa40c	ftp.sra.ebi.ac.uk/vol1/fastq/ERR214/004/ERR2144954/ERR2144954.fastq.gz	ftp.sra.ebi.ac.uk/vol1/run/ERR214/ERR2144954/11212.Asen685.fastq.gz	
ERR2144955	PRJEB22679	SAMEA104306309	ERX2201488	749906	gut metagenome	OTHER	f823a697bc0e3f1a2705d22bddb471d4	ftp.sra.ebi.ac.uk/vol1/fastq/ERR214/005/ERR2144955/ERR2144955.fastq.gz	ftp.sra.ebi.ac.uk/vol1/run/ERR214/ERR2144955/11212.AsenLink1.fastq.gz	
ERR2144960	PRJEB22679	SAMEA104306315	ERX2201493	749906	gut metagenome	OTHER	faca5e15b3db5659973bab47b4684e76	ftp.sra.ebi.ac.uk/vol1/fastq/ERR214/000/ERR2144960/ERR2144960.fastq.gz	ftp.sra.ebi.ac.uk/vol1/run/ERR214/ERR2144960/11212.AtbelzLink2.fastq.gz	
ERR2144964	PRJEB22679	SAMEA104306319	ERX2201497	749906	gut metagenome	OTHER	480ae8098792746808c3b9f9ea70afaa	ftp.sra.ebi.ac.uk/vol1/fastq/ERR214/004/ERR2144964/ERR2144964.fastq.gz	ftp.sra.ebi.ac.uk/vol1/run/ERR214/ERR2144964/11212.BWC2023.fastq.gz	
ERR2144965	PRJEB22679	SAMEA104306320	ERX2201498	749906	gut metagenome	OTHER	b523cfcfbc8578b85b799447172a4a91	ftp.sra.ebi.ac.uk/vol1/fastq/ERR214/005/ERR2144965/ERR2144965.fastq.gz	ftp.sra.ebi.ac.uk/vol1/run/ERR214/ERR2144965/11212.BWC2026.fastq.gz	
ERR2144970	PRJEB22679	SAMEA104306327	ERX2201503	749906	gut metagenome	OTHER	38b0a42de7516952b8474ce0829e43bc	ftp.sra.ebi.ac.uk/vol1/fastq/ERR214/000/ERR2144970/ERR2144970.fastq.gz	ftp.sra.ebi.ac.uk/vol1/run/ERR214/ERR2144970/11212.ERUB.105M.fastq.gz	
ERR2144974	PRJEB22679	SAMEA104306339	ERX2201507	749906	gut metagenome	OTHER	14fa7d47c558d4504c02872c4630796b	ftp.sra.ebi.ac.uk/vol1/fastq/ERR214/004/ERR2144974/ERR2144974.fastq.gz	ftp.sra.ebi.ac.uk/vol1/run/ERR214/ERR2144974/11212.Gor1.fastq.gz	
ERR2144976	PRJEB22679	SAMEA104306341	ERX2201509	749906	gut metagenome	OTHER	bfe8703724703331695b120656b0a078	ftp.sra.ebi.ac.uk/vol1/fastq/ERR214/006/ERR2144976/ERR2144976.fastq.gz	ftp.sra.ebi.ac.uk/vol1/run/ERR214/ERR2144976/11212.Gor12.fastq.gz	
ERR2144978	PRJEB22679	SAMEA104306343	ERX2201511	749906	gut metagenome	OTHER	33f33f9d4857fa4bc97f526be4ab46a1	ftp.sra.ebi.ac.uk/vol1/fastq/ERR214/008/ERR2144978/ERR2144978.fastq.gz	ftp.sra.ebi.ac.uk/vol1/run/ERR214/ERR2144978/11212.Gor3.fastq.gz	
ERR2144980	PRJEB22679	SAMEA104325002	ERX2201513	749906	gut metagenome	OTHER	d3595cdcdd61a9986e2072c68c115bda	ftp.sra.ebi.ac.uk/vol1/fastq/ERR214/000/ERR2144980/ERR2144980.fastq.gz	ftp.sra.ebi.ac.uk/vol1/run/ERR214/ERR2144980/11212.JB10.fastq.gz	
ERR2144981	PRJEB22679	SAMEA104306351	ERX2201514	749906	gut metagenome	OTHER	26f513d9aa34fc93d3a4893fa30ce32d	ftp.sra.ebi.ac.uk/vol1/fastq/ERR214/001/ERR2144981/ERR2144981.fastq.gz	ftp.sra.ebi.ac.uk/vol1/run/ERR214/ERR2144981/11212.JB12.fastq.gz	
ERR2144984	PRJEB22679	SAMEA104306354	ERX2201517	749906	gut metagenome	OTHER	8842cd44b6b8e90bc2dd44f5372e3a31	ftp.sra.ebi.ac.uk/vol1/fastq/ERR214/004/ERR2144984/ERR2144984.fastq.gz	ftp.sra.ebi.ac.uk/vol1/run/ERR214/ERR2144984/11212.JB17.fastq.gz	
ERR2144986	PRJEB22679	SAMEA104306357	ERX2201519	749906	gut metagenome	OTHER	215d9c782b4579aa46a8842cd38c3e77	ftp.sra.ebi.ac.uk/vol1/fastq/ERR214/006/ERR2144986/ERR2144986.fastq.gz	ftp.sra.ebi.ac.uk/vol1/run/ERR214/ERR2144986/11212.JB24.fastq.gz	
ERR2144987	PRJEB22679	SAMEA104306358	ERX2201520	749906	gut metagenome	OTHER	6249efb1a16bab681a1bb128fc16d2a1	ftp.sra.ebi.ac.uk/vol1/fastq/ERR214/007/ERR2144987/ERR2144987.fastq.gz	ftp.sra.ebi.ac.uk/vol1/run/ERR214/ERR2144987/11212.JB25.fastq.gz	
ERR2144990	PRJEB22679	SAMEA104306362	ERX2201523	749906	gut metagenome	OTHER	7fcd18f49349ccc7f47f2ca5cbc8c0fe	ftp.sra.ebi.ac.uk/vol1/fastq/ERR214/000/ERR2144990/ERR2144990.fastq.gz	ftp.sra.ebi.ac.uk/vol1/run/ERR214/ERR2144990/11212.JB29.fastq.gz	
ERR2144993	PRJEB22679	SAMEA104306367	ERX2201526	749906	gut metagenome	OTHER	f35b6934937d8b40fc0c82b3633a6e24	ftp.sra.ebi.ac.uk/vol1/fastq/ERR214/003/ERR2144993/ERR2144993.fastq.gz	ftp.sra.ebi.ac.uk/vol1/run/ERR214/ERR2144993/11212.JB34.fastq.gz	
ERR2144997	PRJEB22679	SAMEA104306374	ERX2201530	749906	gut metagenome	OTHER	5662e2a6bb476cb05500aca8a5d38eb0	ftp.sra.ebi.ac.uk/vol1/fastq/ERR214/007/ERR2144997/ERR2144997.fastq.gz	ftp.sra.ebi.ac.uk/vol1/run/ERR214/ERR2144997/11212.LagEllis4.fastq.gz	
ERR2145000	PRJEB22679	SAMEA104306380	ERX2201533	749906	gut metagenome	OTHER	61697f27916358e4f3aa0add6772ee73	ftp.sra.ebi.ac.uk/vol1/fastq/ERR214/000/ERR2145000/ERR2145000.fastq.gz	ftp.sra.ebi.ac.uk/vol1/run/ERR214/ERR2145000/11212.Lc301.fastq.gz	
ERR2145003	PRJEB22679	SAMEA104325006	ERX2201536	749906	gut metagenome	OTHER	625ee67cae8f9b0d304b1275f40c3d82	ftp.sra.ebi.ac.uk/vol1/fastq/ERR214/003/ERR2145003/ERR2145003.fastq.gz	ftp.sra.ebi.ac.uk/vol1/run/ERR214/ERR2145003/11212.Lc310.fastq.gz	
ERR2145007	PRJEB22679	SAMEA104306388	ERX2201540	749906	gut metagenome	OTHER	560e6c1ebcd47cbbe0af4a0d8f240bd9	ftp.sra.ebi.ac.uk/vol1/fastq/ERR214/007/ERR2145007/ERR2145007.fastq.gz	ftp.sra.ebi.ac.uk/vol1/run/ERR214/ERR2145007/11212.PVPam.fastq.gz	
ERR2145010	PRJEB22679	SAMEA104325007	ERX2201543	749906	gut metagenome	OTHER	13ceadbfd11e1787c1d1744bc9a11e66	ftp.sra.ebi.ac.uk/vol1/fastq/ERR214/000/ERR2145010/ERR2145010.fastq.gz	ftp.sra.ebi.ac.uk/vol1/run/ERR214/ERR2145010/11212.Ptr1.fastq.gz	
ERR2145014	PRJEB22679	SAMEA104306403	ERX2201547	749906	gut metagenome	OTHER	a10392eb01d0c443d21e522b5cd00c25	ftp.sra.ebi.ac.uk/vol1/fastq/ERR214/004/ERR2145014/ERR2145014.fastq.gz	ftp.sra.ebi.ac.uk/vol1/run/ERR214/ERR2145014/11212.RC2036.fastq.gz	
ERR2145016	PRJEB22679	SAMEA104306405	ERX2201549	749906	gut metagenome	OTHER	e1f59846e2f6fdf70a9f275df194c74c	ftp.sra.ebi.ac.uk/vol1/fastq/ERR214/006/ERR2145016/ERR2145016.fastq.gz	ftp.sra.ebi.ac.uk/vol1/run/ERR214/ERR2145016/11212.RC2071.fastq.gz	
ERR2145019	PRJEB22679	SAMEA104306411	ERX2201552	749906	gut metagenome	OTHER	a3ce8a033c8cf800495643b20a8e79f4	ftp.sra.ebi.ac.uk/vol1/fastq/ERR214/009/ERR2145019/ERR2145019.fastq.gz	ftp.sra.ebi.ac.uk/vol1/run/ERR214/ERR2145019/11212.RT2013.fastq.gz	
ERR2145021	PRJEB22679	SAMEA104306413	ERX2201554	749906	gut metagenome	OTHER	8228b75173a1a0172654389c6977073d	ftp.sra.ebi.ac.uk/vol1/fastq/ERR214/001/ERR2145021/ERR2145021.fastq.gz	ftp.sra.ebi.ac.uk/vol1/run/ERR214/ERR2145021/11212.RT2019.fastq.gz	
ERR2124852	PRJEB22679	SAMEA104306264	ERX2181704	749906	gut metagenome	AMPLICON	6a79f95dd3c4914db7759c09fe536756	ftp.sra.ebi.ac.uk/vol1/fastq/ERR212/002/ERR2124852/ERR2124852.fastq.gz	ftp.sra.ebi.ac.uk/vol1/run/ERR212/ERR2124852/11212.AC622.fastq.gz	
ERR2124856	PRJEB22679	SAMEA104306268	ERX2181708	749906	gut metagenome	AMPLICON	13ce777c95f0963c89209e3aec19f4bb	ftp.sra.ebi.ac.uk/vol1/fastq/ERR212/006/ERR2124856/ERR2124856.fastq.gz	ftp.sra.ebi.ac.uk/vol1/run/ERR212/ERR2124856/11212.AC679.fastq.gz	
ERR2124858	PRJEB22679	SAMEA104306270	ERX2181710	749906	gut metagenome	AMPLICON	c60d32780842bce70818a32ee7f606e6	ftp.sra.ebi.ac.uk/vol1/fastq/ERR212/008/ERR2124858/ERR2124858.fastq.gz	ftp.sra.ebi.ac.uk/vol1/run/ERR212/ERR2124858/11212.AC683.fastq.gz	
ERR2124864	PRJEB22679	SAMEA104306276	ERX2181716	749906	gut metagenome	AMPLICON	20045b5dcd1feb256a9de2fc6bdd67da	ftp.sra.ebi.ac.uk/vol1/fastq/ERR212/004/ERR2124864/ERR2124864.fastq.gz	ftp.sra.ebi.ac.uk/vol1/run/ERR212/ERR2124864/11212.APAL36.fastq.gz	
ERR2124865	PRJEB22679	SAMEA104306277	ERX2181717	749906	gut metagenome	AMPLICON	b98878db76a7728ae9ec8a9f9609f006	ftp.sra.ebi.ac.uk/vol1/fastq/ERR212/005/ERR2124865/ERR2124865.fastq.gz	ftp.sra.ebi.ac.uk/vol1/run/ERR212/ERR2124865/11212.APAL37.fastq.gz	
ERR2124871	PRJEB22679	SAMEA104306283	ERX2181723	749906	gut metagenome	AMPLICON	3593571d9eb51f9a5c038148de3d417f	ftp.sra.ebi.ac.uk/vol1/fastq/ERR212/001/ERR2124871/ERR2124871.fastq.gz	ftp.sra.ebi.ac.uk/vol1/run/ERR212/ERR2124871/11212.APF109.fastq.gz	
ERR2124872	PRJEB22679	SAMEA104306284	ERX2181724	749906	gut metagenome	AMPLICON	b2b4fdfc7dae361daf056ca0d9408747	ftp.sra.ebi.ac.uk/vol1/fastq/ERR212/002/ERR2124872/ERR2124872.fastq.gz	ftp.sra.ebi.ac.uk/vol1/run/ERR212/ERR2124872/11212.APF110.fastq.gz	
ERR2124881	PRJEB22679	SAMEA104306293	ERX2181733	749906	gut metagenome	AMPLICON	de45054eef31620e2cf88cb30204f5c2	ftp.sra.ebi.ac.uk/vol1/fastq/ERR212/001/ERR2124881/ERR2124881.fastq.gz	ftp.sra.ebi.ac.uk/vol1/run/ERR212/ERR2124881/11212.Ahyb1000.fastq.gz	
ERR2124882	PRJEB22679	SAMEA104306294	ERX2181734	749906	gut metagenome	AMPLICON	89178ef5c6e00992cb625e44b991e5e7	ftp.sra.ebi.ac.uk/vol1/fastq/ERR212/002/ERR2124882/ERR2124882.fastq.gz	ftp.sra.ebi.ac.uk/vol1/run/ERR212/ERR2124882/11212.Ahyb257.fastq.gz	
ERR2124886	PRJEB22679	SAMEA104306298	ERX2181738	749906	gut metagenome	AMPLICON	690bd81990a6d75b1a22e531babc6759	ftp.sra.ebi.ac.uk/vol1/fastq/ERR212/006/ERR2124886/ERR2124886.fastq.gz	ftp.sra.ebi.ac.uk/vol1/run/ERR212/ERR2124886/11212.Apalw14.fastq.gz	
ERR2124893	PRJEB22679	SAMEA104306305	ERX2181745	749906	gut metagenome	AMPLICON	2897c877b8fbfa268702d33c2d1a9048	ftp.sra.ebi.ac.uk/vol1/fastq/ERR212/003/ERR2124893/ERR2124893.fastq.gz	ftp.sra.ebi.ac.uk/vol1/run/ERR212/ERR2124893/11212.Asen1019.fastq.gz	
ERR2124894	PRJEB22679	SAMEA104306306	ERX2181746	749906	gut metagenome	AMPLICON	5f4e92edb549b2afdeb45cceaa44b124	ftp.sra.ebi.ac.uk/vol1/fastq/ERR212/004/ERR2124894/ERR2124894.fastq.gz	ftp.sra.ebi.ac.uk/vol1/run/ERR212/ERR2124894/11212.Asen1111.fastq.gz	
ERR2124908	PRJEB22679	SAMEA104306320	ERX2181760	749906	gut metagenome	AMPLICON	0a375c0bacea0a5452665300664cb970	ftp.sra.ebi.ac.uk/vol1/fastq/ERR212/008/ERR2124908/ERR2124908.fastq.gz	ftp.sra.ebi.ac.uk/vol1/run/ERR212/ERR2124908/11212.BWC2026.fastq.gz	
ERR2124909	PRJEB22679	SAMEA104306321	ERX2181761	749906	gut metagenome	AMPLICON	471505ed457a453c27743ab66e3e94d3	ftp.sra.ebi.ac.uk/vol1/fastq/ERR212/009/ERR2124909/ERR2124909.fastq.gz	ftp.sra.ebi.ac.uk/vol1/run/ERR212/ERR2124909/11212.BWC2061.fastq.gz	
ERR2124912	PRJEB22679	SAMEA104306324	ERX2181764	749906	gut metagenome	AMPLICON	29943491666a265efc60089776158ef5	ftp.sra.ebi.ac.uk/vol1/fastq/ERR212/002/ERR2124912/ERR2124912.fastq.gz	ftp.sra.ebi.ac.uk/vol1/run/ERR212/ERR2124912/11212.BWC2339.fastq.gz	
ERR2124926	PRJEB22679	SAMEA104306338	ERX2181778	749906	gut metagenome	AMPLICON	f120b89c5dee75affd6d3c0709836a27	ftp.sra.ebi.ac.uk/vol1/fastq/ERR212/006/ERR2124926/ERR2124926.fastq.gz	ftp.sra.ebi.ac.uk/vol1/run/ERR212/ERR2124926/11212.ERUB.98M.fastq.gz	
ERR2124940	PRJEB22679	SAMEA104306352	ERX2181792	749906	gut metagenome	AMPLICON	60e475ce23d5da5815cceaf0d9819d69	ftp.sra.ebi.ac.uk/vol1/fastq/ERR212/000/ERR2124940/ERR2124940.fastq.gz	ftp.sra.ebi.ac.uk/vol1/run/ERR212/ERR2124940/11212.JB13.fastq.gz	
ERR2124944	PRJEB22679	SAMEA104306356	ERX2181796	749906	gut metagenome	AMPLICON	3da1ffa087576cede30346ecc1e7a85d	ftp.sra.ebi.ac.uk/vol1/fastq/ERR212/004/ERR2124944/ERR2124944.fastq.gz	ftp.sra.ebi.ac.uk/vol1/run/ERR212/ERR2124944/11212.JB19.fastq.gz	
ERR2124946	PRJEB22679	SAMEA104306358	ERX2181798	749906	gut metagenome	AMPLICON	f0a27b43001fb247cc910fe157dee5fa	ftp.sra.ebi.ac.uk/vol1/fastq/ERR212/006/ERR2124946/ERR2124946.fastq.gz	ftp.sra.ebi.ac.uk/vol1/run/ERR212/ERR2124946/11212.JB25.fastq.gz	
ERR2124959	PRJEB22679	SAMEA104306371	ERX2181811	749906	gut metagenome	AMPLICON	fe0ee010d847e18f802ecc065e391803	ftp.sra.ebi.ac.uk/vol1/fastq/ERR212/009/ERR2124959/ERR2124959.fastq.gz	ftp.sra.ebi.ac.uk/vol1/run/ERR212/ERR2124959/11212.LabEllis3.fastq.gz	
ERR2124961	PRJEB22679	SAMEA104306373	ERX2181813	749906	gut metagenome	AMPLICON	fc096cfbef0b1606e3a8ff23947f5c21	ftp.sra.ebi.ac.uk/vol1/fastq/ERR212/001/ERR2124961/ERR2124961.fastq.gz	ftp.sra.ebi.ac.uk/vol1/run/ERR212/ERR2124961/11212.LagEllis1.fastq.gz	
ERR2124966	PRJEB22679	SAMEA104306378	ERX2181818	749906	gut metagenome	AMPLICON	3e997973502ba4ebdd20968ecdc5e0cf	ftp.sra.ebi.ac.uk/vol1/fastq/ERR212/006/ERR2124966/ERR2124966.fastq.gz	ftp.sra.ebi.ac.uk/vol1/run/ERR212/ERR2124966/11212.Lc259.fastq.gz	
ERR2124971	PRJEB22679	SAMEA104306383	ERX2181823	749906	gut metagenome	AMPLICON	cd4b979759c175052db36b3e5f49b5a3	ftp.sra.ebi.ac.uk/vol1/fastq/ERR212/001/ERR2124971/ERR2124971.fastq.gz	ftp.sra.ebi.ac.uk/vol1/run/ERR212/ERR2124971/11212.Lc331.fastq.gz	
ERR2124972	PRJEB22679	SAMEA104306384	ERX2181824	749906	gut metagenome	AMPLICON	91307a39a73b0591aa3450106dc58f92	ftp.sra.ebi.ac.uk/vol1/fastq/ERR212/002/ERR2124972/ERR2124972.fastq.gz	ftp.sra.ebi.ac.uk/vol1/run/ERR212/ERR2124972/11212.Lc336.fastq.gz	
ERR2124975	PRJEB22679	SAMEA104306387	ERX2181827	749906	gut metagenome	AMPLICON	98805237e1fc4177434838ab65f3de5f	ftp.sra.ebi.ac.uk/vol1/fastq/ERR212/005/ERR2124975/ERR2124975.fastq.gz	ftp.sra.ebi.ac.uk/vol1/run/ERR212/ERR2124975/11212.PVLou.fastq.gz	
ERR2124976	PRJEB22679	SAMEA104306388	ERX2181828	749906	gut metagenome	AMPLICON	5cc36554a2dabe9c3e522f35baa4c1c5	ftp.sra.ebi.ac.uk/vol1/fastq/ERR212/006/ERR2124976/ERR2124976.fastq.gz	ftp.sra.ebi.ac.uk/vol1/run/ERR212/ERR2124976/11212.PVPam.fastq.gz	
ERR2124985	PRJEB22679	SAMEA104306397	ERX2181837	749906	gut metagenome	AMPLICON	2e82f0171575f0b49a87444d564da31f	ftp.sra.ebi.ac.uk/vol1/fastq/ERR212/005/ERR2124985/ERR2124985.fastq.gz	ftp.sra.ebi.ac.uk/vol1/run/ERR212/ERR2124985/11212.Ptr17.fastq.gz	
ERR2124988	PRJEB22679	SAMEA104306400	ERX2181840	749906	gut metagenome	AMPLICON	449adc76cbec6648e0424500f8be82c9	ftp.sra.ebi.ac.uk/vol1/fastq/ERR212/008/ERR2124988/ERR2124988.fastq.gz	ftp.sra.ebi.ac.uk/vol1/run/ERR212/ERR2124988/11212.Ptr5.fastq.gz	
ERR2124989	PRJEB22679	SAMEA104306401	ERX2181841	749906	gut metagenome	AMPLICON	22a17e3b7b7f4cf02f19ea2ec5ae6264	ftp.sra.ebi.ac.uk/vol1/fastq/ERR212/009/ERR2124989/ERR2124989.fastq.gz	ftp.sra.ebi.ac.uk/vol1/run/ERR212/ERR2124989/11212.Ptr6.fastq.gz	
ERR2124998	PRJEB22679	SAMEA104306410	ERX2181850	749906	gut metagenome	AMPLICON	8b5d4db41edf25fc3cb7d3ab4d0d6b4e	ftp.sra.ebi.ac.uk/vol1/fastq/ERR212/008/ERR2124998/ERR2124998.fastq.gz	ftp.sra.ebi.ac.uk/vol1/run/ERR212/ERR2124998/11212.RC2141.fastq.gz	
ERR2124999	PRJEB22679	SAMEA104306411	ERX2181851	749906	gut metagenome	AMPLICON	dcb122cbc54205063d1570487a4a438f	ftp.sra.ebi.ac.uk/vol1/fastq/ERR212/009/ERR2124999/ERR2124999.fastq.gz	ftp.sra.ebi.ac.uk/vol1/run/ERR212/ERR2124999/11212.RT2013.fastq.gz	
ERR2144929	PRJEB22679	SAMEA104306264	ERX2201462	749906	gut metagenome	OTHER	09243e9a8b69ec7076e3928545fd14e7	ftp.sra.ebi.ac.uk/vol1/fastq/ERR214/009/ERR2144929/ERR2144929.fastq.gz	ftp.sra.ebi.ac.uk/vol1/run/ERR214/ERR2144929/11212.AC622.fastq.gz	
ERR2144930	PRJEB22679	SAMEA104324990	ERX2201463	749906	gut metagenome	OTHER	a605ed6eb1a549cd314f080c0d9231ab	ftp.sra.ebi.ac.uk/vol1/fastq/ERR214/000/ERR2144930/ERR2144930.fastq.gz	ftp.sra.ebi.ac.uk/vol1/run/ERR214/ERR2144930/11212.AC660.fastq.gz	
ERR2144942	PRJEB22679	SAMEA104324995	ERX2201475	749906	gut metagenome	OTHER	0240f994e37ae6db2569adf7b039efdf	ftp.sra.ebi.ac.uk/vol1/fastq/ERR214/002/ERR2144942/ERR2144942.fastq.gz	ftp.sra.ebi.ac.uk/vol1/run/ERR214/ERR2144942/11212.APF36.fastq.gz	
ERR2144944	PRJEB22679	SAMEA104306288	ERX2201477	749906	gut metagenome	OTHER	c513c0067c554ee93b10b413a03e5e00	ftp.sra.ebi.ac.uk/vol1/fastq/ERR214/004/ERR2144944/ERR2144944.fastq.gz	ftp.sra.ebi.ac.uk/vol1/run/ERR214/ERR2144944/11212.APF38.fastq.gz	
ERR2144947	PRJEB22679	SAMEA104324998	ERX2201480	749906	gut metagenome	OTHER	13f4b3992172c34d20e6c502d8ad39c4	ftp.sra.ebi.ac.uk/vol1/fastq/ERR214/007/ERR2144947/ERR2144947.fastq.gz	ftp.sra.ebi.ac.uk/vol1/run/ERR214/ERR2144947/11212.Ahyb135.fastq.gz	
ERR2144950	PRJEB22679	SAMEA104306295	ERX2201483	749906	gut metagenome	OTHER	b7654720bd31c47b6d0950b62cc7a5d2	ftp.sra.ebi.ac.uk/vol1/fastq/ERR214/000/ERR2144950/ERR2144950.fastq.gz	ftp.sra.ebi.ac.uk/vol1/run/ERR214/ERR2144950/11212.Ahyb411.fastq.gz	
ERR2144956	PRJEB22679	SAMEA104306310	ERX2201489	749906	gut metagenome	OTHER	517d56af81998e09c4d7a8395d763e39	ftp.sra.ebi.ac.uk/vol1/fastq/ERR214/006/ERR2144956/ERR2144956.fastq.gz	ftp.sra.ebi.ac.uk/vol1/run/ERR214/ERR2144956/11212.AsenLink2.fastq.gz	
ERR2144959	PRJEB22679	SAMEA104306314	ERX2201492	749906	gut metagenome	OTHER	f5dafef4fae4ec6b7bb6ddf50c9d7c01	ftp.sra.ebi.ac.uk/vol1/fastq/ERR214/009/ERR2144959/ERR2144959.fastq.gz	ftp.sra.ebi.ac.uk/vol1/run/ERR214/ERR2144959/11212.AtbelzLink1.fastq.gz	
ERR2144961	PRJEB22679	SAMEA104306316	ERX2201494	749906	gut metagenome	OTHER	5288585f9542f7ca4443ce395f5004dd	ftp.sra.ebi.ac.uk/vol1/fastq/ERR214/001/ERR2144961/ERR2144961.fastq.gz	ftp.sra.ebi.ac.uk/vol1/run/ERR214/ERR2144961/11212.AtbelzLink3.fastq.gz	
ERR2144962	PRJEB22679	SAMEA104306317	ERX2201495	749906	gut metagenome	OTHER	770cd55972c12d7b5ddb64707e7094c1	ftp.sra.ebi.ac.uk/vol1/fastq/ERR214/002/ERR2144962/ERR2144962.fastq.gz	ftp.sra.ebi.ac.uk/vol1/run/ERR214/ERR2144962/11212.AtbelzLink4.fastq.gz	
ERR2144972	PRJEB22679	SAMEA104306329	ERX2201505	749906	gut metagenome	OTHER	f0827422078b3b35117e7f8126270737	ftp.sra.ebi.ac.uk/vol1/fastq/ERR214/002/ERR2144972/ERR2144972.fastq.gz	ftp.sra.ebi.ac.uk/vol1/run/ERR214/ERR2144972/11212.ERUB.12M.fastq.gz	
ERR2144991	PRJEB22679	SAMEA104306363	ERX2201524	749906	gut metagenome	OTHER	3b2fadec4d2022074dfddfb4ce30cb3c	ftp.sra.ebi.ac.uk/vol1/fastq/ERR214/001/ERR2144991/ERR2144991.fastq.gz	ftp.sra.ebi.ac.uk/vol1/run/ERR214/ERR2144991/11212.JB3.fastq.gz	
ERR2144994	PRJEB22679	SAMEA104306371	ERX2201527	749906	gut metagenome	OTHER	0adfc790e6bd5cc915dfde6423ba260e	ftp.sra.ebi.ac.uk/vol1/fastq/ERR214/004/ERR2144994/ERR2144994.fastq.gz	ftp.sra.ebi.ac.uk/vol1/run/ERR214/ERR2144994/11212.LabEllis3.fastq.gz	
ERR2144996	PRJEB22679	SAMEA104306373	ERX2201529	749906	gut metagenome	OTHER	b4e7d5a7cee7b252d8cc7e0a798481ca	ftp.sra.ebi.ac.uk/vol1/fastq/ERR214/006/ERR2144996/ERR2144996.fastq.gz	ftp.sra.ebi.ac.uk/vol1/run/ERR214/ERR2144996/11212.LagEllis1.fastq.gz	
ERR2145006	PRJEB22679	SAMEA104306387	ERX2201539	749906	gut metagenome	OTHER	72d19933eff461610a30996c1e3add31	ftp.sra.ebi.ac.uk/vol1/fastq/ERR214/006/ERR2145006/ERR2145006.fastq.gz	ftp.sra.ebi.ac.uk/vol1/run/ERR214/ERR2145006/11212.PVLou.fastq.gz	
ERR2145012	PRJEB22679	SAMEA104306393	ERX2201545	749906	gut metagenome	OTHER	32584e0b3a3faf0132f17b058e43233a	ftp.sra.ebi.ac.uk/vol1/fastq/ERR214/002/ERR2145012/ERR2145012.fastq.gz	ftp.sra.ebi.ac.uk/vol1/run/ERR214/ERR2145012/11212.Ptr11.fastq.gz	
ERR2145015	PRJEB22679	SAMEA104306404	ERX2201548	749906	gut metagenome	OTHER	c656b27aaaab2a9a7978fbd563527b72	ftp.sra.ebi.ac.uk/vol1/fastq/ERR214/005/ERR2145015/ERR2145015.fastq.gz	ftp.sra.ebi.ac.uk/vol1/run/ERR214/ERR2145015/11212.RC2068.fastq.gz	
ERR2124862	PRJEB22679	SAMEA104306274	ERX2181714	749906	gut metagenome	AMPLICON	2a0a4c8d32464cdfe694fdf89adc92ac	ftp.sra.ebi.ac.uk/vol1/fastq/ERR212/002/ERR2124862/ERR2124862.fastq.gz	ftp.sra.ebi.ac.uk/vol1/run/ERR212/ERR2124862/11212.AC693.fastq.gz	
ERR2124867	PRJEB22679	SAMEA104306279	ERX2181719	749906	gut metagenome	AMPLICON	238c87c77fdc716bcc7437b96b6a5a1c	ftp.sra.ebi.ac.uk/vol1/fastq/ERR212/007/ERR2124867/ERR2124867.fastq.gz	ftp.sra.ebi.ac.uk/vol1/run/ERR212/ERR2124867/11212.APAL39.fastq.gz	
ERR2124869	PRJEB22679	SAMEA104306281	ERX2181721	749906	gut metagenome	AMPLICON	54314ed89fd92167189c1b9d70f3502b	ftp.sra.ebi.ac.uk/vol1/fastq/ERR212/009/ERR2124869/ERR2124869.fastq.gz	ftp.sra.ebi.ac.uk/vol1/run/ERR212/ERR2124869/11212.APF104.fastq.gz	
ERR2124878	PRJEB22679	SAMEA104306290	ERX2181730	749906	gut metagenome	AMPLICON	5d8cf1cba109d3375222707951acdbe1	ftp.sra.ebi.ac.uk/vol1/fastq/ERR212/008/ERR2124878/ERR2124878.fastq.gz	ftp.sra.ebi.ac.uk/vol1/run/ERR212/ERR2124878/11212.APX19.fastq.gz	
ERR2124900	PRJEB22679	SAMEA104306312	ERX2181752	749906	gut metagenome	AMPLICON	191ca2c23b5bfadddeabc7107bee8395	ftp.sra.ebi.ac.uk/vol1/fastq/ERR212/000/ERR2124900/ERR2124900.fastq.gz	ftp.sra.ebi.ac.uk/vol1/run/ERR212/ERR2124900/11212.AsenLink4.fastq.gz	
ERR2124901	PRJEB22679	SAMEA104306313	ERX2181753	749906	gut metagenome	AMPLICON	9f568520281e324d3af90ace0c16330a	ftp.sra.ebi.ac.uk/vol1/fastq/ERR212/001/ERR2124901/ERR2124901.fastq.gz	ftp.sra.ebi.ac.uk/vol1/run/ERR212/ERR2124901/11212.AsenLink5.fastq.gz	
ERR2124853	PRJEB22679	SAMEA104306265	ERX2181705	749906	gut metagenome	AMPLICON	a217962fecc22b1e68bf43d035011b78	ftp.sra.ebi.ac.uk/vol1/fastq/ERR212/003/ERR2124853/ERR2124853.fastq.gz	ftp.sra.ebi.ac.uk/vol1/run/ERR212/ERR2124853/11212.AC668.fastq.gz	
ERR2124915	PRJEB22679	SAMEA104306327	ERX2181767	749906	gut metagenome	AMPLICON	43cd895f7b0f5d6fd25e7b9083ca15a5	ftp.sra.ebi.ac.uk/vol1/fastq/ERR212/005/ERR2124915/ERR2124915.fastq.gz	ftp.sra.ebi.ac.uk/vol1/run/ERR212/ERR2124915/11212.ERUB.105M.fastq.gz	
ERR2124857	PRJEB22679	SAMEA104306269	ERX2181709	749906	gut metagenome	AMPLICON	a976ee8c371d602fc751b5bfe0bc7a9c	ftp.sra.ebi.ac.uk/vol1/fastq/ERR212/007/ERR2124857/ERR2124857.fastq.gz	ftp.sra.ebi.ac.uk/vol1/run/ERR212/ERR2124857/11212.AC680.fastq.gz	
ERR2124924	PRJEB22679	SAMEA104306336	ERX2181776	749906	gut metagenome	AMPLICON	9bc6744f26c13a20440d2d83b3d971b2	ftp.sra.ebi.ac.uk/vol1/fastq/ERR212/004/ERR2124924/ERR2124924.fastq.gz	ftp.sra.ebi.ac.uk/vol1/run/ERR212/ERR2124924/11212.ERUB.76M.fastq.gz	
ERR2124861	PRJEB22679	SAMEA104306273	ERX2181713	749906	gut metagenome	AMPLICON	acb28f2b6945edba9bafbc4e528b5edc	ftp.sra.ebi.ac.uk/vol1/fastq/ERR212/001/ERR2124861/ERR2124861.fastq.gz	ftp.sra.ebi.ac.uk/vol1/run/ERR212/ERR2124861/11212.AC691.fastq.gz	
ERR2124930	PRJEB22679	SAMEA104306342	ERX2181782	749906	gut metagenome	AMPLICON	eef97c34d7fe71b172b2be102e5b7afb	ftp.sra.ebi.ac.uk/vol1/fastq/ERR212/000/ERR2124930/ERR2124930.fastq.gz	ftp.sra.ebi.ac.uk/vol1/run/ERR212/ERR2124930/11212.Gor2.fastq.gz	
ERR2124866	PRJEB22679	SAMEA104306278	ERX2181718	749906	gut metagenome	AMPLICON	569e92a4c2c3ba4cd3265624e314f8ce	ftp.sra.ebi.ac.uk/vol1/fastq/ERR212/006/ERR2124866/ERR2124866.fastq.gz	ftp.sra.ebi.ac.uk/vol1/run/ERR212/ERR2124866/11212.APAL38.fastq.gz	
ERR2124931	PRJEB22679	SAMEA104306343	ERX2181783	749906	gut metagenome	AMPLICON	d3784ef6012b38f9404e5ae773ca9180	ftp.sra.ebi.ac.uk/vol1/fastq/ERR212/001/ERR2124931/ERR2124931.fastq.gz	ftp.sra.ebi.ac.uk/vol1/run/ERR212/ERR2124931/11212.Gor3.fastq.gz	
ERR2124876	PRJEB22679	SAMEA104306288	ERX2181728	749906	gut metagenome	AMPLICON	9bb463ea75882dc961f097c553f13b2c	ftp.sra.ebi.ac.uk/vol1/fastq/ERR212/006/ERR2124876/ERR2124876.fastq.gz	ftp.sra.ebi.ac.uk/vol1/run/ERR212/ERR2124876/11212.APF38.fastq.gz	
ERR2124932	PRJEB22679	SAMEA104306344	ERX2181784	749906	gut metagenome	AMPLICON	a8fc6eb5de438ebfe87e670ce8683d8e	ftp.sra.ebi.ac.uk/vol1/fastq/ERR212/002/ERR2124932/ERR2124932.fastq.gz	ftp.sra.ebi.ac.uk/vol1/run/ERR212/ERR2124932/11212.Gor4.fastq.gz	
ERR2124891	PRJEB22679	SAMEA104306303	ERX2181743	749906	gut metagenome	AMPLICON	7b793c7cd7b9e9cb1314ef5d2bbefe0c	ftp.sra.ebi.ac.uk/vol1/fastq/ERR212/001/ERR2124891/ERR2124891.fastq.gz	ftp.sra.ebi.ac.uk/vol1/run/ERR212/ERR2124891/11212.Apalw9.fastq.gz	
ERR2124934	PRJEB22679	SAMEA104306346	ERX2181786	749906	gut metagenome	AMPLICON	38f20b180c221b928f6693fbb7539b39	ftp.sra.ebi.ac.uk/vol1/fastq/ERR212/004/ERR2124934/ERR2124934.fastq.gz	ftp.sra.ebi.ac.uk/vol1/run/ERR212/ERR2124934/11212.Gor6.fastq.gz	
ERR2124903	PRJEB22679	SAMEA104306315	ERX2181755	749906	gut metagenome	AMPLICON	15532e83b0010dbae42592cc2f6a77c0	ftp.sra.ebi.ac.uk/vol1/fastq/ERR212/003/ERR2124903/ERR2124903.fastq.gz	ftp.sra.ebi.ac.uk/vol1/run/ERR212/ERR2124903/11212.AtbelzLink2.fastq.gz	
ERR2124938	PRJEB22679	SAMEA104306350	ERX2181790	749906	gut metagenome	AMPLICON	2c66ba8dc19206e9534153de9d4c3fce	ftp.sra.ebi.ac.uk/vol1/fastq/ERR212/008/ERR2124938/ERR2124938.fastq.gz	ftp.sra.ebi.ac.uk/vol1/run/ERR212/ERR2124938/11212.JB1.fastq.gz	
ERR2124905	PRJEB22679	SAMEA104306317	ERX2181757	749906	gut metagenome	AMPLICON	912837601896415e8f1bc6a0db0433c3	ftp.sra.ebi.ac.uk/vol1/fastq/ERR212/005/ERR2124905/ERR2124905.fastq.gz	ftp.sra.ebi.ac.uk/vol1/run/ERR212/ERR2124905/11212.AtbelzLink4.fastq.gz	
ERR2124949	PRJEB22679	SAMEA104306361	ERX2181801	749906	gut metagenome	AMPLICON	54f1dbcb920c49b87821919e26fc8972	ftp.sra.ebi.ac.uk/vol1/fastq/ERR212/009/ERR2124949/ERR2124949.fastq.gz	ftp.sra.ebi.ac.uk/vol1/run/ERR212/ERR2124949/11212.JB28.fastq.gz	
ERR2124951	PRJEB22679	SAMEA104306363	ERX2181803	749906	gut metagenome	AMPLICON	e4ffc0124a9f434b56c52f350f30d91e	ftp.sra.ebi.ac.uk/vol1/fastq/ERR212/001/ERR2124951/ERR2124951.fastq.gz	ftp.sra.ebi.ac.uk/vol1/run/ERR212/ERR2124951/11212.JB3.fastq.gz	
ERR2124914	PRJEB22679	SAMEA104306326	ERX2181766	749906	gut metagenome	AMPLICON	69928e9ba96e15f192e002d03674a71e	ftp.sra.ebi.ac.uk/vol1/fastq/ERR212/004/ERR2124914/ERR2124914.fastq.gz	ftp.sra.ebi.ac.uk/vol1/run/ERR212/ERR2124914/11212.BWC2342.fastq.gz	
ERR2124953	PRJEB22679	SAMEA104306365	ERX2181805	749906	gut metagenome	AMPLICON	69a84b0c8ce2f5ffcf72160be808120a	ftp.sra.ebi.ac.uk/vol1/fastq/ERR212/003/ERR2124953/ERR2124953.fastq.gz	ftp.sra.ebi.ac.uk/vol1/run/ERR212/ERR2124953/11212.JB31.fastq.gz	
ERR2124917	PRJEB22679	SAMEA104306329	ERX2181769	749906	gut metagenome	AMPLICON	a2f7b4bf3a8bcbae1721af8c9d7ea8a8	ftp.sra.ebi.ac.uk/vol1/fastq/ERR212/007/ERR2124917/ERR2124917.fastq.gz	ftp.sra.ebi.ac.uk/vol1/run/ERR212/ERR2124917/11212.ERUB.12M.fastq.gz	
ERR2124974	PRJEB22679	SAMEA104306386	ERX2181826	749906	gut metagenome	AMPLICON	36cdf6d7c0e35faff245d2073203cf68	ftp.sra.ebi.ac.uk/vol1/fastq/ERR212/004/ERR2124974/ERR2124974.fastq.gz	ftp.sra.ebi.ac.uk/vol1/run/ERR212/ERR2124974/11212.PVAbb.fastq.gz	
ERR2124921	PRJEB22679	SAMEA104306333	ERX2181773	749906	gut metagenome	AMPLICON	709f3a573dcee080dca83157686ce7ee	ftp.sra.ebi.ac.uk/vol1/fastq/ERR212/001/ERR2124921/ERR2124921.fastq.gz	ftp.sra.ebi.ac.uk/vol1/run/ERR212/ERR2124921/11212.ERUB.21M.fastq.gz	
ERR2124977	PRJEB22679	SAMEA104306389	ERX2181829	749906	gut metagenome	AMPLICON	79c8729db1dd9f6534e4fc7524d20e8a	ftp.sra.ebi.ac.uk/vol1/fastq/ERR212/007/ERR2124977/ERR2124977.fastq.gz	ftp.sra.ebi.ac.uk/vol1/run/ERR212/ERR2124977/11212.PVPet.fastq.gz	
ERR2124923	PRJEB22679	SAMEA104306335	ERX2181775	749906	gut metagenome	AMPLICON	68b4add67f3cec4ffe17679af367ce47	ftp.sra.ebi.ac.uk/vol1/fastq/ERR212/003/ERR2124923/ERR2124923.fastq.gz	ftp.sra.ebi.ac.uk/vol1/run/ERR212/ERR2124923/11212.ERUB.4M.fastq.gz	
ERR2124979	PRJEB22679	SAMEA104306391	ERX2181831	749906	gut metagenome	AMPLICON	dd53ea819fd17276a115b1aa54b20ec8	ftp.sra.ebi.ac.uk/vol1/fastq/ERR212/009/ERR2124979/ERR2124979.fastq.gz	ftp.sra.ebi.ac.uk/vol1/run/ERR212/ERR2124979/11212.PVRij.fastq.gz	
ERR2124983	PRJEB22679	SAMEA104306395	ERX2181835	749906	gut metagenome	AMPLICON	663ee3fac6f554647283743c1173cb76	ftp.sra.ebi.ac.uk/vol1/fastq/ERR212/003/ERR2124983/ERR2124983.fastq.gz	ftp.sra.ebi.ac.uk/vol1/run/ERR212/ERR2124983/11212.Ptr15.fastq.gz	
ERR2124928	PRJEB22679	SAMEA104306340	ERX2181780	749906	gut metagenome	AMPLICON	36ed2de6f748c89d2ae643b5523e7b64	ftp.sra.ebi.ac.uk/vol1/fastq/ERR212/008/ERR2124928/ERR2124928.fastq.gz	ftp.sra.ebi.ac.uk/vol1/run/ERR212/ERR2124928/11212.Gor11.fastq.gz	
ERR2124984	PRJEB22679	SAMEA104306396	ERX2181836	749906	gut metagenome	AMPLICON	bbf33d28d2f46668304b711515353fe0	ftp.sra.ebi.ac.uk/vol1/fastq/ERR212/004/ERR2124984/ERR2124984.fastq.gz	ftp.sra.ebi.ac.uk/vol1/run/ERR212/ERR2124984/11212.Ptr16.fastq.gz	
ERR2124986	PRJEB22679	SAMEA104306398	ERX2181838	749906	gut metagenome	AMPLICON	d2d54c6a20f127ac25113741d3cd6c79	ftp.sra.ebi.ac.uk/vol1/fastq/ERR212/006/ERR2124986/ERR2124986.fastq.gz	ftp.sra.ebi.ac.uk/vol1/run/ERR212/ERR2124986/11212.Ptr3.fastq.gz	
ERR2124990	PRJEB22679	SAMEA104306402	ERX2181842	749906	gut metagenome	AMPLICON	5d2d859a7117e9ffca00808148ef3cda	ftp.sra.ebi.ac.uk/vol1/fastq/ERR212/000/ERR2124990/ERR2124990.fastq.gz	ftp.sra.ebi.ac.uk/vol1/run/ERR212/ERR2124990/11212.Ptr9.fastq.gz	
ERR2124991	PRJEB22679	SAMEA104306403	ERX2181843	749906	gut metagenome	AMPLICON	8bec31f525610d78065f861c99bbf697	ftp.sra.ebi.ac.uk/vol1/fastq/ERR212/001/ERR2124991/ERR2124991.fastq.gz	ftp.sra.ebi.ac.uk/vol1/run/ERR212/ERR2124991/11212.RC2036.fastq.gz	
ERR2124936	PRJEB22679	SAMEA104306348	ERX2181788	749906	gut metagenome	AMPLICON	5165867ae6b89756d240a93fce0c1c46	ftp.sra.ebi.ac.uk/vol1/fastq/ERR212/006/ERR2124936/ERR2124936.fastq.gz	ftp.sra.ebi.ac.uk/vol1/run/ERR212/ERR2124936/11212.Gor8.fastq.gz	
ERR2124992	PRJEB22679	SAMEA104306404	ERX2181844	749906	gut metagenome	AMPLICON	2ce0151f0dcf04c5b5ef0812a706e8da	ftp.sra.ebi.ac.uk/vol1/fastq/ERR212/002/ERR2124992/ERR2124992.fastq.gz	ftp.sra.ebi.ac.uk/vol1/run/ERR212/ERR2124992/11212.RC2068.fastq.gz	
ERR2124939	PRJEB22679	SAMEA104306351	ERX2181791	749906	gut metagenome	AMPLICON	166d78a2331568b86cac2e4bb631e085	ftp.sra.ebi.ac.uk/vol1/fastq/ERR212/009/ERR2124939/ERR2124939.fastq.gz	ftp.sra.ebi.ac.uk/vol1/run/ERR212/ERR2124939/11212.JB12.fastq.gz	
ERR2124993	PRJEB22679	SAMEA104306405	ERX2181845	749906	gut metagenome	AMPLICON	4e071875a7f4835071f0bf12007e01fa	ftp.sra.ebi.ac.uk/vol1/fastq/ERR212/003/ERR2124993/ERR2124993.fastq.gz	ftp.sra.ebi.ac.uk/vol1/run/ERR212/ERR2124993/11212.RC2071.fastq.gz	
ERR2124941	PRJEB22679	SAMEA104306353	ERX2181793	749906	gut metagenome	AMPLICON	d6fb9c1204ac9038a32e495e4c1c1277	ftp.sra.ebi.ac.uk/vol1/fastq/ERR212/001/ERR2124941/ERR2124941.fastq.gz	ftp.sra.ebi.ac.uk/vol1/run/ERR212/ERR2124941/11212.JB15.fastq.gz	
ERR2124995	PRJEB22679	SAMEA104306407	ERX2181847	749906	gut metagenome	AMPLICON	4c899fbd08c0e39e84fcafd98496724b	ftp.sra.ebi.ac.uk/vol1/fastq/ERR212/005/ERR2124995/ERR2124995.fastq.gz	ftp.sra.ebi.ac.uk/vol1/run/ERR212/ERR2124995/11212.RC2098.fastq.gz	
ERR2124942	PRJEB22679	SAMEA104306354	ERX2181794	749906	gut metagenome	AMPLICON	3fc40b6acd16e0dc3bf2cc6262fa3a31	ftp.sra.ebi.ac.uk/vol1/fastq/ERR212/002/ERR2124942/ERR2124942.fastq.gz	ftp.sra.ebi.ac.uk/vol1/run/ERR212/ERR2124942/11212.JB17.fastq.gz	
ERR2125004	PRJEB22679	SAMEA104306416	ERX2181856	749906	gut metagenome	AMPLICON	f42eacb3dc6d552388eefc42376b62d3	ftp.sra.ebi.ac.uk/vol1/fastq/ERR212/004/ERR2125004/ERR2125004.fastq.gz	ftp.sra.ebi.ac.uk/vol1/run/ERR212/ERR2125004/11212.RT2050.fastq.gz	
ERR2124943	PRJEB22679	SAMEA104306355	ERX2181795	749906	gut metagenome	AMPLICON	0feb4b5bc5d71ad23e103c87c3d01dd0	ftp.sra.ebi.ac.uk/vol1/fastq/ERR212/003/ERR2124943/ERR2124943.fastq.gz	ftp.sra.ebi.ac.uk/vol1/run/ERR212/ERR2124943/11212.JB18.fastq.gz	
ERR2144941	PRJEB22679	SAMEA104324994	ERX2201474	749906	gut metagenome	OTHER	f8949685b5938c6e2a695f480ed25920	ftp.sra.ebi.ac.uk/vol1/fastq/ERR214/001/ERR2144941/ERR2144941.fastq.gz	ftp.sra.ebi.ac.uk/vol1/run/ERR214/ERR2144941/11212.APF106.fastq.gz	
ERR2124956	PRJEB22679	SAMEA104306368	ERX2181808	749906	gut metagenome	AMPLICON	2622dca956565ded35980b83319291db	ftp.sra.ebi.ac.uk/vol1/fastq/ERR212/006/ERR2124956/ERR2124956.fastq.gz	ftp.sra.ebi.ac.uk/vol1/run/ERR212/ERR2124956/11212.JB35.fastq.gz	
ERR2144943	PRJEB22679	SAMEA104324996	ERX2201476	749906	gut metagenome	OTHER	7afef2600e9596fa6efed43f685aee27	ftp.sra.ebi.ac.uk/vol1/fastq/ERR214/003/ERR2144943/ERR2144943.fastq.gz	ftp.sra.ebi.ac.uk/vol1/run/ERR214/ERR2144943/11212.APF37.fastq.gz	
ERR2124963	PRJEB22679	SAMEA104306375	ERX2181815	749906	gut metagenome	AMPLICON	4680cf25729dba827d79fbdbf691a64f	ftp.sra.ebi.ac.uk/vol1/fastq/ERR212/003/ERR2124963/ERR2124963.fastq.gz	ftp.sra.ebi.ac.uk/vol1/run/ERR212/ERR2124963/11212.Lc155.fastq.gz	
ERR2144948	PRJEB22679	SAMEA104306294	ERX2201481	749906	gut metagenome	OTHER	9468ad94868723834a6e4289c0d83542	ftp.sra.ebi.ac.uk/vol1/fastq/ERR214/008/ERR2144948/ERR2144948.fastq.gz	ftp.sra.ebi.ac.uk/vol1/run/ERR214/ERR2144948/11212.Ahyb257.fastq.gz	
ERR2124964	PRJEB22679	SAMEA104306376	ERX2181816	749906	gut metagenome	AMPLICON	a8d9e8998ebc1358b825adbdceac854a	ftp.sra.ebi.ac.uk/vol1/fastq/ERR212/004/ERR2124964/ERR2124964.fastq.gz	ftp.sra.ebi.ac.uk/vol1/run/ERR212/ERR2124964/11212.Lc172.fastq.gz	
ERR2144967	PRJEB22679	SAMEA104306322	ERX2201500	749906	gut metagenome	OTHER	8442f44738afc35bb268929395f5bbdd	ftp.sra.ebi.ac.uk/vol1/fastq/ERR214/007/ERR2144967/ERR2144967.fastq.gz	ftp.sra.ebi.ac.uk/vol1/run/ERR214/ERR2144967/11212.BWC2063.fastq.gz	
ERR2124969	PRJEB22679	SAMEA104306381	ERX2181821	749906	gut metagenome	AMPLICON	aeada8af4374dd68fe859cc6bcd2a6c5	ftp.sra.ebi.ac.uk/vol1/fastq/ERR212/009/ERR2124969/ERR2124969.fastq.gz	ftp.sra.ebi.ac.uk/vol1/run/ERR212/ERR2124969/11212.Lc316.fastq.gz	
ERR2144983	PRJEB22679	SAMEA104306353	ERX2201516	749906	gut metagenome	OTHER	7e23cf01076c1042451e5fcecd8a7c84	ftp.sra.ebi.ac.uk/vol1/fastq/ERR214/003/ERR2144983/ERR2144983.fastq.gz	ftp.sra.ebi.ac.uk/vol1/run/ERR214/ERR2144983/11212.JB15.fastq.gz	
ERR2124994	PRJEB22679	SAMEA104306406	ERX2181846	749906	gut metagenome	AMPLICON	eb2f44df8e70219f10869da8a138578d	ftp.sra.ebi.ac.uk/vol1/fastq/ERR212/004/ERR2124994/ERR2124994.fastq.gz	ftp.sra.ebi.ac.uk/vol1/run/ERR212/ERR2124994/11212.RC2096.fastq.gz	
ERR2144988	PRJEB22679	SAMEA104306360	ERX2201521	749906	gut metagenome	OTHER	5f173584a9ca2b4441ebc3025de45224	ftp.sra.ebi.ac.uk/vol1/fastq/ERR214/008/ERR2144988/ERR2144988.fastq.gz	ftp.sra.ebi.ac.uk/vol1/run/ERR214/ERR2144988/11212.JB27.fastq.gz	
ERR2125002	PRJEB22679	SAMEA104306414	ERX2181854	749906	gut metagenome	AMPLICON	8b09e7739b2e3f2d07f2dedaf068ff4f	ftp.sra.ebi.ac.uk/vol1/fastq/ERR212/002/ERR2125002/ERR2125002.fastq.gz	ftp.sra.ebi.ac.uk/vol1/run/ERR212/ERR2125002/11212.RT2021.fastq.gz	
ERR2145011	PRJEB22679	SAMEA104306392	ERX2201544	749906	gut metagenome	OTHER	174121cf50d3d147f031bb6fdc057c17	ftp.sra.ebi.ac.uk/vol1/fastq/ERR214/001/ERR2145011/ERR2145011.fastq.gz	ftp.sra.ebi.ac.uk/vol1/run/ERR214/ERR2145011/11212.Ptr10.fastq.gz	
ERR2144932	PRJEB22679	SAMEA104324992	ERX2201465	749906	gut metagenome	OTHER	048721854c1c1f6a306a9bc152c40560	ftp.sra.ebi.ac.uk/vol1/fastq/ERR214/002/ERR2144932/ERR2144932.fastq.gz	ftp.sra.ebi.ac.uk/vol1/run/ERR214/ERR2144932/11212.AC667.fastq.gz	
ERR2145022	PRJEB22679	SAMEA104306414	ERX2201555	749906	gut metagenome	OTHER	af5b01a642da1ab34acda9a2057ffb4d	ftp.sra.ebi.ac.uk/vol1/fastq/ERR214/002/ERR2145022/ERR2145022.fastq.gz	ftp.sra.ebi.ac.uk/vol1/run/ERR214/ERR2145022/11212.RT2021.fastq.gz	
ERR2144933	PRJEB22679	SAMEA104306265	ERX2201466	749906	gut metagenome	OTHER	5e38d13e1de507b388131436ae3be9a9	ftp.sra.ebi.ac.uk/vol1/fastq/ERR214/003/ERR2144933/ERR2144933.fastq.gz	ftp.sra.ebi.ac.uk/vol1/run/ERR214/ERR2144933/11212.AC668.fastq.gz	
ERR2145023	PRJEB22679	SAMEA104306415	ERX2201556	749906	gut metagenome	OTHER	6ff3fbe5840b187dd51e3c95450bd73a	ftp.sra.ebi.ac.uk/vol1/fastq/ERR214/003/ERR2145023/ERR2145023.fastq.gz	ftp.sra.ebi.ac.uk/vol1/run/ERR214/ERR2145023/11212.RT2048.fastq.gz	
ERR2144934	PRJEB22679	SAMEA104306276	ERX2201467	749906	gut metagenome	OTHER	cb27f5763dfca93a947137847670dd68	ftp.sra.ebi.ac.uk/vol1/fastq/ERR214/004/ERR2144934/ERR2144934.fastq.gz	ftp.sra.ebi.ac.uk/vol1/run/ERR214/ERR2144934/11212.APAL36.fastq.gz	
ERR2144945	PRJEB22679	SAMEA104324997	ERX2201478	749906	gut metagenome	OTHER	864012255aeb42d7e176087613d4dd84	ftp.sra.ebi.ac.uk/vol1/fastq/ERR214/005/ERR2144945/ERR2144945.fastq.gz	ftp.sra.ebi.ac.uk/vol1/run/ERR214/ERR2144945/11212.APF39.fastq.gz	
ERR2144953	PRJEB22679	SAMEA104306306	ERX2201486	749906	gut metagenome	OTHER	9e4ba638a480bfe2b731aa0be78039c2	ftp.sra.ebi.ac.uk/vol1/fastq/ERR214/003/ERR2144953/ERR2144953.fastq.gz	ftp.sra.ebi.ac.uk/vol1/run/ERR214/ERR2144953/11212.Asen1111.fastq.gz	
ERR2144957	PRJEB22679	SAMEA104306311	ERX2201490	749906	gut metagenome	OTHER	46823852c8acd6ff5cecb09f6631e0cb	ftp.sra.ebi.ac.uk/vol1/fastq/ERR214/007/ERR2144957/ERR2144957.fastq.gz	ftp.sra.ebi.ac.uk/vol1/run/ERR214/ERR2144957/11212.AsenLink3.fastq.gz	
ERR2144958	PRJEB22679	SAMEA104306312	ERX2201491	749906	gut metagenome	OTHER	07447631c1405a5e428e8a10d0e32f77	ftp.sra.ebi.ac.uk/vol1/fastq/ERR214/008/ERR2144958/ERR2144958.fastq.gz	ftp.sra.ebi.ac.uk/vol1/run/ERR214/ERR2144958/11212.AsenLink4.fastq.gz	
ERR2144963	PRJEB22679	SAMEA104306318	ERX2201496	749906	gut metagenome	OTHER	d79fb99e1268fec4eafa4409d0b1149e	ftp.sra.ebi.ac.uk/vol1/fastq/ERR214/003/ERR2144963/ERR2144963.fastq.gz	ftp.sra.ebi.ac.uk/vol1/run/ERR214/ERR2144963/11212.AtbelzLink5.fastq.gz	
ERR2144966	PRJEB22679	SAMEA104306321	ERX2201499	749906	gut metagenome	OTHER	880a94c0a15a4544af9be24bf3a9f2ec	ftp.sra.ebi.ac.uk/vol1/fastq/ERR214/006/ERR2144966/ERR2144966.fastq.gz	ftp.sra.ebi.ac.uk/vol1/run/ERR214/ERR2144966/11212.BWC2061.fastq.gz	
ERR2144969	PRJEB22679	SAMEA104325000	ERX2201502	749906	gut metagenome	OTHER	b4a0f7712d1b4c2fb9a70c405532fde6	ftp.sra.ebi.ac.uk/vol1/fastq/ERR214/009/ERR2144969/ERR2144969.fastq.gz	ftp.sra.ebi.ac.uk/vol1/run/ERR214/ERR2144969/11212.ERUB.102M.fastq.gz	
ERR2144973	PRJEB22679	SAMEA104306332	ERX2201506	749906	gut metagenome	OTHER	c1090ca0f0f61366a89f8eb83f4120ab	ftp.sra.ebi.ac.uk/vol1/fastq/ERR214/003/ERR2144973/ERR2144973.fastq.gz	ftp.sra.ebi.ac.uk/vol1/run/ERR214/ERR2144973/11212.ERUB.20M.fastq.gz	
ERR2144982	PRJEB22679	SAMEA104306352	ERX2201515	749906	gut metagenome	OTHER	a5a8862d3b1abcf7d38c9b739187c259	ftp.sra.ebi.ac.uk/vol1/fastq/ERR214/002/ERR2144982/ERR2144982.fastq.gz	ftp.sra.ebi.ac.uk/vol1/run/ERR214/ERR2144982/11212.JB13.fastq.gz	
ERR2144985	PRJEB22679	SAMEA104306355	ERX2201518	749906	gut metagenome	OTHER	8fcf514a8947d86546d6d380d9587788	ftp.sra.ebi.ac.uk/vol1/fastq/ERR214/005/ERR2144985/ERR2144985.fastq.gz	ftp.sra.ebi.ac.uk/vol1/run/ERR214/ERR2144985/11212.JB18.fastq.gz	
ERR2144999	PRJEB22679	SAMEA104306378	ERX2201532	749906	gut metagenome	OTHER	b962493322a905a3821868fb93a6d70c	ftp.sra.ebi.ac.uk/vol1/fastq/ERR214/009/ERR2144999/ERR2144999.fastq.gz	ftp.sra.ebi.ac.uk/vol1/run/ERR214/ERR2144999/11212.Lc259.fastq.gz	
ERR2145001	PRJEB22679	SAMEA104325004	ERX2201534	749906	gut metagenome	OTHER	00c666e3d5f1089e4b065e4eaa03b1a0	ftp.sra.ebi.ac.uk/vol1/fastq/ERR214/001/ERR2145001/ERR2145001.fastq.gz	ftp.sra.ebi.ac.uk/vol1/run/ERR214/ERR2145001/11212.Lc307.fastq.gz	
ERR2145005	PRJEB22679	SAMEA104306386	ERX2201538	749906	gut metagenome	OTHER	a88358e9c04c077a5ddcfc3060eedad9	ftp.sra.ebi.ac.uk/vol1/fastq/ERR214/005/ERR2145005/ERR2145005.fastq.gz	ftp.sra.ebi.ac.uk/vol1/run/ERR214/ERR2145005/11212.PVAbb.fastq.gz	
ERR2145008	PRJEB22679	SAMEA104306389	ERX2201541	749906	gut metagenome	OTHER	b2bb89af463f902268fd27cf7666d284	ftp.sra.ebi.ac.uk/vol1/fastq/ERR214/008/ERR2145008/ERR2145008.fastq.gz	ftp.sra.ebi.ac.uk/vol1/run/ERR214/ERR2145008/11212.PVPet.fastq.gz	
ERR2145009	PRJEB22679	SAMEA104306390	ERX2201542	749906	gut metagenome	OTHER	c54370d5442fbedb130f0bb3ce43e347	ftp.sra.ebi.ac.uk/vol1/fastq/ERR214/009/ERR2145009/ERR2145009.fastq.gz	ftp.sra.ebi.ac.uk/vol1/run/ERR214/ERR2145009/11212.PVQui.fastq.gz	
