run_accession	fastq_md5	fastq_bytes
ERR2124855	66a6259ac437968c605ad6b7c7aa8dc0	5471782
ERR2124859	24117d86da8570891175c44d26f8f49d	2291744
ERR2124863	5cb78d22ce639a4cc76e8d1734f30c0b	3094648
ERR2124870	1bfde8e78267006c22905e2df1232955	3272138
ERR2124873	0e8f760be29b054c6f2a90b314c4dab6	4109711
ERR2124874	ef633ccd7cb9182b5f8863ca1c8b9f72	3916890
ERR2124875	47965dacb704c4d84e08fa4ce756c9d9	3197789
ERR2124880	89a2eb9dc5734c6b1dd99bd19f7575c2	3681408
ERR2124885	860ea7a8c951d106c25916de401e1305	2362933
ERR2124887	54701f24438b9ef53c0bbe6afa72a658	2393340
ERR2124889	89ecc144482b540392cdd6bab0a7a150	1720591
ERR2124890	aa3180b2090615a20d35481de0643ce2	1841818
ERR2124895	964e917f7abc15034d66575382290592	1670133
ERR2124897	a4f9dcf3f3cecbd49a70d232b456b82e	1988143
ERR2124899	0173e40ae9230fdb65d979b2dfd71e28	2035790
ERR2124902	5ada89a5e686736e66d1fef5580f5255	2642165
ERR2124904	021075ec873a45661e7cd5a8572b98a5	2773943
ERR2124910	97d429e05f6e790282ca391f2c9cf0bc	2023558
ERR2124913	69cee7f08f465b8bd0df182ada6950b2	2184484
ERR2124918	e2d100ce764ce1f6e04e210e8664f71e	1743736
ERR2124920	fb221e2e42d54405e972648ac2264b72	1096291
ERR2124927	9a0b9c2a64e40dd129358c242478f048	1592590
ERR2124929	5ab9cc146b16ea47daf3761d52d68a63	2606222
ERR2124945	1dbbd7b6ad8e4f36158dbbc5c002c463	1614440
ERR2124947	db021d02462b230237d5fd7cd36e7bbc	2488281
ERR2124952	f5d878653880d99c8b3b4f787025b75a	3220156
ERR2124954	31372b1c970b6969d21cc7a48b613db9	3059245
ERR2124957	fece18134c42d07923e90f0a41bdc01f	1985019
ERR2124958	41336e8c57c8a8b05a37cbbba07af658	2404350
ERR2124960	33a507300f383833b890837db17b680f	3897956
ERR2124962	a10676567248d135e595a9653f1b310f	3025522
ERR2124968	cb4824b2bf5bf8ea213440a009ea0a10	1880594
ERR2124973	03da8d34d6390d7647e8658a5ae966f2	3332469
ERR2124980	abb837046735d85c8c6594b947a57fc7	2410295
ERR2124996	bb82d44f06319d53705d07e44e804c4a	2156723
ERR2124997	1e3410ff46d13d558e2e51c1b5fd3ef6	2306732
ERR2125003	9d41df28a0b0a23f978399fcc961c57f	2979919
ERR2144931	508ffca72726414c1ea2e30891011a85	907874659
ERR2144935	948ab156679c38338dfe920cad21d147	778128920
ERR2144936	5b534b2baf8dc1ccfb93c778b4c92cf6	731736142
ERR2144938	a829f0cf0d703f757f6a62bb140826f4	918949927
ERR2144939	ad34b95b850dced11c687c1162701c1a	1075820666
ERR2144940	164de37bb9521b6a6c60172468ff5f75	763326844
ERR2144946	06343a530adb55ae4876ecd1bdd6d603	1230690997
ERR2144949	638dcdb80549808d8d1969450cbf3d20	843892131
ERR2144952	c17bf739b2d86f6eaa55bf40820a70a4	711240550
ERR2144954	cf47ccee84c09e182458bb47c4aaa40c	662590636
ERR2144955	f823a697bc0e3f1a2705d22bddb471d4	1092847762
ERR2144960	faca5e15b3db5659973bab47b4684e76	692523661
ERR2144964	480ae8098792746808c3b9f9ea70afaa	505039508
ERR2144965	b523cfcfbc8578b85b799447172a4a91	678614052
ERR2144970	38b0a42de7516952b8474ce0829e43bc	407699309
ERR2144974	14fa7d47c558d4504c02872c4630796b	561942939
ERR2144976	bfe8703724703331695b120656b0a078	553237236
ERR2144978	33f33f9d4857fa4bc97f526be4ab46a1	1033851509
ERR2144980	d3595cdcdd61a9986e2072c68c115bda	549811871
ERR2144981	26f513d9aa34fc93d3a4893fa30ce32d	567413243
ERR2144984	8842cd44b6b8e90bc2dd44f5372e3a31	1303201631
ERR2144986	215d9c782b4579aa46a8842cd38c3e77	539115261
ERR2144987	6249efb1a16bab681a1bb128fc16d2a1	529005544
ERR2144990	7fcd18f49349ccc7f47f2ca5cbc8c0fe	759283090
ERR2144993	f35b6934937d8b40fc0c82b3633a6e24	735418815
ERR2144997	5662e2a6bb476cb05500aca8a5d38eb0	625549504
ERR2145000	61697f27916358e4f3aa0add6772ee73	1639429823
ERR2145003	625ee67cae8f9b0d304b1275f40c3d82	584185029
ERR2145007	560e6c1ebcd47cbbe0af4a0d8f240bd9	540274256
ERR2145010	13ceadbfd11e1787c1d1744bc9a11e66	951879999
ERR2145014	a10392eb01d0c443d21e522b5cd00c25	1259110534
ERR2145016	e1f59846e2f6fdf70a9f275df194c74c	1103913166
ERR2145019	a3ce8a033c8cf800495643b20a8e79f4	834798715
ERR2145021	8228b75173a1a0172654389c6977073d	677461191
ERR2124852	6a79f95dd3c4914db7759c09fe536756	4033592
ERR2124856	13ce777c95f0963c89209e3aec19f4bb	2299310
ERR2124858	c60d32780842bce70818a32ee7f606e6	3840377
ERR2124864	20045b5dcd1feb256a9de2fc6bdd67da	2871751
ERR2124865	b98878db76a7728ae9ec8a9f9609f006	4934577
ERR2124871	3593571d9eb51f9a5c038148de3d417f	3090951
ERR2124872	b2b4fdfc7dae361daf056ca0d9408747	2935482
ERR2124881	de45054eef31620e2cf88cb30204f5c2	1490335
ERR2124882	89178ef5c6e00992cb625e44b991e5e7	1617979
ERR2124886	690bd81990a6d75b1a22e531babc6759	1546217
ERR2124893	2897c877b8fbfa268702d33c2d1a9048	2568520
ERR2124894	5f4e92edb549b2afdeb45cceaa44b124	5196583
ERR2124908	0a375c0bacea0a5452665300664cb970	1705107
ERR2124909	471505ed457a453c27743ab66e3e94d3	2665067
ERR2124912	29943491666a265efc60089776158ef5	2186687
ERR2124926	f120b89c5dee75affd6d3c0709836a27	1488053
ERR2124940	60e475ce23d5da5815cceaf0d9819d69	2137655
ERR2124944	3da1ffa087576cede30346ecc1e7a85d	2561170
ERR2124946	f0a27b43001fb247cc910fe157dee5fa	1868101
ERR2124959	fe0ee010d847e18f802ecc065e391803	3896172
ERR2124961	fc096cfbef0b1606e3a8ff23947f5c21	3791757
ERR2124966	3e997973502ba4ebdd20968ecdc5e0cf	1536187
ERR2124971	cd4b979759c175052db36b3e5f49b5a3	1777480
ERR2124972	91307a39a73b0591aa3450106dc58f92	1640051
ERR2124975	98805237e1fc4177434838ab65f3de5f	2176327
ERR2124976	5cc36554a2dabe9c3e522f35baa4c1c5	4151159
ERR2124985	2e82f0171575f0b49a87444d564da31f	3322368
ERR2124988	449adc76cbec6648e0424500f8be82c9	3766227
ERR2124989	22a17e3b7b7f4cf02f19ea2ec5ae6264	3953025
ERR2124998	8b5d4db41edf25fc3cb7d3ab4d0d6b4e	2898754
ERR2124999	dcb122cbc54205063d1570487a4a438f	1933239
ERR2144929	09243e9a8b69ec7076e3928545fd14e7	989140375
ERR2144930	a605ed6eb1a549cd314f080c0d9231ab	635265375
ERR2144942	0240f994e37ae6db2569adf7b039efdf	714580761
ERR2144944	c513c0067c554ee93b10b413a03e5e00	1021415893
ERR2144947	13f4b3992172c34d20e6c502d8ad39c4	1203342256
ERR2144950	b7654720bd31c47b6d0950b62cc7a5d2	739024573
ERR2144956	517d56af81998e09c4d7a8395d763e39	950541490
ERR2144959	f5dafef4fae4ec6b7bb6ddf50c9d7c01	1151296650
ERR2144961	5288585f9542f7ca4443ce395f5004dd	1062444721
ERR2144962	770cd55972c12d7b5ddb64707e7094c1	768477901
ERR2144972	f0827422078b3b35117e7f8126270737	493491145
ERR2144991	3b2fadec4d2022074dfddfb4ce30cb3c	1909936232
ERR2144994	0adfc790e6bd5cc915dfde6423ba260e	499505839
ERR2144996	b4e7d5a7cee7b252d8cc7e0a798481ca	1144413420
ERR2145006	72d19933eff461610a30996c1e3add31	716394097
ERR2145012	32584e0b3a3faf0132f17b058e43233a	874690227
ERR2145015	c656b27aaaab2a9a7978fbd563527b72	2099728790
ERR2124853	a217962fecc22b1e68bf43d035011b78	4973163
ERR2124857	a976ee8c371d602fc751b5bfe0bc7a9c	4151667
ERR2124861	acb28f2b6945edba9bafbc4e528b5edc	5288535
ERR2124866	569e92a4c2c3ba4cd3265624e314f8ce	1458697
ERR2124876	9bb463ea75882dc961f097c553f13b2c	4081977
ERR2124891	7b793c7cd7b9e9cb1314ef5d2bbefe0c	1585345
ERR2124903	15532e83b0010dbae42592cc2f6a77c0	2760366
ERR2124905	912837601896415e8f1bc6a0db0433c3	2725128
ERR2124914	69928e9ba96e15f192e002d03674a71e	2215132
ERR2124917	a2f7b4bf3a8bcbae1721af8c9d7ea8a8	1585757
ERR2124921	709f3a573dcee080dca83157686ce7ee	1543217
ERR2124923	68b4add67f3cec4ffe17679af367ce47	1268889
ERR2124928	36ed2de6f748c89d2ae643b5523e7b64	2068970
ERR2124936	5165867ae6b89756d240a93fce0c1c46	2352591
ERR2124939	166d78a2331568b86cac2e4bb631e085	1733957
ERR2124941	d6fb9c1204ac9038a32e495e4c1c1277	2748907
ERR2124942	3fc40b6acd16e0dc3bf2cc6262fa3a31	2814711
ERR2124943	0feb4b5bc5d71ad23e103c87c3d01dd0	1991736
ERR2124956	2622dca956565ded35980b83319291db	2043999
ERR2124963	4680cf25729dba827d79fbdbf691a64f	1249545
ERR2124964	a8d9e8998ebc1358b825adbdceac854a	2331496
ERR2124969	aeada8af4374dd68fe859cc6bcd2a6c5	1763284
ERR2124994	eb2f44df8e70219f10869da8a138578d	2158811
ERR2125002	8b09e7739b2e3f2d07f2dedaf068ff4f	2999410
ERR2144932	048721854c1c1f6a306a9bc152c40560	1360918291
ERR2144933	5e38d13e1de507b388131436ae3be9a9	650822892
ERR2144934	cb27f5763dfca93a947137847670dd68	526745055
ERR2144945	864012255aeb42d7e176087613d4dd84	885781207
ERR2144953	9e4ba638a480bfe2b731aa0be78039c2	618545169
ERR2144957	46823852c8acd6ff5cecb09f6631e0cb	673480217
ERR2144958	07447631c1405a5e428e8a10d0e32f77	732376969
ERR2144963	d79fb99e1268fec4eafa4409d0b1149e	504841457
ERR2144966	880a94c0a15a4544af9be24bf3a9f2ec	582284499
ERR2144969	b4a0f7712d1b4c2fb9a70c405532fde6	510231211
ERR2144973	c1090ca0f0f61366a89f8eb83f4120ab	498709729
ERR2144982	a5a8862d3b1abcf7d38c9b739187c259	731157486
ERR2144985	8fcf514a8947d86546d6d380d9587788	829458065
ERR2144999	b962493322a905a3821868fb93a6d70c	883726794
ERR2145001	00c666e3d5f1089e4b065e4eaa03b1a0	477432943
ERR2145005	a88358e9c04c077a5ddcfc3060eedad9	633453677
ERR2145008	b2bb89af463f902268fd27cf7666d284	521695283
ERR2145009	c54370d5442fbedb130f0bb3ce43e347	723383706
ERR2124862	2a0a4c8d32464cdfe694fdf89adc92ac	4145362
ERR2124867	238c87c77fdc716bcc7437b96b6a5a1c	2328348
ERR2124869	54314ed89fd92167189c1b9d70f3502b	2323582
ERR2124878	5d8cf1cba109d3375222707951acdbe1	1755291
ERR2124900	191ca2c23b5bfadddeabc7107bee8395	3402700
ERR2124901	9f568520281e324d3af90ace0c16330a	3486424
ERR2124915	43cd895f7b0f5d6fd25e7b9083ca15a5	1303342
ERR2124924	9bc6744f26c13a20440d2d83b3d971b2	1413290
ERR2124930	eef97c34d7fe71b172b2be102e5b7afb	1644147
ERR2124931	d3784ef6012b38f9404e5ae773ca9180	1997396
ERR2124932	a8fc6eb5de438ebfe87e670ce8683d8e	1827334
ERR2124934	38f20b180c221b928f6693fbb7539b39	3219248
ERR2124938	2c66ba8dc19206e9534153de9d4c3fce	2186253
ERR2124949	54f1dbcb920c49b87821919e26fc8972	2515309
ERR2124951	e4ffc0124a9f434b56c52f350f30d91e	1866844
ERR2124953	69a84b0c8ce2f5ffcf72160be808120a	2672786
ERR2124974	36cdf6d7c0e35faff245d2073203cf68	2991916
ERR2124977	79c8729db1dd9f6534e4fc7524d20e8a	2135087
ERR2124979	dd53ea819fd17276a115b1aa54b20ec8	3044255
ERR2124983	663ee3fac6f554647283743c1173cb76	1767674
ERR2124984	bbf33d28d2f46668304b711515353fe0	3222467
ERR2124986	d2d54c6a20f127ac25113741d3cd6c79	3298508
ERR2124990	5d2d859a7117e9ffca00808148ef3cda	2292762
ERR2124991	8bec31f525610d78065f861c99bbf697	2534551
ERR2124992	2ce0151f0dcf04c5b5ef0812a706e8da	2341657
ERR2124993	4e071875a7f4835071f0bf12007e01fa	1864136
ERR2124995	4c899fbd08c0e39e84fcafd98496724b	2263893
ERR2125004	f42eacb3dc6d552388eefc42376b62d3	2270806
ERR2144941	f8949685b5938c6e2a695f480ed25920	896252256
ERR2144943	7afef2600e9596fa6efed43f685aee27	888554531
ERR2144948	9468ad94868723834a6e4289c0d83542	899386712
ERR2144967	8442f44738afc35bb268929395f5bbdd	1236291553
ERR2144983	7e23cf01076c1042451e5fcecd8a7c84	634484873
ERR2144988	5f173584a9ca2b4441ebc3025de45224	830528967
ERR2145011	174121cf50d3d147f031bb6fdc057c17	1385301937
ERR2145022	af5b01a642da1ab34acda9a2057ffb4d	761797655
ERR2145023	6ff3fbe5840b187dd51e3c95450bd73a	841446419
ERR2124854	5ceac5b7871071c152fabea03adf26e3	5958689
ERR2124860	7d04dd30278359303d52bfc3db568ce1	2414109
ERR2124868	adde6c916158f943917f3efa81387c6b	3119131
ERR2124877	14457ce919f997186b29eb03560e63e2	3759727
ERR2124879	1bb0fe3725ee6100842d12df6182fc35	2129242
ERR2124883	8a1025474cc5754d0d2ecf5a50a3085f	1922831
ERR2124884	ee907ab5905c2ad64b33c9aede320638	2626535
ERR2124888	f3d4a3c6131e3c5de55427d7cc4e1516	2765578
ERR2124892	5182e7fabe563197b95f69127e739374	2491357
ERR2124896	d5f2e2769ab4499a4fc72d3f92382b5d	4869406
ERR2124898	a5c41ad48d3c5f8e04c7751751412763	1644797
ERR2124906	d2374e593dc137fa7a5d3b859e5e2633	3650604
ERR2124907	be79c08592b70e997d6856c44a104575	2845352
ERR2124911	788949d970a7bb543be941b16965bf56	3290479
ERR2124916	33d11a54815c8df75aa960d1d3cf637a	1213579
ERR2124919	386dcc1178bb0df20f5209acb74b0f0f	1390178
ERR2124922	59b43d06f4288e2fd48c4612f9a9e816	1444582
ERR2124925	9f130b692b235612d82ae7acd20d4a86	1233368
ERR2124933	501280f865609fc6b0b65eb5d07dc78e	1989510
ERR2124935	f208a9238791843a6011fb1e8516de78	2323719
ERR2124937	b5c2293ff513a0f834d384add3a91975	2370813
ERR2124948	e7a495a09b33b54ee6bb50a27db9bd80	1687187
ERR2124950	3b600bd6240218e6863e37adb61895da	2914166
ERR2124955	8df0f50f463288bb0b06eb9cad23f77f	2181136
ERR2124965	58a65ec263bb928345068bc60967a3d3	1375242
ERR2124967	cfd81a81c62818f439d62825b476ab2a	1711570
ERR2124970	a3054423ea77c5198668cda094332b8c	1726879
ERR2124978	9cdfe371165834423ff35c80b4de1964	5209042
ERR2124981	e8b45d27043affd48dcde8c909425d15	2704358
ERR2124982	122c07338f6e369209a003e663fde53d	3211191
ERR2124987	80f1038f510502d21adc6741ce7e10bf	2120479
ERR2125000	1c0069b50584ca628202d1568948c829	2291661
ERR2125001	b19e2761ba8b731934a29b6367fbbcdb	2073095
ERR2125005	26a20148aadb511c1522e19313d90fe7	1838206
ERR2144937	c3fe9309f84a0f8e7364ffba4da5408a	826405228
ERR2144951	2037deb8dded0673139b7ecc56f6c094	749948293
ERR2144968	d04196288eea50a95fb72c58eeb3a2f9	722733688
ERR2144971	d96c97b529e503ca9036a0386546af3c	480129986
ERR2144975	f7b3a305e061e865d8da4ffc516f6303	557530349
ERR2144977	5661ae7aae8da1977b4c910d14ae4395	472645459
ERR2144979	59c45234c0b64c7b1176ee0951902f29	770785520
ERR2144989	307a900b96a6baea3c2a443e30191f39	510996823
ERR2144992	2a22351153d60623c99690c4b45f7abd	579804429
ERR2144995	b10803190b95d293cce800661dbc5268	992388571
ERR2144998	1e265209acd9a211d9268e1f735f1e51	770625155
ERR2145002	017d73d698f0979346e5670f6eacfb0d	708688910
ERR2145004	97ab2f9a2220451029e81169ee10345b	845768805
ERR2145013	78d9d6544940a56065a80965dab43b59	799280071
ERR2145017	d0dd8916fdf91be9251ad9eab91df1cd	728366046
ERR2145018	86dbd493eaedb9fd7578991d71458ab6	879792964
ERR2145020	1eeec513a06c0c8e2d2531a07df6d2d9	670682348
