genus	n_asvs
Xylanibacter	131
UCG-005	70
Candidatus_Cryptobacteroides	55
Solibaculum	43
Faecalibacterium	39
UCG-004	34
Treponema	32
NK4A214_group	25
Clostridium--other	24
Segatella	24
Aristaeella	24
Tepidibaculum	23
Vescimonas	18
Paraphocaeicola	16
Qingrenia	16
Bacteroides	13
Coprococcus	13
Anaeropeptidivorans	12
Eubacterium--other	12
Anaeroplasma	11
Ruminococcoides	11
Blautia	11
Oribacterium	11
Anaerostipes--other	11
Sodaliphilus	11
Butyrivibrio	10
Family_XIII_AD3011_group	10
Lactimicrobium	9
Alloprevotella	9
Mogibacterium	9
Candidatus_Gastranaerophilus	9
Marvinbryantia	9
Phascolarctobacterium	8
Lachnospira	8
Tyzzerella	8
Desulfovibrio	7
Prevotellaceae_UCG-003	7
Fusimonas	7
Intestinibacillus	6
Hallella	6
Parabacteroides	6
Phocaeicola	6
Ruminococcus	6
Flavonifractor	6
Collinsella	6
hoa5-07d05_gut_group	5
Lachnospiraceae_AC2044_group	5
Candidatus_Pseudoruminococcus	5
Senegalimassilia	5
Anaerovibrio	5
Roseburia	5
Campylobacter	5
Butyribacter	5
Akkermansia	5
Raoultibacter	5
Caecibacteroides	4
Candidatus_Methanogranum	4
Prevotellaceae_UCG-004	4
Monoglobus--other	4
Anaerobutyricum	4
Lepagella	4
Coprococcus--other	4
Gemmiger	4
Hallerella	4
Maliibacterium	4
Sutterella--other	4
Flexilinea	4
Acutalibacter	4
Ellagibacter	4
Methanobrevibacter	4
Allofournierella	4
Candidatus_Nucleicoccus--other	3
Dorea	3
Succinivibrio	3
Dialister--other	3
Coriobacteriaceae_UCG-003	3
Holdemanella	3
Helicobacter	3
Pilosibacter	3
Shuttleworthella	3
Agathobaculum	3
Candidatus_Egerieousia	3
Acetatifactor	3
Chordicoccus	3
Candidatus_Lachnoclostridium	3
Muribaculum	3
Anaerotignum--other	3
Candidatus_Ferrisolea	3
UCG-009	3
Bifidobacterium	2
Thermophilibacter	2
Sutterella	2
Prevotella	2
Pseudobutyrivibrio	2
Victivallis	2
Candidatus_Bruticola	2
Slackia--other	2
Synergistes	2
Methanosphaera	2
Anaerovorax	2
Candidatus_CacconasterCandidatus_Coprenecus	2
Lachnospiraceae_UCG-002	2
Candidatus_Limisoma	2
Candidatus_Onthomorpha	2
Agathobacter	2
Paramuribaculum	2
Candidatus_Evtepia	2
Pararoseburia	2
Candidatus_Formicimonas	2
Fusicatenibacter	2
Paludihabitans	2
Parolsenella	2
Clostridium	2
Longibaculum--other	2
Escherichia-Shigella	1
Candidatus_Limimorpha	1
Faecalibacillus	1
Candidatus_Methanospyradousia	1
Catenibacterium	1
Scatolibacter	1
Candidatus_Ozemibacter	1
Cerasicoccus	1
Candidatus_Colimorpha	1
Absicoccus	1
Candidatus_Amyloruptor	1
Streptococcus	1
Thomasclavelia	1
Galactobacillus	1
Lacrimispora	1
Sarcina	1
Duncaniella	1
M2PB4-65_termite_group	1
Lachnospiraceae_XPB1014_group	1
Beduinella	1
Paraprevotella	1
Oscillibacter--other	1
Pusillibacter	1
Elusimicrobium	1
Candidatus_Stoquefichus	1
Angelakisella	1
Intestinimonas	1
Intestinibacter	1
Mesosutterella	1
Lacrimispora--other	1
Megamonas	1
Schwartzia	1
Saccharofermentans	1
Staphylococcus--other	1
Lactobacillus--other	1
Faecalimonas	1
UCG-003	1
Bacteroides--other	1
Ihuprevotella	1
Methanomethylophilus	1
Kurthia	1
GWE2-31-10	1
Fibrobacter	1
Christensenellaceae_R-7_group--other	1
Lachnospiraceae_UCG-010	1
Oliverpabstia	1
Defluviitalea	1
Ruminiclostridium	1
Megasphaera	1
Pyramidobacter	1
V9D2013_group	1
Succinatimonas	1
Sphaerochaeta	1
Candidatus_Limenecus	1
Anaerofilum	1
Ructibacterium	1
Malacoplasma	1
Anaerorhabdus	1
Peptococcus	1
Lachnoanaerobaculum	1
Alistipes	1
Macellibacteroides	1
Oxalobacter	1
Morganella	1
Tannerella	1
Acidaminococcus	1
Usitatibacter	1
Hominibacterium	1
Acutalibacter--other	1
Cloacibacillus	1
Turicimonas	1
Barnesiella	1
UCG-007	1
Anaerolactibacter	1
Brachybacterium	1
Asteroleplasma	1
Allocoprobacillus	1
Subdoligranulum	1
Trichomitus	1
Odoribacter	1
Candidatus_Paraimprobicoccus	1
Breznakia	1
Catenibacillus	1
Lachnospiraceae_UCG-003	1
