taxon	Alouatta caraya	Alouatta palliata	Alouatta seniculus	Ateles belzebuth	Cercopithecus ascanius	Colobus guereza	Eulemur rubriventer	Gorilla gorilla	Lemur catta	Pan troglodytes	Papio anubis	Papio hamadryas	Piliocolobus badius	Propithecus verreauxi	Theropithecus gelada
Xylanibacter	0.165986	0.083920	0.136681	0.448012	0.011906	0.000648	0.052173	0.062232	0.069427	0.044845	0.013614	0.006782	0.003271	0.180793	0.052501
UCG-005	0.108530	0.022049	0.049317	0.001445	0.058597	0.186296	0.005813	0.025890	0.002913	0.008427	0.028593	0.039661	0.256583	0.013448	0.068005
Segatella	0.000563	0.000218	0.004282	0.001460	0.098415	0.000736	0.000000	0.019384	0.000000	0.023948	0.146599	0.086271	0.000861	0.000000	0.080400
Candidatus_Cryptobacteroides	0.018706	0.036818	0.026332	0.003021	0.012935	0.002738	0.026943	0.027049	0.038326	0.032061	0.024114	0.057263	0.012268	0.047823	0.082532
UCG-004	0.004080	0.012253	0.012784	0.000000	0.000000	0.000000	0.027511	0.032411	0.253525	0.040034	0.003357	0.003533	0.000018	0.000000	0.002820
Solibaculum	0.005973	0.006705	0.012742	0.001867	0.036170	0.067919	0.000801	0.047284	0.008233	0.017456	0.034623	0.037477	0.031366	0.004834	0.015163
Faecalibacterium	0.079595	0.010434	0.017980	0.062012	0.031090	0.027106	0.003928	0.004937	0.002842	0.004064	0.038148	0.026015	0.003736	0.000000	0.003167
Treponema	0.000032	0.037084	0.000000	0.000000	0.019496	0.001326	0.034122	0.041179	0.033032	0.010863	0.030762	0.028289	0.008746	0.000022	0.017335
NK4A214_group	0.009562	0.004166	0.003339	0.000383	0.028754	0.014600	0.000243	0.057877	0.015640	0.020353	0.017185	0.017448	0.016937	0.000000	0.025365
Vescimonas	0.000044	0.000142	0.000000	0.000000	0.070025	0.010286	0.000000	0.005044	0.000037	0.019478	0.035979	0.052647	0.003703	0.000000	0.018997
Clostridium--other	0.052146	0.017500	0.029318	0.005912	0.008868	0.013244	0.008975	0.000164	0.009330	0.007309	0.005103	0.004231	0.000000	0.000084	0.000931
Paraphocaeicola	0.000000	0.000000	0.000000	0.000000	0.000000	0.000382	0.079016	0.000000	0.022832	0.000000	0.000000	0.000000	0.011625	0.041689	0.000000
Aristaeella	0.000012	0.000000	0.000021	0.000000	0.014964	0.040747	0.000000	0.012064	0.000000	0.023660	0.005906	0.012961	0.003063	0.013786	0.014689
Escherichia-Shigella	0.001264	0.000532	0.000093	0.000000	0.000070	0.000345	0.000793	0.000355	0.003165	0.032716	0.000565	0.000137	0.009577	0.080253	0.000000
Tepidibaculum	0.020066	0.016956	0.020303	0.001569	0.006593	0.019027	0.002575	0.000592	0.003308	0.001569	0.004951	0.027688	0.000780	0.000000	0.001347
Intestinibacillus	0.007159	0.000858	0.004288	0.006977	0.022743	0.000173	0.000000	0.028215	0.000000	0.017211	0.016742	0.012566	0.000297	0.000034	0.004167
Bacteroides	0.001373	0.003655	0.025517	0.001052	0.000709	0.019358	0.003291	0.006304	0.009118	0.009229	0.000474	0.000681	0.039550	0.000000	0.000249
Alloprevotella	0.004482	0.003527	0.004658	0.078053	0.008257	0.000000	0.000000	0.003295	0.000035	0.009907	0.000501	0.004319	0.000032	0.000000	0.000000
Butyrivibrio	0.001889	0.000859	0.000451	0.000000	0.004855	0.000000	0.000000	0.040462	0.000000	0.020254	0.005300	0.004404	0.000000	0.028187	0.000140
Blautia	0.006484	0.000499	0.004010	0.003482	0.026217	0.000000	0.000000	0.002965	0.000000	0.011927	0.022302	0.019623	0.000000	0.000000	0.001080
Other_genera	0.151846	0.201458	0.154735	0.086250	0.321936	0.255128	0.290265	0.280659	0.218196	0.341552	0.365372	0.288547	0.198536	0.144148	0.303149
No_resolution	0.360209	0.540369	0.493149	0.298504	0.217401	0.339943	0.463550	0.301636	0.310042	0.303135	0.199808	0.269458	0.399049	0.444900	0.307963
