	Alouatta caraya	Alouatta caraya	Alouatta caraya	Alouatta caraya	Alouatta caraya	Alouatta caraya	Alouatta caraya	Alouatta caraya	Alouatta caraya	Alouatta caraya	Alouatta caraya	Alouatta caraya	Alouatta palliata	Alouatta palliata	Alouatta palliata	Alouatta palliata	Alouatta palliata	Alouatta palliata	Alouatta palliata	Alouatta palliata	Alouatta palliata	Alouatta palliata	Alouatta palliata	Alouatta palliata	Alouatta seniculus	Alouatta seniculus	Alouatta seniculus	Alouatta seniculus	Alouatta seniculus	Alouatta seniculus	Alouatta seniculus	Alouatta seniculus	Alouatta seniculus	Alouatta seniculus	Ateles belzebuth	Ateles belzebuth	Ateles belzebuth	Ateles belzebuth	Ateles belzebuth	Colobus guereza	Colobus guereza	Colobus guereza	Colobus guereza	Colobus guereza	Colobus guereza	Colobus guereza	Colobus guereza	Eulemur rubriventer	Eulemur rubriventer	Eulemur rubriventer	Eulemur rubriventer	Eulemur rubriventer	Eulemur rubriventer	Eulemur rubriventer	Eulemur rubriventer	Eulemur rubriventer	Eulemur rubriventer	Eulemur rubriventer	Eulemur rubriventer	Gorilla gorilla	Gorilla gorilla	Gorilla gorilla	Gorilla gorilla	Gorilla gorilla	Gorilla gorilla	Gorilla gorilla	Gorilla gorilla	Gorilla gorilla	Gorilla gorilla	Gorilla gorilla	Papio hamadryas	Papio anubis	Papio hamadryas	Papio hamadryas	Papio hamadryas	Papio hamadryas	Papio hamadryas	Papio anubis	Papio anubis	Papio hamadryas	Theropithecus gelada	Papio anubis	Theropithecus gelada	Theropithecus gelada	Papio anubis	Papio anubis	Theropithecus gelada	Theropithecus gelada	Theropithecus gelada	Papio anubis	Theropithecus gelada	Lemur catta	Lemur catta	Lemur catta	Lemur catta	Lemur catta	Lemur catta	Lemur catta	Lemur catta	Lemur catta	Lemur catta	Pan troglodytes	Propithecus verreauxi	Propithecus verreauxi	Propithecus verreauxi	Propithecus verreauxi	Propithecus verreauxi	Propithecus verreauxi	Pan troglodytes	Pan troglodytes	Pan troglodytes	Pan troglodytes	Pan troglodytes	Pan troglodytes	Pan troglodytes	Pan troglodytes	Pan troglodytes	Pan troglodytes	Pan troglodytes	Piliocolobus badius	Cercopithecus ascanius	Piliocolobus badius	Piliocolobus badius	Piliocolobus badius	Piliocolobus badius	Piliocolobus badius	Piliocolobus badius	Cercopithecus ascanius	Cercopithecus ascanius	Cercopithecus ascanius	Cercopithecus ascanius	Cercopithecus ascanius	Cercopithecus ascanius	Cercopithecus ascanius
Xylanibacter	11.837154	14.422651	20.220398	15.338399	19.315803	19.811928	10.439687	22.615477	16.158667	16.774350	11.525424	20.723194	5.084282	3.352163	9.923529	4.687196	11.272046	8.383039	6.101451	4.789905	2.990524	11.138159	17.537936	15.443170	2.861384	15.907288	6.386675	16.591349	2.263964	12.794864	15.778468	16.071954	21.528577	26.496878	16.045587	47.045008	51.583098	58.683716	50.648731	0.000000	0.184091	0.191402	0.000000	0.000000	0.142889	0.000000	0.000000	8.104167	8.486115	1.499842	4.477831	4.734300	4.174074	2.151689	2.940276	2.084855	6.876228	8.179838	8.897981	5.196451	10.605009	5.910081	7.842895	4.928672	5.976377	1.598418	11.305980	6.668471	2.136577	6.285840	0.083497	0.838243	0.426087	0.758480	0.453786	2.532243	0.337333	2.517287	0.937516	0.156308	4.543915	3.503759	1.246432	17.237834	0.784034	0.655469	3.644492	8.292571	0.590834	0.293741	1.194596	6.075350	9.660011	3.631844	7.211508	5.494084	6.574594	9.793321	9.523530	4.623797	6.838906	9.899765	26.704046	10.217992	15.262973	18.542501	25.848581	11.899527	0.905546	9.243279	3.111072	4.659097	7.745929	1.766626	1.291396	1.352865	4.652415	2.857002	6.329464	0.129116	0.199834	0.111964	0.000000	0.306128	0.249082	0.430360	1.063215	2.608581	0.664709	0.675526	3.554408	0.486480	0.891696	0.443725
UCG-005	17.715817	9.746004	12.475080	13.918459	11.983921	4.690605	8.834765	7.455652	3.721437	12.384914	7.305763	20.004177	0.993166	3.963549	3.117647	1.656305	2.911697	1.556017	2.093837	2.226480	2.235229	1.554970	1.604969	2.545316	1.546137	7.764167	14.830827	6.369701	4.605476	4.623271	1.523480	4.465249	0.997315	2.591731	0.159882	0.192508	0.189431	0.123977	0.056671	21.698113	19.950909	23.133826	6.978224	19.776993	17.866564	17.212017	22.420325	0.340278	0.316797	0.899905	1.585593	0.856683	0.618645	0.812969	0.269525	0.849877	0.000000	0.092428	0.332788	3.816364	2.349549	2.511388	1.550052	2.613424	3.772698	2.090238	2.280683	4.395129	1.776684	1.323335	4.764244	3.389419	2.120407	2.240789	3.688376	2.076125	6.554507	1.455781	2.969675	6.318128	13.083226	3.169173	3.840457	3.536669	1.645824	2.487803	9.467096	12.464752	2.656186	4.897458	2.555108	0.407653	0.622691	0.462611	0.000000	0.000000	0.378092	0.411105	0.468851	0.000000	0.162107	1.249925	0.966568	0.675715	2.886163	0.954837	0.580085	2.005463	0.342288	0.862927	0.805809	1.503278	0.733129	0.761697	0.301326	0.577337	1.074256	1.325058	0.575825	21.562298	3.606765	25.479846	28.922919	23.888919	32.729311	26.676727	20.347880	2.457454	5.116710	7.220377	4.861001	8.448534	8.211035	6.955687
Segatella	0.074125	0.139349	0.114594	0.069389	0.000000	0.086759	0.000000	0.000000	0.077854	0.113067	0.000000	0.000000	0.078967	0.086013	0.000000	0.097144	0.000000	0.000000	0.000000	0.000000	0.000000	0.000000	0.000000	0.000000	0.907067	0.096942	0.050182	3.019869	0.040928	0.039813	0.000000	0.000000	0.057537	0.069385	0.213176	0.000000	0.394325	0.000000	0.122289	0.191877	0.107387	0.000000	0.039149	0.048318	0.060453	0.080330	0.061288	0.000000	0.000000	0.000000	0.000000	0.000000	0.000000	0.000000	0.000000	0.000000	0.000000	0.000000	0.000000	1.070272	1.383030	2.111309	4.254925	0.923761	2.168420	1.817599	2.233770	1.391069	0.501116	3.467137	4.125737	11.990524	6.947717	11.338698	15.207290	4.739436	6.558777	15.534393	10.328393	11.472173	17.207287	24.398496	2.644604	20.047978	19.147282	13.433392	6.105150	8.695402	0.996712	7.786798	0.583077	0.000000	0.000000	0.000000	0.000000	0.000000	0.000000	0.000000	0.000000	0.000000	0.000000	9.304994	0.000000	0.000000	0.000000	0.000000	0.000000	0.000000	0.437608	2.658480	0.670032	4.787036	3.211946	0.092812	0.505079	0.366221	2.390824	0.263534	4.049198	0.111509	5.843934	0.103967	0.070481	0.027333	0.136995	0.072658	0.080075	20.211578	14.659659	4.401993	4.876886	6.295861	5.987987	16.453799
Candidatus_Cryptobacteroides	2.218041	1.133796	0.882219	1.032376	0.866762	0.923568	3.709781	2.840860	7.493480	0.209982	0.569492	0.566860	3.110099	1.441291	1.270588	2.894890	4.755673	4.775026	2.808931	4.086284	2.048495	3.919718	7.532933	5.537847	0.449410	4.402045	1.488101	1.542214	3.608125	1.697024	0.000000	9.489266	1.006904	2.648871	0.000000	0.138605	0.722929	0.106266	0.542846	0.363767	1.081537	0.744917	0.000000	0.000000	0.000000	0.000000	0.000000	2.736111	1.435697	2.426060	2.290300	4.392915	4.486952	4.279038	2.021440	2.589469	3.525119	1.247772	0.900164	3.562878	9.755967	1.889483	1.624159	1.227783	1.286948	1.667914	1.205298	2.576455	1.790351	3.167181	14.184676	3.316528	2.571557	3.403534	2.617440	0.702527	9.389812	0.582312	3.152988	7.214841	6.947924	0.751880	9.888363	0.918437	1.214929	4.245652	15.479256	7.728607	11.164201	3.615680	5.645888	2.735223	9.390178	1.139267	2.272293	3.911043	3.833430	4.668581	3.440192	2.664913	4.270517	8.215084	3.297209	3.684118	4.047667	8.599023	5.118006	3.947631	1.044194	1.473614	4.194339	1.508609	2.283517	5.143058	0.777708	3.050409	6.038986	0.827545	3.915607	1.068138	0.073110	0.183941	0.627923	2.727819	0.093406	1.581712	2.304373	0.525659	0.334931	0.454042	2.041303	2.878339	1.096043	2.944175
UCG-004	0.248033	0.137238	0.021977	0.072774	0.000000	3.182111	0.000000	0.265661	0.000000	0.488613	0.480000	0.000000	0.920273	3.282423	0.441176	1.253157	0.062457	0.414938	0.473300	2.368525	1.783724	2.782056	0.854594	0.066606	0.053599	0.630122	0.000000	0.982713	0.605303	0.910720	0.131437	1.940986	0.978136	6.550753	0.000000	0.000000	0.000000	0.000000	0.000000	0.000000	0.000000	0.000000	0.000000	0.000000	0.000000	0.000000	0.000000	1.423611	3.006201	2.757604	1.008124	3.008052	2.986560	5.505793	4.937213	3.572140	0.000000	2.713409	2.094926	2.049007	9.707908	0.926916	0.975730	2.730355	3.132162	3.293061	1.107863	0.855210	4.892716	5.981473	0.442043	0.291563	0.877237	0.346514	0.384811	0.041942	0.273282	0.072789	1.330330	0.106947	0.250559	0.097744	0.578056	0.109664	0.042118	0.424565	0.168097	0.362548	0.339088	0.090793	0.165916	21.776580	9.506414	37.084858	18.483865	23.800394	14.467258	37.658388	43.913731	35.024573	11.808511	6.587766	0.000000	0.000000	0.000000	0.000000	0.000000	0.000000	0.376950	1.218055	15.124413	2.670718	6.012259	1.072137	2.709063	0.797070	3.042378	2.063938	6.366317	0.000000	0.000000	0.000000	0.000000	0.000000	0.012454	0.000000	0.000000	0.000000	0.000000	0.000000	0.000000	0.000000	0.000000	0.000000
Solibaculum	0.307903	0.109790	0.761346	1.110227	0.188426	0.708069	0.197411	0.218528	0.681225	1.847440	0.425763	0.611612	0.306758	0.660204	0.470588	0.806295	0.511555	0.508947	0.653359	0.763081	0.760870	1.649362	0.483575	0.471002	0.309227	1.026703	0.443921	0.602539	0.792711	2.518165	3.620504	0.931281	1.965861	0.530591	0.286968	0.277211	0.259017	0.000000	0.110359	5.428526	8.238092	4.293622	0.973819	7.091619	8.534843	10.876667	8.897927	0.215278	0.000000	0.000000	0.000000	0.000000	0.092441	0.000000	0.000000	0.126154	0.000000	0.085826	0.441899	4.745810	6.803012	12.053872	2.099673	5.811506	2.362344	4.244627	2.825593	3.377537	4.031707	3.656815	5.196464	4.154771	3.358564	4.019559	2.356059	4.283318	4.773902	1.910712	1.990258	2.245897	0.751676	2.266917	2.583186	1.932831	4.619970	3.173066	1.105150	0.811417	1.561858	6.120487	1.867741	0.493129	0.303043	0.000000	0.464643	1.429667	2.882949	0.000000	0.187540	1.038278	1.433637	1.077833	0.347295	0.141019	1.397828	0.219503	0.268496	0.526351	1.217504	3.079987	0.221376	1.433978	0.853314	1.782628	0.281237	2.490306	3.594314	3.334811	1.580063	3.650449	2.773310	3.694818	3.562504	2.990215	3.213152	2.095909	2.749233	1.038176	1.988973	2.857143	7.220016	6.539101	3.839247	2.680338
Faecalibacterium	3.977078	8.023140	6.027974	6.510738	9.165899	4.231620	11.116524	11.174908	11.639223	7.482636	8.461017	7.703324	0.364465	2.705907	1.476471	0.150573	0.532374	1.795902	2.700895	0.508721	0.643813	0.819713	0.346006	0.475760	5.731013	1.436503	2.603694	0.968367	1.897766	1.607445	1.194886	1.401823	0.795934	0.342843	3.529701	6.522158	10.032087	3.000248	7.921973	3.901503	3.720181	0.424189	0.391485	2.449359	5.369312	1.606598	3.822153	0.201389	0.707738	0.305231	0.347460	0.135266	0.682642	0.423523	0.379786	0.531173	0.000000	0.574371	0.425532	0.788621	0.624766	0.637750	0.531094	0.847755	0.340836	0.283332	0.382520	0.817321	0.000000	0.176445	0.859528	3.948248	4.456364	3.646094	1.884121	4.314774	2.070968	3.148126	4.588069	0.978981	0.345365	5.744361	0.050580	1.014393	2.452537	4.376001	0.064378	0.742361	0.000000	2.446059	0.000000	0.000000	0.053967	0.000000	0.865636	0.032866	0.367589	0.067579	1.142824	0.311483	0.000000	0.525331	0.000000	0.000000	0.000000	0.000000	0.000000	0.000000	0.030329	0.700299	0.017710	1.556586	0.312481	0.000000	0.189405	0.000000	0.156157	0.024629	1.363553	0.117378	2.149437	0.215931	0.429295	0.207730	0.523071	0.419182	0.702878	8.896774	5.075488	2.414175	1.918189	1.609438	1.387083	1.421119
Treponema	0.000000	0.010557	0.015698	0.000000	0.000000	0.000000	0.000000	0.000000	0.000000	0.012114	0.000000	0.000000	0.012149	0.000000	0.000000	0.009714	0.000000	14.279694	10.237679	10.181025	9.760312	0.019872	0.000000	0.000000	0.000000	0.000000	0.000000	0.000000	0.000000	0.000000	0.000000	0.000000	0.000000	0.000000	0.000000	0.000000	0.000000	0.000000	0.000000	0.000000	0.000000	1.044954	0.000000	0.000000	0.000000	0.016066	0.000000	9.138889	3.255594	1.715609	1.668787	2.698873	8.483254	4.804790	1.702910	1.606799	0.000000	3.617878	2.253137	2.253204	3.203930	3.877996	5.175076	7.390084	2.709056	0.641505	5.340839	11.047361	1.011343	2.646670	4.592338	4.409889	3.539025	1.647865	0.497350	4.178463	3.471540	4.979983	4.006704	1.875694	1.388231	1.086466	0.823729	0.774503	2.915830	3.504525	0.436338	5.996432	0.107891	0.630207	2.607253	4.023933	1.946947	3.100186	4.538222	0.805215	5.140997	6.363688	2.215320	1.149027	3.748734	1.171427	0.000000	0.000000	0.000000	0.000000	0.000000	0.013325	0.329289	1.174909	0.357153	0.559731	0.934439	1.382577	6.089652	0.000000	0.912713	0.032018	0.092132	0.492987	0.170590	1.367562	0.000000	0.000000	0.000000	3.336687	0.925308	5.466851	2.607307	0.000000	0.000000	3.332387	0.068116	3.951550
NK4A214_group	1.328544	0.751642	0.803730	0.709124	0.812327	1.519689	0.710165	0.347073	0.591693	1.150864	1.147119	1.602124	0.130600	1.029825	0.500000	0.767437	0.208191	0.265820	0.437288	0.512024	0.537904	0.154007	0.175088	0.280698	0.152552	1.251432	0.469012	0.530808	0.454516	0.000000	0.107540	0.137241	0.105485	0.130607	0.032796	0.096254	0.000000	0.000000	0.062636	1.706908	1.273299	1.474316	1.008074	1.252555	1.005716	1.852943	2.106084	0.000000	0.000000	0.000000	0.044044	0.038647	0.000000	0.000000	0.042879	0.165992	0.000000	0.000000	0.000000	5.830165	12.655524	3.992870	2.013216	5.232694	8.279955	6.489896	4.041716	8.784844	3.621703	2.721659	1.502947	1.852639	1.699333	1.670966	1.038263	1.819230	2.105128	0.934126	2.074059	2.377525	4.191779	1.451128	2.015969	1.405072	1.406078	1.053964	4.123748	1.150947	3.118578	3.257851	1.749230	2.051417	0.203412	0.994269	3.157024	0.996933	1.570131	2.128738	0.609506	2.408805	1.519757	0.902723	0.000000	0.000000	0.000000	0.000000	0.000000	0.000000	0.940208	1.606372	1.585053	2.148302	1.349078	5.571913	2.028927	2.679879	1.833504	1.396483	2.381610	2.629262	2.042209	4.254639	1.025181	1.076915	0.672520	1.045160	1.152186	0.492805	2.220848	4.485050	3.097697	3.486439	2.848474	4.329316
Vescimonas	0.000000	0.014779	0.007849	0.000000	0.000000	0.000000	0.000000	0.029994	0.000000	0.000000	0.000000	0.000000	0.036446	0.000000	0.041176	0.092287	0.000000	0.000000	0.000000	0.000000	0.000000	0.000000	0.000000	0.000000	0.000000	0.000000	0.000000	0.000000	0.000000	0.000000	0.000000	0.000000	0.000000	0.000000	0.000000	0.000000	0.000000	0.000000	0.000000	0.499680	0.782389	0.294863	4.183998	0.531500	0.621016	0.685482	0.629597	0.000000	0.000000	0.000000	0.000000	0.000000	0.000000	0.000000	0.000000	0.000000	0.000000	0.000000	0.000000	0.119701	1.302932	0.237671	0.000000	0.268943	0.264441	1.897787	0.000000	0.649526	0.145779	0.661667	5.535363	7.137217	4.471402	4.173565	4.428955	4.980602	5.307656	1.953172	3.671503	7.955247	1.970610	1.800752	1.633007	2.392049	1.431996	2.450561	2.972103	1.450193	1.870119	6.740013	1.009718	0.000000	0.000000	0.000000	0.000000	0.000000	0.036759	0.000000	0.000000	0.000000	0.000000	2.807801	0.000000	0.000000	0.000000	0.000000	0.000000	0.000000	1.217504	1.437106	3.102217	5.597313	1.084670	1.699418	2.238420	0.422232	1.712347	0.027092	2.026903	0.440167	5.434518	0.303903	0.390850	0.289728	0.330033	0.463894	0.373682	1.544122	5.652600	5.609081	8.149325	13.353874	6.898260	9.378186
Clostridium--other	3.737598	4.566856	3.373467	3.169902	5.757474	7.114271	5.514678	7.704173	4.737436	4.462122	8.829831	3.607017	0.902050	2.510635	6.376471	1.593161	2.183029	1.011411	1.275851	0.683800	1.591416	0.486860	0.225113	2.159951	2.016162	7.609941	1.810426	7.431318	0.721625	1.945854	3.961047	1.372414	2.211993	0.236725	1.574222	0.827783	0.259017	0.074386	0.220718	2.030700	0.575286	0.000000	0.474676	1.479279	2.610464	1.569110	1.855360	0.486111	0.363980	0.720977	1.409416	0.457327	0.654199	0.545224	0.257274	1.387690	3.137805	0.891266	0.458265	0.000000	0.000000	0.000000	0.000000	0.000000	0.000000	0.000000	0.039695	0.000000	0.000000	0.141156	0.255403	0.461641	0.436112	0.789281	0.446526	0.377477	0.298903	0.545918	0.471377	0.357863	0.284418	0.545113	0.000000	0.253598	0.712758	0.573535	0.000000	0.080566	0.000000	0.261696	0.033183	0.000000	0.000000	0.055237	0.000000	0.284838	0.000000	0.000000	8.990213	0.000000	0.000000	0.120766	0.000000	0.000000	0.050282	0.000000	0.000000	0.000000	0.051993	0.464653	0.221376	1.455301	2.172345	0.076810	1.483671	0.000000	0.352700	0.059110	2.312512	0.000000	0.341180	0.000000	0.000000	0.000000	0.000000	0.000000	0.000000	3.022538	0.571959	0.581395	0.643368	0.725666	0.848350	0.359777
Paraphocaeicola	0.000000	0.000000	0.000000	0.000000	0.000000	0.000000	0.000000	0.000000	0.000000	0.000000	0.000000	0.000000	0.000000	0.000000	0.000000	0.000000	0.000000	0.000000	0.000000	0.000000	0.000000	0.000000	0.000000	0.000000	0.000000	0.000000	0.000000	0.000000	0.000000	0.000000	0.000000	0.000000	0.000000	0.000000	0.000000	0.000000	0.000000	0.000000	0.000000	0.000000	0.000000	0.305209	0.000000	0.000000	0.000000	0.000000	0.000000	7.784722	8.128876	4.241659	6.112362	5.429952	4.721610	6.070490	5.188361	10.271562	10.103845	14.491318	12.274959	0.000000	0.000000	0.000000	0.000000	0.000000	0.000000	0.000000	0.000000	0.000000	0.000000	0.000000	0.000000	0.000000	0.000000	0.000000	0.000000	0.000000	0.000000	0.000000	0.000000	0.000000	0.000000	0.000000	0.000000	0.000000	0.000000	0.000000	0.000000	0.000000	0.000000	0.000000	0.000000	2.794398	1.494458	0.317614	10.648590	0.750438	2.767421	0.872895	1.377249	0.491452	1.317123	0.000000	4.422779	2.861508	3.373894	7.287494	4.972156	2.095409	0.000000	0.000000	0.000000	0.000000	0.000000	0.000000	0.000000	0.000000	0.000000	0.000000	0.000000	0.463642	0.000000	1.175624	1.973473	0.584923	1.239181	1.156942	1.543663	0.000000	0.000000	0.000000	0.000000	0.000000	0.000000	0.000000
Aristaeella	0.014255	0.000000	0.000000	0.000000	0.000000	0.000000	0.000000	0.000000	0.000000	0.000000	0.000000	0.000000	0.000000	0.000000	0.000000	0.000000	0.000000	0.000000	0.000000	0.000000	0.000000	0.000000	0.000000	0.000000	0.020615	0.000000	0.000000	0.000000	0.000000	0.000000	0.000000	0.000000	0.000000	0.000000	0.000000	0.000000	0.000000	0.000000	0.000000	2.222578	2.193756	0.413843	15.302178	4.523323	1.720158	2.115354	4.106307	0.000000	0.000000	0.000000	0.000000	0.000000	0.000000	0.000000	0.000000	0.000000	0.000000	0.000000	0.000000	1.985636	0.849041	0.744702	1.303032	1.116698	1.610155	1.555651	1.006820	1.510149	0.728896	0.860168	1.311395	0.977951	0.656675	0.793131	1.099978	0.618643	1.404842	0.151644	0.544702	3.187857	0.704273	0.379699	1.484880	1.836875	0.440614	0.283043	1.627325	0.851701	2.137279	1.356548	1.640199	0.000000	0.000000	0.000000	0.000000	0.000000	0.000000	0.000000	0.000000	0.000000	0.000000	1.213695	1.493786	1.474822	1.867961	0.515832	1.799920	1.119328	5.593588	0.345171	1.514212	1.007516	3.001622	8.103437	2.278597	1.408875	3.031608	0.216738	0.677170	0.311051	0.599503	0.175944	0.525405	0.377193	0.317579	0.245920	0.191290	0.473093	0.922348	1.600221	1.004766	1.504034	3.511053	2.356539
Escherichia-Shigella	0.000000	0.057007	0.007849	0.005077	0.330793	0.000000	0.048712	0.021424	1.015999	0.030286	0.000000	0.000000	0.000000	0.044169	0.000000	0.000000	0.092199	0.048626	0.097747	0.075978	0.089186	0.109295	0.000000	0.080879	0.000000	0.000000	0.000000	0.093250	0.000000	0.000000	0.000000	0.000000	0.000000	0.000000	0.000000	0.000000	0.000000	0.000000	0.000000	0.000000	0.000000	0.000000	0.000000	0.026017	0.000000	0.016066	0.234009	0.118056	0.000000	0.068414	0.083195	0.148148	0.000000	0.000000	0.098009	0.000000	0.174011	0.000000	0.261866	0.056330	0.042719	0.000000	0.148212	0.035080	0.000000	0.032075	0.000000	0.075778	0.000000	0.000000	0.000000	0.048594	0.030077	0.019251	0.036303	0.010485	0.000000	0.000000	0.267114	0.000000	0.000000	0.026316	0.000000	0.000000	0.000000	0.000000	0.000000	0.000000	0.000000	0.053407	0.000000	2.294694	0.091328	0.524753	0.076380	0.000000	0.000000	0.000000	0.000000	0.096906	0.081054	0.000000	1.439391	18.449968	1.749799	0.038413	0.023203	26.450796	35.623917	0.000000	0.000000	0.063969	0.000000	3.571657	0.000000	0.000000	0.000000	0.000000	0.000000	0.000000	0.000000	0.000000	0.000000	0.000000	0.000000	0.000000	6.704035	0.000000	0.000000	0.000000	0.000000	0.000000	0.055731	0.000000
Tepidibaculum	3.848785	1.777759	2.108221	2.662176	1.172431	1.852733	3.312396	0.758420	0.801900	3.238572	0.889492	1.655827	2.499620	3.789200	3.041176	0.801438	0.886298	0.408454	0.787118	1.354387	3.088071	2.553530	0.396031	0.742186	0.164921	1.899180	2.922159	1.829137	3.853693	2.732159	0.734855	1.676306	2.017005	2.473368	0.020498	0.396566	0.297677	0.046049	0.023861	0.927406	1.633811	0.103461	6.557377	0.866010	2.742361	1.360253	1.030756	0.631944	0.080884	0.110515	0.381717	0.083736	0.191993	0.204459	0.036753	0.152712	0.000000	0.118835	1.096563	0.000000	0.000000	0.000000	0.000000	0.000000	0.000000	0.000000	0.000000	0.324763	0.000000	0.326423	4.774067	0.242969	3.814728	2.529550	0.907573	0.503303	3.796063	0.363945	0.811816	3.056230	0.000000	0.112782	0.122837	0.788211	0.285103	0.949685	0.032189	0.000000	0.000000	0.699637	0.000000	0.381353	0.498153	0.628323	0.299153	0.640885	0.078769	0.157684	0.486433	0.000000	0.136778	0.226436	0.000000	0.000000	0.000000	0.000000	0.000000	0.000000	0.112652	0.165948	0.032468	0.000000	0.423652	0.188824	0.361591	0.000000	0.344623	0.027092	0.000000	0.193673	0.682361	0.127959	0.224258	0.000000	0.000000	0.000000	0.000000	0.144556	1.401556	1.594684	0.186656	0.806746	0.458233	0.000000
Intestinibacillus	0.538830	0.335705	0.167967	0.154010	0.649024	0.405810	1.063966	1.114063	0.288061	1.889840	1.461695	0.522108	0.176158	0.376595	0.000000	0.174859	0.098147	0.029175	0.020578	0.039641	0.016722	0.019872	0.020844	0.057091	0.103076	1.405658	0.110015	1.032924	0.389893	0.109485	0.017923	0.215665	0.258918	0.644872	2.722092	0.157856	0.390459	0.134604	0.083515	0.000000	0.000000	0.000000	0.068510	0.000000	0.000000	0.069619	0.000000	0.000000	0.000000	0.000000	0.000000	0.000000	0.000000	0.000000	0.000000	0.000000	0.000000	0.000000	0.000000	4.858471	0.229615	6.405229	0.827518	0.982226	2.115532	0.443708	3.204504	1.677943	6.828846	3.462726	0.820236	2.028792	2.772069	0.346514	1.993030	1.446996	1.404842	1.407255	3.645315	0.012340	2.302431	1.875940	0.162578	0.000000	1.169572	0.957134	0.000000	0.293491	0.082203	0.635548	0.075847	0.000000	0.000000	0.000000	0.000000	0.000000	0.000000	0.000000	0.000000	0.000000	0.000000	3.813176	0.000000	0.000000	0.020113	0.000000	0.000000	0.000000	0.576256	2.266844	0.729065	0.047977	3.308094	0.364847	2.135109	3.696682	0.471165	3.243683	0.000000	0.000000	0.950431	0.207933	0.000000	0.000000	0.000000	0.000000	0.000000	1.005322	0.865667	12.120709	1.211279	1.078364	0.860734	0.101937
Bacteroides	0.000000	0.128793	0.050233	0.084621	0.276359	0.274272	0.312780	0.017139	0.377594	0.074705	0.000000	0.050719	1.187547	0.564893	0.029412	0.087430	0.440175	0.259336	0.329252	0.237844	0.181159	0.407372	0.300150	0.361578	21.814958	0.154226	0.245122	2.833369	0.090472	0.000000	0.107540	0.000000	0.067127	0.204073	0.204977	0.092404	0.073453	0.074386	0.080532	1.834826	1.526425	5.804149	0.097871	2.713250	0.736426	1.140684	1.632494	0.423611	0.283095	0.126302	1.042380	0.096618	0.000000	0.136306	0.379786	0.053117	0.218917	0.785634	0.403710	0.190114	0.817002	0.122797	1.611808	0.859448	0.000000	2.133005	0.483562	0.622463	0.054667	0.039700	0.103143	0.085039	0.050128	0.088553	0.087127	0.000000	0.093941	0.054592	0.000000	0.053474	0.000000	0.000000	0.097547	0.000000	0.000000	0.074485	0.000000	0.000000	0.077065	0.117496	0.000000	0.841607	0.502304	3.376372	0.814716	0.093120	0.383343	0.580053	1.054914	0.539904	0.932118	0.117747	0.000000	0.000000	0.000000	0.000000	0.000000	0.000000	10.389948	0.082974	0.082647	0.000000	0.069106	0.144018	0.000000	0.086170	0.102310	0.000000	0.000000	3.186807	0.077984	2.751120	4.235279	3.044881	4.776138	4.761905	4.929045	0.210263	0.051528	0.000000	0.000000	0.101350	0.000000	0.125922
Alloprevotella	1.285779	0.162574	0.000000	0.000000	0.000000	0.000000	0.000000	0.000000	0.782436	2.233080	0.821695	0.092488	0.000000	0.000000	0.152941	0.204002	0.000000	1.380965	0.617347	1.397331	0.479376	0.000000	0.000000	0.000000	0.861714	1.462942	0.000000	0.272577	0.000000	0.034836	0.000000	0.019606	1.937092	0.069385	2.074366	11.411851	4.449685	13.594984	7.495451	0.000000	0.000000	0.000000	0.000000	0.000000	0.000000	0.000000	0.000000	0.000000	0.000000	0.000000	0.000000	0.000000	0.000000	0.000000	0.000000	0.000000	0.000000	0.000000	0.000000	0.450641	0.053399	0.689245	0.000000	0.105239	1.040136	0.283332	0.609866	0.000000	0.000000	0.392589	0.771120	0.000000	0.857186	0.719978	0.087127	0.199224	0.388573	0.000000	0.000000	0.000000	0.000000	0.312030	0.000000	0.000000	0.038878	0.000000	0.000000	0.000000	0.000000	0.000000	0.000000	0.000000	0.000000	0.034523	0.000000	0.000000	0.000000	0.000000	0.000000	0.000000	0.000000	2.958759	0.000000	0.000000	0.000000	0.000000	0.000000	0.000000	0.000000	0.769997	0.554916	4.994936	1.174809	0.016002	0.034437	0.000000	0.131926	0.201960	1.050304	0.000000	0.000000	0.000000	0.000000	0.000000	0.000000	0.022356	0.000000	4.238123	0.247333	0.105205	0.301827	0.328374	1.325159	0.059963
Butyrivibrio	0.156802	0.213247	0.436400	0.502649	0.343355	0.000000	0.000000	0.000000	0.073962	0.000000	0.263051	0.277463	0.000000	0.292907	0.264706	0.038858	0.142759	0.016209	0.000000	0.000000	0.094760	0.074519	0.025013	0.080879	0.148429	0.039658	0.000000	0.050212	0.174482	0.000000	0.000000	0.000000	0.038358	0.000000	0.000000	0.000000	0.000000	0.000000	0.000000	0.000000	0.000000	0.000000	0.000000	0.000000	0.000000	0.000000	0.000000	0.000000	0.000000	0.000000	0.000000	0.000000	0.000000	0.000000	0.000000	0.000000	0.000000	0.000000	0.000000	3.760034	1.041277	5.506041	9.047119	3.589804	5.512135	1.283011	4.041716	2.668471	5.270830	2.787825	0.063851	0.510235	0.190486	0.300312	0.867640	0.262137	0.666126	0.351814	0.701828	0.732179	0.000000	0.864662	0.000000	0.000000	0.518370	0.271871	0.000000	0.097830	0.000000	0.491348	0.000000	0.000000	0.000000	0.000000	0.000000	0.000000	0.000000	0.000000	0.000000	0.000000	0.000000	0.854417	5.393531	2.403196	2.863536	1.574933	2.015381	2.661736	1.039861	0.477929	1.797574	8.028146	2.626044	3.424438	1.848132	0.099095	2.493134	0.132998	1.483324	0.000000	0.614125	0.000000	0.000000	0.000000	0.000000	0.000000	0.000000	0.571654	0.752306	0.143965	0.591739	0.664856	0.179578	0.365773
Blautia	0.270840	0.781201	0.524308	0.558498	0.406164	0.458985	0.956288	0.929814	1.054926	0.708690	0.593898	0.537025	0.000000	0.102285	0.229412	0.000000	0.000000	0.000000	0.000000	0.000000	0.267559	0.000000	0.000000	0.000000	3.883895	0.000000	0.011581	0.114769	0.000000	0.000000	0.000000	0.000000	0.000000	0.000000	1.574222	0.092404	0.000000	0.000000	0.074567	0.000000	0.000000	0.000000	0.000000	0.000000	0.000000	0.000000	0.000000	0.000000	0.000000	0.000000	0.000000	0.000000	0.000000	0.000000	0.000000	0.000000	0.000000	0.000000	0.000000	0.077454	0.090778	0.257477	0.969555	0.000000	0.000000	0.550625	0.000000	0.064953	0.214113	1.036612	0.947937	1.974124	2.391097	1.994379	2.279823	3.675160	1.921517	1.874318	2.021683	0.526511	0.169296	3.402256	0.000000	0.219328	1.464394	2.476630	0.067954	0.299246	0.000000	2.397992	0.000000	0.000000	0.000000	0.000000	0.000000	0.000000	0.000000	0.000000	0.000000	0.000000	0.000000	0.232474	0.000000	0.000000	0.000000	0.000000	0.000000	0.000000	0.082322	1.480252	0.584433	3.257103	0.231356	1.356974	2.789416	0.112021	0.110387	2.647653	1.428045	0.000000	4.303748	0.000000	0.000000	0.000000	0.000000	0.000000	0.000000	2.641435	4.256196	2.375415	1.818904	2.116188	2.898012	0.563651
Candidatus_Nucleicoccus--other	0.000000	0.008445	0.000000	0.000000	0.000000	0.000000	0.000000	0.000000	0.000000	0.000000	0.000000	0.000000	0.000000	1.992236	14.352941	13.945017	5.338608	5.219139	4.871900	4.251453	4.066332	8.311392	8.445890	4.905086	1.010143	0.000000	0.000000	0.000000	5.141848	0.000000	0.000000	0.730321	0.000000	0.057141	0.000000	0.000000	0.000000	0.000000	0.000000	0.000000	0.000000	3.481455	0.000000	0.000000	0.000000	0.000000	0.000000	0.000000	0.000000	0.000000	0.000000	0.000000	0.000000	0.000000	0.000000	0.000000	0.000000	0.000000	0.000000	0.000000	0.000000	0.000000	0.000000	0.000000	0.000000	0.021384	0.021652	0.000000	0.000000	0.000000	0.000000	0.000000	0.000000	0.000000	0.000000	0.000000	0.000000	0.000000	0.000000	0.000000	0.000000	0.000000	0.000000	0.000000	0.000000	0.000000	0.000000	0.000000	0.000000	0.000000	0.000000	0.000000	0.000000	0.144998	0.000000	0.000000	0.000000	0.000000	0.000000	0.000000	0.000000	0.317010	0.000000	0.000000	0.000000	0.000000	0.000000	0.000000	0.000000	0.736807	0.053130	0.373154	0.240370	0.307239	0.091833	0.000000	0.016154	0.000000	1.110190	5.663478	0.000000	0.127959	0.000000	0.409993	0.024908	2.051196	2.753681	0.000000	0.000000	0.000000	0.000000	0.000000	0.000000	0.000000
Anaeroplasma	0.025659	0.000000	0.000000	0.000000	2.164810	0.383421	0.561466	0.081412	0.000000	0.000000	0.094915	0.000000	15.015945	2.396727	1.335294	3.118321	1.912381	0.696966	0.817985	0.782902	0.390190	4.640072	1.042188	1.698463	2.461450	1.189742	1.681110	3.902159	1.077052	3.598089	0.000000	0.269581	1.751694	0.289784	0.000000	0.000000	0.000000	0.000000	0.000000	0.000000	0.000000	0.000000	0.000000	0.000000	0.000000	0.000000	0.000000	0.000000	0.000000	0.000000	0.000000	0.000000	0.000000	0.000000	0.000000	0.000000	0.000000	0.000000	0.000000	0.112660	0.096118	0.079224	1.488297	0.239710	0.323206	0.187106	1.407383	0.000000	0.214113	0.652845	0.230845	0.000000	0.000000	0.088553	0.283163	0.000000	0.230582	0.121315	0.000000	0.000000	0.250559	0.030075	0.104773	0.980123	0.000000	0.018621	0.225322	0.494907	0.297986	0.069430	0.175397	1.282136	0.979700	2.540910	0.655592	2.777169	0.136533	0.974264	1.617535	1.128262	0.303951	1.720911	0.000000	0.000000	0.000000	0.000000	0.000000	0.000000	0.385615	0.869565	3.893267	1.044832	1.367105	1.977853	4.006199	0.142180	2.054278	0.598493	0.446840	0.000000	0.229078	0.000000	0.000000	0.000000	0.000000	0.000000	0.000000	0.000000	1.767404	0.000000	0.162828	0.028378	0.000000	0.011993
Phascolarctobacterium	0.000000	0.000000	0.000000	0.000000	0.012562	0.000000	0.000000	0.000000	0.000000	0.000000	0.000000	0.000000	0.000000	0.000000	0.000000	0.000000	0.000000	0.000000	0.000000	0.000000	0.000000	0.000000	0.000000	0.000000	0.000000	0.000000	0.000000	0.000000	0.000000	0.000000	0.000000	0.000000	0.000000	0.000000	0.000000	0.000000	0.000000	0.000000	0.000000	0.015990	0.000000	0.000000	0.000000	0.000000	0.000000	0.000000	0.000000	1.027778	2.217579	1.905063	2.510522	2.660225	2.446135	1.586993	3.516080	2.284045	3.676677	1.181752	0.981997	0.232362	0.000000	1.073480	0.148212	0.415108	0.000000	0.165722	0.306737	0.027064	0.268780	0.264667	0.466601	0.406973	0.180460	1.393755	0.424744	0.000000	0.354413	1.134296	0.256639	0.000000	1.171531	0.071429	0.617797	1.082934	0.000000	0.394771	0.733190	1.306324	0.570284	0.042726	0.274947	0.664080	1.814106	0.386660	1.037490	1.462533	1.979730	0.354790	0.527457	1.239012	1.555218	0.676288	2.305536	2.908514	2.569389	3.484607	1.677274	2.521820	1.529463	0.152672	0.082647	0.287862	0.312481	1.398579	0.071744	0.000000	1.136180	0.000000	0.119772	0.000000	0.414291	0.000000	0.000000	0.000000	0.000000	0.000000	0.000000	1.044747	0.571959	0.000000	0.706910	0.356752	0.241501	0.137914
Lactimicrobium	0.116889	0.327260	0.621635	0.756512	1.130559	2.409672	5.514678	1.242609	0.439877	0.862139	1.732881	0.450504	0.000000	0.000000	0.000000	0.000000	0.000000	0.000000	0.000000	0.000000	0.000000	0.000000	0.000000	0.000000	0.000000	0.000000	0.000000	0.000000	0.000000	0.000000	0.000000	0.000000	0.000000	0.000000	4.288115	0.716128	0.506437	0.286919	0.853044	0.000000	0.000000	0.000000	0.000000	0.000000	0.000000	0.000000	0.000000	1.395833	2.750067	2.657615	1.898796	1.764895	0.967077	1.382533	0.428790	1.175221	0.056132	0.587575	0.338243	0.246444	0.149517	0.926916	0.092633	0.783442	0.505377	0.021384	0.277868	0.000000	1.448681	2.170269	0.166994	0.461641	0.436112	1.124244	0.381181	0.760197	0.414194	0.491326	0.769916	0.398996	0.000000	1.691729	0.000000	0.000000	1.529191	0.778370	0.000000	0.000000	0.000000	0.555437	0.000000	0.420803	0.996305	0.711179	0.400993	0.257450	0.750932	0.073211	0.492293	0.574514	1.225937	1.044623	0.000000	0.000000	0.000000	0.000000	0.000000	0.013325	0.693241	2.349817	1.018330	2.185618	2.866414	0.880113	0.901108	2.404136	1.464649	4.068765	1.501751	0.000000	0.000000	0.000000	0.000000	0.000000	0.000000	0.000000	0.000000	0.000000	0.000000	0.000000	0.000000	0.000000	0.000000	0.000000
Mogibacterium	0.866689	0.931107	0.461517	0.495879	0.745331	0.531751	0.674273	0.754135	0.821363	0.428041	1.008814	1.103884	0.066819	0.323128	0.294118	0.000000	0.000000	0.019450	0.000000	0.033034	0.044593	0.000000	0.029181	0.000000	0.020615	0.013219	0.000000	0.000000	1.089977	0.338409	0.000000	0.196059	0.389976	0.061222	0.000000	0.000000	0.000000	0.000000	0.000000	0.000000	0.000000	0.863897	0.000000	0.000000	0.000000	0.000000	0.000000	0.000000	0.000000	0.000000	0.000000	0.000000	0.000000	0.000000	0.000000	0.000000	0.000000	0.000000	0.000000	4.182510	0.464570	2.586651	0.858396	0.514500	1.604278	1.983321	0.119086	1.786198	3.849483	2.902514	0.186640	0.346231	0.275703	0.207908	0.072606	0.188739	0.597805	0.133447	0.256639	0.037020	0.311505	0.146617	0.325156	1.007539	0.113393	0.160143	0.604435	0.293491	0.308261	0.320444	0.431382	0.000000	0.000000	0.000000	0.000000	0.000000	0.000000	0.000000	0.000000	0.000000	0.000000	3.704486	0.351479	0.000000	0.279063	0.362180	0.344736	0.336465	0.862218	0.852970	0.475221	0.389147	0.976504	4.106126	3.254319	4.054287	2.853912	0.233979	0.843007	2.312342	0.404543	2.575176	0.076889	0.896518	0.180584	0.435949	0.217981	0.827912	0.479209	1.312292	1.060365	1.041878	0.724503	0.113929
Coprococcus	0.404835	1.693305	2.230664	2.020749	0.682522	0.537349	0.107679	0.449910	0.798007	0.934825	1.090169	0.763769	0.063781	0.776437	1.205882	0.893724	0.011897	3.063408	3.981891	0.848969	1.031215	0.000000	0.066700	0.000000	0.226767	1.211774	0.000000	0.480597	1.158908	0.293620	1.290477	0.372512	0.316456	0.146933	1.836592	2.233088	0.382727	0.354221	0.915680	0.215862	0.475570	0.625938	4.707609	1.981044	0.219829	1.103197	0.796746	0.000000	0.000000	0.000000	0.000000	0.000000	0.000000	0.000000	0.000000	0.000000	0.000000	0.000000	0.000000	0.000000	0.042719	0.000000	0.179090	0.000000	0.000000	0.000000	0.000000	0.173207	0.000000	0.000000	0.000000	0.042520	0.536368	0.912486	0.239599	1.100975	0.072591	1.668082	4.242392	0.000000	0.000000	1.601504	0.000000	0.000000	0.275384	1.184313	0.000000	0.000000	0.000000	0.160222	0.000000	0.000000	0.000000	0.027619	0.000000	0.000000	0.000000	0.000000	0.000000	0.000000	0.000000	0.000000	0.000000	0.000000	0.000000	0.000000	0.000000	0.000000	0.000000	0.029871	0.067889	0.000000	0.033051	0.000000	0.000000	0.000000	0.425394	0.044333	0.000000	0.000000	0.000000	1.871401	1.191773	0.573990	0.000000	0.000000	0.000000	1.103883	0.597722	0.166113	0.698967	0.048648	0.000000	0.071955
Candidatus_Limimorpha	0.000000	0.000000	0.000000	0.000000	0.000000	0.000000	0.000000	0.000000	0.000000	0.000000	0.000000	0.000000	0.000000	0.000000	0.000000	0.000000	0.000000	0.000000	0.000000	0.000000	0.000000	0.000000	0.000000	0.000000	0.000000	0.000000	0.000000	0.000000	0.000000	0.000000	0.000000	0.000000	0.000000	0.000000	0.000000	0.000000	0.000000	0.000000	0.000000	0.000000	0.000000	0.000000	0.000000	0.000000	0.000000	0.000000	0.000000	0.000000	0.000000	0.000000	0.000000	0.000000	0.000000	0.000000	0.000000	0.000000	0.000000	0.000000	0.000000	0.000000	0.000000	0.000000	0.000000	0.000000	0.000000	0.000000	0.000000	0.000000	0.000000	0.000000	0.000000	0.000000	0.000000	0.000000	0.000000	0.000000	0.000000	0.000000	0.000000	0.028794	1.936751	0.000000	19.343184	0.000000	0.000000	0.000000	0.000000	0.546700	20.561036	0.000000	7.286087	0.000000	0.000000	0.000000	0.000000	0.000000	0.000000	0.000000	0.000000	0.000000	0.000000	0.000000	0.000000	0.000000	0.000000	0.000000	0.000000	0.000000	0.000000	0.000000	0.000000	0.000000	0.000000	0.000000	0.000000	0.000000	0.000000	0.000000	0.000000	0.000000	0.000000	0.000000	0.012815	0.000000	0.000000	0.000000	0.000000	0.000000	0.000000	0.000000	0.000000	0.000000	0.000000	0.000000
Family_XIII_AD3011_group	0.000000	0.000000	0.000000	0.000000	0.000000	0.000000	0.000000	0.000000	0.000000	0.000000	0.000000	0.000000	0.000000	0.000000	0.000000	0.000000	0.000000	0.000000	0.000000	0.000000	0.000000	0.000000	0.000000	0.000000	0.000000	0.000000	0.000000	0.000000	0.000000	0.000000	0.000000	0.000000	0.000000	0.000000	0.000000	0.000000	0.000000	0.000000	0.000000	3.157979	2.454552	0.000000	0.073403	3.326519	4.127281	3.395277	3.064408	0.000000	0.000000	0.000000	0.000000	0.000000	0.000000	0.000000	0.000000	0.000000	0.000000	0.000000	0.000000	1.520913	0.923800	0.637750	0.222318	0.485267	0.922607	1.379237	0.469128	0.654939	1.211790	0.427878	0.707269	0.479864	0.320818	1.289801	0.297684	0.120583	0.704556	0.339682	0.314251	0.394883	2.051872	0.191729	1.065790	1.706648	0.285103	0.368701	1.187411	1.415664	2.424990	0.859859	1.208817	0.000000	0.000000	0.000000	0.000000	0.000000	0.000000	0.000000	0.000000	0.000000	0.000000	0.905742	0.000000	0.000000	0.000000	0.000000	0.000000	0.000000	0.277296	0.331895	1.056702	0.661016	0.126194	0.531268	0.430465	0.710900	0.352700	0.379292	0.621891	0.164329	0.170590	0.095969	0.000000	0.065599	0.000000	0.000000	0.000000	0.000000	0.371000	0.581395	0.830024	0.360806	0.161001	0.215866
Ruminococcoides	0.826776	0.614404	2.067407	1.232082	0.477347	2.138199	2.991924	1.949610	0.179065	1.102407	1.179661	0.146190	0.000000	0.095311	0.047059	0.102001	0.107070	0.000000	0.046301	0.241147	0.303790	0.000000	0.020844	0.099910	0.061845	3.727858	0.071413	2.704254	0.200332	0.000000	0.143386	0.166650	0.022376	12.799478	0.000000	0.000000	0.000000	0.000000	0.000000	0.000000	0.000000	0.000000	1.135307	0.000000	0.566058	0.278477	0.156006	0.000000	0.000000	0.000000	0.000000	0.000000	0.000000	0.000000	0.000000	0.000000	0.000000	0.000000	0.000000	0.028165	0.069418	0.000000	0.049404	0.000000	0.000000	0.000000	0.000000	0.173207	0.000000	0.000000	0.000000	0.066816	0.000000	0.223309	0.000000	0.000000	0.000000	0.121315	8.584298	0.041134	0.000000	1.729323	0.000000	0.089102	0.087475	0.275595	0.035765	0.149623	0.000000	0.000000	0.000000	0.000000	0.000000	0.000000	0.000000	0.000000	0.000000	0.000000	0.000000	0.000000	0.000000	0.066421	0.000000	0.000000	0.000000	0.000000	0.000000	0.000000	0.000000	0.023233	0.197763	0.106615	0.000000	0.636882	0.195144	0.025851	0.000000	0.312792	0.257969	0.000000	0.424039	0.159949	0.000000	0.103865	0.000000	2.302705	0.111215	2.437742	0.479209	0.049834	0.043685	0.000000	0.266270	0.000000
Hallella	0.000000	0.000000	0.000000	0.000000	0.000000	0.000000	0.000000	0.000000	0.000000	0.000000	0.000000	0.000000	0.000000	0.000000	0.000000	0.000000	0.000000	0.000000	0.000000	0.000000	0.000000	0.000000	0.000000	0.000000	0.000000	0.000000	0.000000	0.000000	0.000000	0.000000	0.000000	0.000000	0.000000	0.000000	0.000000	0.000000	0.000000	0.000000	0.000000	0.000000	1.058526	0.000000	0.000000	0.000000	0.000000	0.000000	0.000000	0.000000	0.000000	0.000000	0.000000	0.000000	0.000000	0.000000	0.000000	0.000000	0.000000	0.000000	0.000000	0.000000	0.000000	0.000000	0.000000	0.000000	0.000000	0.000000	0.000000	0.000000	0.000000	0.194089	0.191552	0.036445	0.170435	0.134755	0.439265	1.017091	0.960758	0.072789	0.534227	1.011888	0.453714	1.022556	0.000000	3.838245	0.618804	0.793267	0.000000	1.335098	0.000000	0.283059	0.000000	0.000000	0.000000	0.000000	0.000000	0.000000	0.000000	0.000000	0.000000	0.000000	0.000000	2.961778	0.000000	0.000000	0.000000	0.000000	0.000000	0.000000	0.000000	1.247926	2.048467	0.778293	2.325581	0.000000	1.437755	0.120638	0.831942	0.206886	1.400405	0.000000	6.428815	0.000000	0.000000	0.000000	0.000000	0.000000	0.000000	2.503450	0.602875	3.178295	3.919778	0.247294	4.687597	2.314565
Oribacterium	0.000000	0.000000	0.000000	0.000000	0.000000	0.000000	0.000000	0.000000	0.000000	0.000000	0.000000	0.000000	0.000000	0.000000	0.000000	0.000000	0.000000	0.000000	0.000000	0.000000	0.000000	0.000000	0.000000	0.000000	0.000000	0.000000	0.000000	0.000000	0.000000	0.000000	0.000000	0.000000	0.000000	0.000000	0.000000	0.000000	0.000000	0.000000	0.000000	0.000000	0.000000	0.000000	0.000000	0.000000	0.000000	0.000000	0.000000	0.430556	3.639795	1.273550	1.864539	0.959742	2.467468	0.905462	1.415008	0.836598	0.000000	0.772430	1.134752	0.000000	0.000000	0.000000	0.000000	0.000000	0.000000	0.000000	0.000000	0.000000	0.000000	0.074989	0.166994	0.485938	0.536368	0.373465	0.994700	2.065639	0.661856	0.254762	0.858954	0.378430	0.243787	1.244361	0.000000	0.047978	1.189011	0.208558	0.000000	0.184151	0.000000	0.528733	0.033183	0.854757	1.797501	4.474211	1.915855	0.706617	2.405083	3.987160	1.828518	1.432823	2.563323	0.277761	0.000000	0.000000	0.000000	0.000000	0.000000	0.000000	0.623917	0.311981	0.714307	0.970201	0.429662	0.716892	0.892498	0.327445	0.492704	0.849712	3.109453	0.000000	0.443535	0.000000	0.000000	0.000000	0.000000	0.000000	0.000000	0.177410	0.427681	0.293466	0.000000	0.344590	0.241501	0.000000
Dorea	0.000000	0.000000	0.000000	0.000000	0.000000	0.000000	0.000000	0.000000	0.000000	0.000000	0.000000	0.000000	0.000000	0.000000	0.000000	0.000000	0.000000	0.000000	0.000000	0.000000	0.000000	0.000000	0.000000	0.000000	0.783376	0.000000	0.000000	0.000000	0.000000	0.000000	0.000000	0.000000	0.000000	0.000000	0.000000	0.000000	0.000000	0.000000	0.000000	0.035977	0.000000	0.579380	0.000000	0.000000	0.000000	0.000000	0.000000	0.000000	0.000000	0.000000	0.000000	0.000000	0.000000	0.000000	0.000000	0.000000	0.000000	0.000000	0.000000	0.000000	0.000000	0.000000	0.000000	0.000000	0.094024	0.149685	0.039695	0.000000	0.000000	0.286723	0.977407	1.421369	1.268234	1.628614	1.822406	3.821957	0.952218	1.012981	2.901587	0.300276	0.000000	3.281955	0.000000	0.000000	3.223612	1.672191	0.000000	0.000000	0.000000	1.420637	0.000000	0.000000	0.000000	0.000000	0.000000	0.000000	0.089272	0.000000	0.000000	0.000000	0.000000	0.000000	0.000000	0.000000	0.000000	0.000000	0.000000	0.000000	0.000000	0.053103	0.109212	0.095954	0.132204	0.000000	0.330024	0.000000	0.000000	0.261071	0.921319	0.000000	1.588926	0.415867	0.326776	0.497458	0.529298	0.335345	0.302505	2.286615	1.123306	0.653378	4.054805	0.263510	0.191962	0.497691
Eubacterium--other	1.325693	0.000000	0.547855	0.531420	0.041873	1.113879	0.343546	0.437055	0.529409	0.000000	0.455593	0.501223	0.285497	0.153428	0.217647	0.490577	0.029742	1.040586	1.337586	0.482294	0.827759	1.445675	0.258463	0.028546	0.342212	0.237948	2.269788	0.251058	1.828835	0.000000	0.000000	0.127438	0.214167	0.053059	0.000000	0.000000	0.000000	0.000000	0.000000	0.447713	1.411368	0.000000	0.000000	1.103884	0.390196	0.428426	0.245153	0.000000	0.000000	0.000000	0.000000	0.000000	0.000000	0.000000	0.000000	0.000000	0.000000	0.000000	0.000000	0.000000	0.000000	0.000000	0.030878	0.000000	0.000000	0.000000	0.000000	0.048714	0.000000	0.044111	1.247544	1.226994	1.563988	0.585223	1.012851	0.833595	0.734446	1.122164	0.293301	3.813089	1.875804	0.131579	0.606958	0.198766	1.425517	0.972031	0.507868	0.195661	0.025688	1.148259	0.260725	0.000000	0.000000	0.000000	0.000000	0.000000	0.000000	0.000000	0.000000	0.000000	0.000000	0.000000	0.000000	0.000000	0.000000	0.000000	0.000000	0.000000	0.108319	0.073017	0.000000	0.000000	0.000000	0.108814	0.000000	0.000000	0.142696	0.000000	0.000000	0.000000	0.248574	0.000000	0.000000	0.000000	0.000000	0.000000	0.000000	1.018464	0.365847	0.753045	0.428912	0.806746	1.857700	0.269833
Tyzzerella	0.000000	0.000000	0.000000	0.000000	0.000000	0.000000	0.000000	0.000000	0.000000	0.000000	0.000000	0.000000	0.000000	0.000000	0.000000	0.000000	0.000000	0.000000	0.000000	0.000000	0.000000	0.000000	0.000000	0.000000	0.593717	0.000000	0.000000	0.000000	0.000000	0.000000	0.000000	0.000000	0.000000	0.000000	0.000000	0.000000	0.000000	0.000000	0.000000	2.122642	2.868758	2.984843	0.229998	4.296599	3.616179	1.644085	3.482282	0.000000	0.000000	0.000000	0.000000	0.000000	0.000000	0.000000	0.000000	0.000000	0.000000	0.000000	0.000000	0.000000	0.000000	0.000000	0.000000	0.000000	0.000000	0.000000	0.014435	0.075778	0.000000	0.000000	0.000000	0.431270	0.716828	0.411966	1.637261	1.169131	0.345873	0.242630	0.523752	0.168648	0.000000	0.462406	0.000000	0.000000	1.056178	0.849130	0.000000	0.000000	0.000000	0.806452	0.000000	0.000000	0.000000	0.000000	0.000000	0.000000	0.000000	0.000000	0.000000	0.000000	0.000000	0.000000	0.000000	0.000000	0.000000	0.000000	0.000000	0.000000	0.000000	0.000000	0.000000	0.330508	0.000000	0.000000	0.000000	0.000000	0.000000	0.019703	0.000000	0.768824	0.136472	1.671465	1.794067	1.437708	1.762252	0.760116	1.347925	0.000000	0.200958	0.221484	0.131056	0.255402	0.000000	0.575643
Sodaliphilus	0.000000	0.000000	0.000000	0.000000	0.000000	0.000000	0.000000	0.000000	0.000000	0.000000	0.000000	0.000000	0.000000	0.000000	0.000000	0.000000	0.000000	0.000000	0.000000	0.000000	0.000000	0.000000	0.000000	0.000000	0.000000	0.000000	0.000000	0.000000	0.000000	0.497661	0.000000	0.411724	3.637642	2.179503	0.000000	0.000000	0.000000	0.000000	0.000000	2.738248	3.459385	0.000000	0.000000	0.000000	0.000000	0.000000	0.000000	0.229167	0.357239	0.063151	0.132133	0.219002	0.284434	0.292085	1.078101	0.829958	0.078585	0.330098	0.665576	1.105478	1.078656	0.423846	0.000000	0.397568	0.105777	0.000000	0.407780	0.000000	0.050112	0.317600	1.694499	0.072891	0.360920	1.674816	0.174254	0.356506	0.529485	0.327551	0.209501	1.114722	0.094806	0.714286	0.065031	6.346813	0.087475	1.530669	0.157368	0.138114	0.000000	1.479385	0.170657	0.000000	0.000000	0.000000	0.000000	0.000000	0.000000	0.000000	0.000000	0.000000	0.000000	0.108689	0.000000	0.000000	0.000000	0.000000	0.000000	0.000000	0.000000	0.069698	0.242038	0.042646	0.501773	0.019202	0.200884	0.073244	0.123849	0.027092	0.000000	0.029344	0.000000	0.000000	0.000000	0.000000	0.000000	0.000000	0.000000	1.997503	0.535889	0.000000	2.918983	0.000000	0.340578	0.000000
Faecalibacillus	0.000000	0.000000	0.000000	0.000000	0.000000	0.000000	0.000000	0.000000	0.000000	0.000000	0.000000	0.000000	0.000000	0.000000	0.000000	0.000000	0.000000	0.000000	0.000000	0.000000	0.000000	0.000000	0.000000	0.000000	2.193453	0.000000	0.000000	0.000000	0.000000	0.000000	0.000000	0.000000	0.000000	0.000000	0.000000	0.000000	0.000000	0.000000	0.000000	0.000000	0.000000	0.000000	0.000000	0.000000	0.000000	0.000000	0.000000	0.000000	0.000000	0.000000	0.000000	0.000000	0.000000	0.000000	0.000000	0.000000	0.000000	0.000000	0.000000	0.091536	0.133497	0.237671	1.716791	0.415108	0.047012	0.545280	0.245390	0.070365	0.227780	1.724746	0.201375	0.619571	0.360920	3.773149	0.036303	0.115340	0.106751	0.370011	0.188551	0.000000	0.000000	0.078947	0.000000	0.000000	0.000000	1.102380	0.000000	0.000000	0.000000	0.069430	0.000000	0.000000	0.000000	0.000000	0.000000	0.049299	0.000000	0.000000	0.000000	0.000000	0.000000	0.797053	0.000000	0.000000	0.000000	0.000000	0.000000	0.000000	0.255633	0.298706	0.315830	5.575990	2.424734	0.147219	0.235321	0.051702	0.570782	1.556574	0.281002	0.000000	6.589657	0.000000	0.000000	0.000000	0.000000	0.000000	0.000000	4.500953	2.530015	1.395349	2.823670	1.025662	1.188928	1.031361
Qingrenia	2.850952	0.698858	0.232328	0.675275	0.896072	1.668019	0.746058	1.671094	0.295846	1.358827	0.583051	1.825885	0.188307	0.471906	0.152941	0.199145	0.190346	0.278786	0.128614	0.297304	0.303790	0.476924	0.112556	0.223607	0.115445	0.634529	0.579028	0.279750	0.400663	0.000000	0.000000	0.210764	0.028769	0.244888	0.000000	0.000000	0.000000	0.000000	0.000000	0.079949	1.679834	0.801821	0.508931	1.732020	0.752913	1.788679	0.083575	0.000000	0.188730	0.157878	0.107664	0.135266	0.056887	0.063285	0.055130	0.584291	0.000000	0.000000	0.000000	0.000000	0.000000	0.000000	0.000000	0.000000	0.000000	0.000000	0.000000	0.000000	0.000000	0.000000	0.230845	0.303711	0.000000	0.042352	0.000000	0.398448	0.473974	0.345748	0.136176	0.160421	0.115122	0.184211	0.065031	0.000000	0.239746	0.193661	0.000000	0.000000	0.000000	0.491348	0.000000	0.000000	0.871767	0.000000	0.000000	0.000000	0.000000	0.000000	0.000000	0.034609	0.000000	0.000000	0.000000	0.000000	0.000000	0.000000	0.000000	0.000000	0.350953	0.000000	0.000000	0.106615	0.276426	0.185624	0.000000	0.000000	0.446933	0.000000	0.000000	1.766536	0.068236	2.575176	1.832511	3.001148	0.990099	0.687458	0.787402	0.000000	0.118514	0.000000	0.063542	0.113512	0.000000	0.113929
Succinivibrio	0.000000	0.000000	0.010988	0.000000	0.000000	0.000000	0.000000	0.012855	0.000000	0.000000	0.000000	0.000000	0.000000	0.000000	0.000000	0.000000	0.000000	0.000000	0.000000	0.000000	0.000000	0.000000	0.000000	0.000000	0.000000	0.000000	0.000000	0.000000	0.000000	0.000000	0.000000	0.000000	0.000000	0.000000	0.000000	0.000000	0.000000	0.000000	0.000000	0.000000	0.000000	0.000000	0.000000	0.000000	0.000000	0.000000	0.000000	0.000000	0.000000	0.000000	0.000000	0.000000	0.000000	0.000000	0.000000	0.000000	0.000000	0.000000	0.000000	0.000000	0.000000	0.000000	0.000000	0.000000	0.000000	0.000000	0.000000	0.000000	0.000000	0.000000	0.304519	0.492012	0.000000	0.073153	0.000000	0.000000	0.000000	20.429455	1.733620	0.045247	0.000000	1.541353	0.000000	0.000000	0.424415	7.109605	0.000000	0.000000	0.015413	0.181585	0.000000	0.000000	0.000000	0.000000	0.000000	0.000000	0.000000	0.000000	0.000000	0.000000	0.000000	0.262665	0.000000	0.000000	0.000000	0.000000	0.000000	0.000000	0.043328	0.142715	0.442752	0.490431	0.300463	0.080010	0.080354	0.000000	0.148080	0.000000	0.175051	0.000000	0.000000	0.000000	0.000000	0.000000	0.000000	0.000000	0.000000	0.000000	0.000000	0.000000	0.000000	0.000000	0.000000	0.000000
Lachnospira	0.000000	0.000000	0.000000	0.000000	0.000000	0.000000	0.000000	0.000000	0.000000	0.000000	0.000000	0.000000	0.328018	0.174350	0.758824	0.864581	0.000000	0.000000	0.000000	0.000000	0.000000	0.000000	0.000000	0.000000	2.461450	0.731471	0.111945	0.509289	1.191220	0.000000	0.824471	0.000000	3.177343	0.000000	1.012586	0.839333	0.672672	0.541957	0.492141	0.000000	0.245455	0.000000	0.557866	0.200706	0.632007	1.424517	0.000000	0.000000	0.000000	0.000000	0.000000	0.000000	0.000000	0.000000	0.000000	0.000000	0.000000	0.000000	0.000000	0.049289	0.000000	0.063379	0.098808	0.023386	0.000000	0.000000	0.194868	0.097429	0.000000	0.000000	0.284872	0.631720	0.411048	0.458168	0.337617	0.314564	0.059781	0.740022	0.576127	0.074041	0.785535	0.695489	0.072257	0.000000	0.000000	0.595881	0.000000	1.375381	0.046239	0.304422	0.066366	0.000000	0.000000	0.000000	0.000000	0.000000	0.000000	0.000000	0.000000	0.000000	0.000000	0.051325	0.000000	0.000000	0.000000	0.000000	0.000000	0.000000	0.000000	0.053103	0.847132	0.000000	0.039060	0.000000	0.000000	0.185265	0.029616	4.797793	0.198084	0.000000	2.003217	0.000000	0.000000	0.000000	0.000000	0.000000	0.000000	1.820093	0.206111	0.636766	0.115171	0.060810	1.226082	0.227859
Bifidobacterium	0.000000	0.000000	0.000000	0.000000	0.000000	0.000000	0.000000	0.000000	0.000000	0.000000	0.000000	0.000000	0.000000	0.000000	0.000000	0.000000	0.110044	0.000000	0.000000	0.059461	0.050167	0.124199	0.000000	0.071364	0.086584	0.000000	0.005790	0.000000	0.000000	0.000000	0.000000	0.000000	0.000000	0.000000	0.000000	0.000000	0.000000	0.000000	0.000000	0.000000	0.000000	0.000000	0.000000	0.000000	0.000000	0.000000	0.000000	0.062500	0.000000	0.000000	0.053832	0.000000	0.071109	0.048681	0.000000	0.000000	0.000000	0.066020	0.054555	1.218138	0.325733	0.000000	4.538998	0.923761	0.099900	18.678499	0.220129	1.125846	2.760694	1.036612	0.000000	0.000000	0.000000	0.000000	1.880491	2.207193	0.000000	0.000000	0.000000	6.437415	0.000000	0.000000	0.000000	0.000000	0.485972	0.000000	0.000000	0.000000	0.000000	0.000000	0.000000	0.072326	0.149446	0.428088	0.000000	0.000000	0.000000	0.000000	0.000000	0.055375	0.000000	0.000000	0.000000	0.000000	0.000000	0.000000	0.000000	0.000000	0.000000	0.000000	0.000000	0.000000	0.000000	0.000000	0.000000	0.000000	0.000000	0.179794	0.096739	0.000000	0.000000	0.000000	0.000000	0.000000	0.000000	0.000000	0.000000	0.000000	0.000000	0.000000	0.000000	0.000000	0.000000	0.000000
Prevotellaceae_UCG-003	0.000000	0.000000	0.000000	0.000000	0.000000	0.000000	0.000000	0.000000	0.000000	0.000000	0.000000	0.000000	0.000000	0.000000	0.000000	0.000000	0.000000	0.000000	0.000000	0.000000	0.000000	0.000000	0.000000	0.000000	0.000000	0.000000	0.000000	0.000000	0.000000	0.000000	0.000000	0.000000	0.000000	0.000000	0.000000	0.000000	0.000000	0.000000	0.000000	0.000000	0.000000	0.000000	0.000000	0.000000	0.000000	0.000000	0.000000	1.187500	0.256134	0.899905	1.198982	1.384863	0.327099	1.411742	1.488515	4.893433	0.000000	0.574371	0.087289	0.894240	0.811662	0.633789	0.148212	0.268943	0.052888	0.315407	0.350041	0.064953	0.277892	0.145567	0.324165	0.133633	0.000000	0.011550	0.054454	0.220195	0.055510	0.921994	0.230451	0.086381	1.415318	0.169173	0.541927	1.261138	0.035638	0.227180	1.316166	5.513034	0.143855	0.186926	0.393458	0.269577	2.125451	0.462611	0.801986	1.155784	1.213044	0.473053	0.492293	0.754482	2.304965	0.000000	0.000000	0.000000	0.000000	0.000000	0.000000	0.000000	0.000000	0.000000	0.000000	0.000000	0.000000	0.000000	0.000000	0.000000	0.000000	0.000000	0.000000	0.000000	0.000000	0.000000	0.000000	0.000000	0.000000	0.000000	0.000000	0.000000	0.000000	0.000000	0.000000	0.000000	0.000000	0.000000
Catenibacterium	0.000000	0.000000	0.000000	0.000000	0.000000	0.000000	0.000000	0.000000	0.000000	0.000000	0.000000	0.000000	0.000000	0.000000	0.000000	0.000000	0.000000	0.000000	0.000000	0.000000	0.000000	0.000000	0.000000	0.000000	0.000000	0.000000	0.000000	0.000000	0.000000	0.000000	0.000000	0.000000	0.000000	0.000000	0.000000	0.000000	0.000000	0.000000	0.000000	0.059962	0.000000	0.000000	0.000000	0.000000	0.000000	0.000000	0.000000	0.000000	0.000000	0.000000	0.000000	0.000000	0.000000	0.000000	0.000000	0.000000	0.000000	0.000000	0.000000	0.000000	0.000000	0.000000	0.000000	0.000000	0.000000	0.000000	0.000000	0.000000	0.000000	0.000000	0.000000	0.000000	2.536468	0.096254	8.233500	3.842928	0.217772	0.000000	4.886608	0.131628	0.000000	2.518797	0.000000	0.000000	6.434264	0.000000	0.000000	0.000000	0.000000	1.559496	0.000000	0.000000	0.000000	0.000000	0.000000	0.000000	0.052513	0.000000	0.000000	0.000000	0.000000	0.000000	0.000000	0.000000	0.000000	0.000000	0.000000	0.000000	0.000000	0.000000	0.000000	0.000000	0.000000	0.000000	0.000000	0.000000	0.000000	0.000000	0.000000	0.000000	0.000000	0.000000	0.000000	0.000000	0.000000	0.000000	0.000000	0.000000	0.000000	0.000000	0.000000	0.000000	0.000000	0.000000
Candidatus_Gastranaerophilus	0.507469	0.405380	0.483494	0.411258	0.113056	0.235090	1.933086	0.068558	0.537195	0.123163	0.320000	0.119339	0.261200	0.332427	0.452941	0.529435	0.142759	0.564056	0.663649	0.313821	0.231327	0.432212	0.312656	0.195062	0.000000	0.000000	0.943815	0.000000	0.099089	0.000000	0.000000	0.000000	0.000000	0.000000	0.061493	0.746930	0.046391	0.336510	0.319146	0.000000	0.000000	0.144845	0.000000	0.000000	0.000000	0.000000	0.000000	1.305556	0.431383	2.578676	2.456690	4.161031	2.453246	2.161425	3.075038	2.277405	0.000000	2.257873	1.200218	0.000000	0.000000	0.000000	0.000000	0.000000	0.000000	0.000000	0.000000	0.000000	0.000000	0.000000	0.000000	0.000000	0.000000	0.000000	0.000000	0.000000	0.000000	0.000000	0.000000	0.000000	0.027087	0.000000	0.000000	0.000000	0.000000	0.000000	0.000000	0.000000	0.000000	0.000000	0.000000	0.427379	3.179875	0.138093	0.070015	0.000000	0.000000	0.056316	0.099631	0.643732	0.445795	0.027172	0.523034	0.340796	0.291633	0.768260	0.802174	0.616297	0.000000	0.000000	0.000000	0.000000	0.000000	0.000000	0.000000	0.000000	0.000000	0.000000	0.000000	0.000000	0.000000	0.000000	0.000000	0.000000	0.000000	0.000000	0.000000	0.052566	0.000000	0.000000	0.000000	0.000000	0.000000	0.000000
Anaerostipes--other	0.000000	0.570065	0.480354	0.445106	0.247048	0.372226	0.115370	0.000000	0.506053	0.050476	0.295593	0.092488	1.059985	1.157682	0.170588	0.000000	0.000000	0.353345	0.236650	0.287394	0.392977	0.000000	0.000000	0.000000	0.890575	0.000000	0.426550	0.086077	0.202486	0.000000	0.000000	0.230370	1.042066	0.053059	0.000000	0.000000	0.525766	0.000000	0.205804	0.000000	0.000000	0.000000	0.000000	0.000000	0.000000	0.000000	0.033430	0.000000	0.000000	0.000000	0.000000	0.000000	0.000000	0.000000	0.000000	0.000000	0.000000	0.000000	0.000000	0.000000	0.000000	0.000000	0.123510	0.000000	0.000000	0.523896	0.061347	0.151556	0.000000	0.070578	2.180747	0.242969	2.571557	0.084703	1.539243	0.576701	1.588454	3.421085	0.199026	0.884373	0.000000	1.075188	0.000000	0.000000	0.379058	1.039067	0.000000	0.000000	0.000000	0.261696	0.000000	0.000000	0.000000	0.000000	0.000000	0.000000	0.000000	0.000000	0.000000	0.000000	0.000000	0.138881	0.000000	0.000000	0.000000	0.000000	0.000000	0.000000	0.173310	0.501162	0.053130	0.266539	0.802235	0.166421	0.031567	0.379147	0.148080	1.354613	0.377741	0.000000	1.686406	0.000000	0.000000	0.000000	0.000000	0.000000	0.000000	0.420527	1.303653	0.437431	0.103257	0.000000	0.260078	0.000000
Parabacteroides	0.000000	0.000000	0.000000	0.000000	0.000000	0.000000	0.000000	0.000000	0.000000	0.030286	0.000000	0.000000	0.000000	0.000000	0.000000	0.000000	0.000000	0.000000	0.000000	0.000000	0.000000	0.000000	0.000000	0.000000	12.084605	0.000000	0.050182	2.302561	0.021541	0.000000	0.000000	0.000000	0.000000	0.073466	0.045095	0.000000	0.000000	0.000000	0.000000	0.000000	0.000000	0.000000	0.000000	0.000000	0.000000	0.000000	0.150435	1.847222	2.325425	2.220819	3.166291	1.971014	0.760862	1.202415	2.505360	2.894894	3.468987	2.297485	2.253137	0.000000	0.389812	0.071301	0.444637	0.000000	0.000000	1.144018	0.093826	0.037889	0.000000	0.048522	0.000000	0.000000	0.000000	0.000000	0.000000	0.000000	0.000000	0.000000	0.000000	0.000000	0.000000	0.000000	0.000000	0.000000	0.000000	0.000000	0.000000	0.000000	0.000000	0.000000	0.000000	0.000000	0.000000	0.000000	0.000000	0.000000	0.000000	0.000000	0.000000	0.000000	0.000000	0.326067	0.000000	0.000000	0.000000	0.000000	0.000000	0.000000	0.298960	0.192499	1.381387	0.095954	0.507782	0.323241	0.172186	0.000000	0.455011	0.000000	0.184264	0.000000	0.000000	0.000000	0.000000	0.000000	0.000000	0.000000	0.000000	0.000000	0.000000	0.000000	0.035743	0.000000	0.000000	0.000000
Caecibacteroides	0.000000	0.000000	0.000000	0.000000	0.000000	0.000000	0.000000	0.000000	0.000000	0.000000	0.000000	0.000000	0.000000	0.000000	0.000000	0.000000	0.000000	0.000000	0.000000	0.000000	0.000000	0.000000	0.000000	0.000000	0.000000	0.000000	0.000000	0.000000	0.000000	0.000000	0.000000	0.000000	0.000000	0.000000	0.000000	0.000000	0.000000	0.000000	0.000000	0.000000	0.000000	0.000000	0.000000	0.000000	0.000000	0.000000	0.000000	4.138889	6.167431	6.115146	5.794264	4.508857	3.270995	3.743550	4.110260	4.016998	1.678361	3.135935	4.402619	0.000000	0.000000	0.000000	0.000000	0.000000	0.000000	0.000000	0.000000	0.000000	0.000000	0.000000	0.000000	0.000000	0.000000	0.000000	0.000000	0.000000	0.000000	0.000000	0.000000	0.000000	0.000000	0.000000	0.000000	0.000000	0.000000	0.000000	0.000000	0.000000	0.000000	0.000000	0.000000	0.000000	0.000000	0.000000	0.000000	0.000000	0.000000	0.000000	0.000000	0.000000	0.000000	0.000000	0.000000	0.000000	0.000000	0.000000	0.000000	0.000000	0.000000	0.000000	0.000000	0.000000	0.000000	0.000000	0.000000	0.000000	0.000000	0.000000	0.000000	0.000000	0.000000	0.000000	0.000000	0.000000	0.000000	0.000000	0.000000	0.000000	0.000000	0.000000	0.000000	0.000000	0.000000	0.000000
Flavonifractor	0.000000	0.000000	0.000000	0.000000	0.000000	0.000000	0.000000	0.000000	0.000000	0.000000	0.000000	0.000000	0.000000	0.000000	0.000000	0.000000	0.000000	0.000000	0.000000	0.000000	0.000000	0.000000	0.000000	0.000000	0.000000	0.000000	0.000000	0.000000	0.000000	0.000000	0.000000	0.000000	0.000000	0.000000	0.000000	0.000000	0.000000	0.000000	0.000000	0.779501	0.567615	2.943459	0.000000	0.728489	0.747417	0.262411	0.663027	0.673611	0.532489	0.957794	0.900460	0.631240	0.775084	0.564697	0.618683	1.440807	0.000000	0.184855	0.556465	0.000000	0.000000	0.000000	0.000000	0.000000	0.000000	0.000000	0.000000	0.000000	0.000000	0.000000	0.000000	0.000000	0.000000	0.038502	0.029042	0.036699	0.042700	0.000000	0.000000	0.119288	0.000000	0.000000	0.039741	0.000000	0.000000	0.000000	0.000000	0.000000	0.035964	0.000000	0.000000	0.000000	0.377766	0.110474	0.133664	0.000000	0.000000	0.033789	0.000000	0.069219	0.106383	0.084536	0.000000	0.000000	0.000000	0.000000	0.000000	0.000000	0.060659	0.000000	0.000000	0.000000	0.000000	0.032004	0.000000	0.000000	0.024231	0.000000	0.096739	2.288867	0.000000	1.063660	4.850388	3.695403	2.372501	1.469931	1.192224	0.000000	0.108208	0.182724	0.059571	0.089188	0.154808	0.000000
Candidatus_Ozemibacter	0.000000	0.000000	0.000000	0.000000	0.000000	0.000000	0.000000	0.000000	0.000000	0.000000	0.000000	0.000000	0.000000	0.000000	0.000000	0.000000	0.000000	0.000000	0.000000	0.000000	0.000000	0.000000	0.000000	0.000000	0.000000	0.000000	0.000000	0.000000	0.000000	0.000000	0.000000	0.000000	0.000000	0.000000	0.000000	0.000000	0.000000	0.000000	0.000000	0.000000	0.000000	0.000000	0.000000	0.000000	0.000000	0.000000	0.000000	0.000000	0.000000	0.000000	0.000000	0.000000	0.000000	0.000000	0.000000	0.000000	0.000000	0.000000	0.000000	0.000000	0.000000	0.000000	0.000000	0.000000	0.000000	0.000000	0.000000	0.000000	0.000000	0.000000	0.000000	0.000000	0.000000	0.000000	0.000000	0.000000	0.000000	0.000000	0.000000	0.000000	0.094806	0.000000	6.051519	0.000000	0.000000	0.000000	7.288984	0.063302	7.572955	0.000000	6.650865	0.000000	0.000000	0.000000	0.000000	0.000000	0.000000	0.000000	0.000000	0.000000	0.000000	0.000000	0.000000	0.000000	0.000000	0.000000	0.000000	0.000000	0.000000	0.000000	0.000000	0.000000	0.000000	0.000000	0.000000	0.000000	0.000000	0.000000	0.000000	0.000000	0.000000	0.000000	0.000000	0.000000	0.000000	0.000000	0.000000	0.000000	0.000000	0.000000	0.000000	0.000000	0.000000	0.000000
Phocaeicola	0.370624	0.166797	0.131862	0.186166	0.686710	0.492569	0.199974	0.407061	0.393164	0.308916	0.143729	0.361000	0.000000	0.000000	0.000000	0.000000	0.000000	0.000000	0.000000	0.000000	0.000000	0.000000	0.000000	0.000000	0.000000	0.000000	0.000000	0.000000	0.000000	0.000000	0.000000	0.000000	0.000000	0.000000	0.000000	0.000000	0.000000	0.000000	0.000000	0.000000	0.000000	0.331074	0.000000	0.000000	0.000000	0.000000	0.000000	0.000000	0.000000	0.000000	0.000000	0.000000	0.000000	0.000000	0.000000	0.000000	0.000000	0.000000	0.000000	0.323898	0.699525	0.217865	0.111159	1.005613	1.275195	0.245910	0.873299	0.216509	0.168557	0.423467	0.000000	0.000000	0.000000	0.000000	0.000000	0.000000	0.000000	0.000000	0.000000	0.000000	0.081262	0.000000	0.000000	0.000000	0.000000	0.000000	0.000000	0.000000	0.000000	0.000000	5.361460	0.000000	0.000000	0.000000	0.000000	0.000000	0.000000	0.000000	0.000000	0.000000	0.000000	0.401546	0.000000	0.000000	0.000000	0.000000	0.000000	0.000000	0.446274	0.348490	0.132826	1.183432	1.048615	0.278436	0.226712	0.124946	1.332723	0.258608	0.257969	0.017607	0.219330	0.095969	0.320369	2.487290	2.098512	1.319025	1.267850	0.157698	0.417375	0.049834	0.969023	0.575668	0.000000	1.798885
Candidatus_Methanospyradousia	0.000000	0.000000	0.000000	0.000000	0.000000	0.000000	0.000000	0.000000	0.000000	0.000000	0.000000	0.000000	0.000000	0.000000	0.000000	0.000000	0.000000	0.000000	0.000000	0.000000	0.000000	0.000000	0.000000	0.000000	0.000000	0.000000	0.000000	0.000000	0.000000	0.000000	0.000000	0.000000	0.000000	0.000000	0.000000	0.000000	0.000000	0.000000	0.000000	0.000000	0.000000	0.000000	0.000000	0.000000	0.000000	0.000000	0.000000	0.000000	0.000000	0.000000	0.000000	0.000000	0.000000	0.000000	0.000000	0.000000	0.000000	0.000000	0.000000	0.000000	0.016020	0.000000	0.000000	0.000000	0.000000	0.000000	0.000000	0.000000	0.000000	0.149978	2.003929	1.093361	0.827109	0.935587	0.991069	0.990878	3.253768	0.000000	0.000000	0.292049	0.000000	1.436090	0.000000	0.000000	1.373680	0.521396	0.000000	0.000000	0.000000	2.670370	0.000000	0.000000	0.000000	0.000000	0.000000	0.000000	0.000000	0.000000	0.000000	0.000000	0.000000	0.709498	0.000000	0.000000	0.000000	0.000000	0.000000	0.000000	0.181976	0.202456	2.455799	0.815609	0.871342	1.795430	7.590541	0.000000	0.955791	0.000000	1.022664	0.000000	0.000000	0.000000	0.000000	0.000000	0.000000	0.000000	0.000000	0.000000	0.000000	0.000000	0.000000	0.133782	0.000000	0.000000
