sample-id	total_reads	pct_Especie	pct_Genero	pct_Familia	pct_Orden	pct_Clase	pct_Filo	pct_Reino	pct_Dominio
ERR2124852	35076	0.00	65.57	90.83	99.87	99.87	99.87	100.00	100.00
ERR2124853	47363	0.00	57.14	93.41	100.00	100.00	100.00	100.00	100.00
ERR2124854	63703	0.00	60.44	94.25	99.98	99.98	99.98	100.00	100.00
ERR2124855	59087	0.00	58.94	91.87	99.96	99.96	99.96	100.00	100.00
ERR2124856	23882	0.00	65.39	95.63	100.00	100.00	100.00	100.00	100.00
ERR2124857	35731	0.00	63.58	90.74	100.00	100.00	100.00	100.00	100.00
ERR2124858	39005	0.00	67.78	95.24	100.00	100.00	100.00	100.00	100.00
ERR2124859	23338	0.00	70.51	95.97	100.00	100.00	100.00	100.00	100.00
ERR2124860	25689	0.00	63.44	94.99	99.97	99.97	99.97	100.00	100.00
ERR2124861	49528	0.00	69.84	93.71	100.00	100.00	100.00	100.00	100.00
ERR2124862	36875	0.00	55.52	88.54	99.94	99.94	99.94	100.00	100.00
ERR2124863	33518	0.00	69.60	93.16	100.00	100.00	100.00	100.00	100.00
ERR2124864	32925	0.00	36.86	78.57	99.92	99.92	99.92	100.00	100.00
ERR2124865	43017	0.00	40.52	76.82	99.89	99.89	99.89	100.00	100.00
ERR2124866	17000	0.00	52.09	88.59	100.00	100.00	100.00	100.00	100.00
ERR2124867	20588	0.00	39.78	75.84	100.00	100.00	100.00	100.00	100.00
ERR2124884	33623	0.00	46.33	78.41	99.95	99.95	99.95	100.00	100.00
ERR2124885	30848	0.00	52.84	79.35	99.87	99.87	99.87	100.00	100.00
ERR2124886	19438	0.00	49.61	79.55	99.80	99.80	99.80	100.00	100.00
ERR2124887	30272	0.00	44.57	70.78	99.67	99.67	99.67	100.00	100.00
ERR2124888	35880	0.00	42.20	68.00	99.77	99.77	99.77	100.00	100.00
ERR2124889	20129	0.00	46.10	73.54	99.90	99.90	99.90	100.00	100.00
ERR2124890	23988	0.00	52.09	80.66	100.00	100.00	100.00	100.00	100.00
ERR2124891	21019	0.00	48.58	79.99	99.94	99.94	99.94	100.00	100.00
ERR2124892	24254	0.00	79.65	91.37	99.91	100.00	100.00	100.00	100.00
ERR2124893	22694	0.00	57.73	90.02	99.59	100.00	100.00	100.00	100.00
ERR2124894	51811	0.00	40.70	69.07	99.89	99.99	99.99	100.00	100.00
ERR2124895	13941	0.00	58.55	83.12	99.27	100.00	100.00	100.00	100.00
ERR2124896	46423	0.00	37.95	82.99	99.83	99.98	99.98	100.00	100.00
ERR2124897	20094	0.00	37.45	90.83	99.90	100.00	100.00	100.00	100.00
ERR2124898	16738	0.00	31.38	86.34	100.00	100.00	100.00	100.00	100.00
ERR2124899	20402	0.00	44.98	87.11	99.79	99.97	99.97	100.00	100.00
ERR2124900	31284	0.00	47.62	84.89	99.89	99.89	99.89	100.00	100.00
ERR2124901	24501	0.00	70.84	91.24	99.43	100.00	100.00	100.00	100.00
ERR2124902	24393	0.00	45.23	99.75	100.00	100.00	100.00	100.00	100.00
ERR2124903	25973	0.00	74.38	99.28	100.00	100.00	100.00	100.00	100.00
ERR2124904	25867	0.00	75.93	98.96	100.00	100.00	100.00	100.00	100.00
ERR2124905	28231	0.00	80.48	99.20	100.00	100.00	100.00	100.00	100.00
ERR2124906	33527	0.00	74.73	99.64	100.00	100.00	100.00	100.00	100.00
ERR2124907	25016	0.00	60.29	91.23	99.22	100.00	100.00	100.00	100.00
ERR2124908	13037	0.00	69.68	93.43	99.43	100.00	100.00	100.00	100.00
ERR2124909	19331	0.00	60.89	94.43	99.43	99.51	99.51	99.51	100.00
ERR2124910	20435	0.00	77.36	97.52	99.89	100.00	100.00	100.00	100.00
ERR2124911	26905	0.00	63.28	96.90	99.29	100.00	100.00	100.00	100.00
ERR2124912	18196	0.00	70.06	96.02	99.65	100.00	100.00	100.00	100.00
ERR2124913	18673	0.00	62.50	92.29	98.96	100.00	100.00	100.00	100.00
ERR2124914	17948	0.00	63.99	96.33	99.33	100.00	100.00	100.00	100.00
ERR2124915	14400	0.00	57.40	92.69	99.74	99.74	99.74	100.00	100.00
ERR2124916	14836	0.00	56.75	95.46	98.40	98.40	98.81	100.00	100.00
ERR2124917	19002	0.00	49.64	88.24	97.41	97.41	97.97	100.00	100.00
ERR2124918	20434	0.00	51.92	88.88	98.62	98.62	99.34	100.00	100.00
ERR2124919	15525	0.00	53.55	88.34	97.89	97.89	98.13	100.00	100.00
ERR2124920	14063	0.00	51.35	91.22	98.88	98.88	99.61	100.00	100.00
ERR2124921	20542	0.00	46.40	92.54	99.35	99.35	99.61	100.00	100.00
ERR2124922	16325	0.00	52.54	89.88	99.66	99.66	99.79	100.00	100.00
ERR2124923	15061	0.00	55.33	88.83	99.05	99.05	99.05	100.00	100.00
ERR2124924	17815	0.00	55.10	92.82	97.94	97.94	97.94	100.00	100.00
ERR2124925	15147	0.00	57.15	90.78	98.11	98.11	99.50	100.00	100.00
ERR2124926	18330	0.00	56.61	96.19	99.76	99.76	99.76	100.00	100.00
ERR2124927	14202	0.00	68.10	87.85	99.48	100.00	100.00	100.00	100.00
ERR2124928	18727	0.00	75.59	87.34	100.00	100.00	100.00	100.00	100.00
ERR2124929	25245	0.00	69.23	89.90	99.33	100.00	100.00	100.00	100.00
ERR2124930	16193	0.00	64.13	76.44	99.92	100.00	100.00	100.00	100.00
ERR2124931	17104	0.00	64.10	93.04	99.91	100.00	100.00	100.00	100.00
ERR2124932	17017	0.00	65.22	84.56	97.86	100.00	100.00	100.00	100.00
ERR2124933	18706	0.00	87.62	93.84	99.95	100.00	100.00	100.00	100.00
ERR2124934	27711	0.00	61.36	93.25	99.57	100.00	100.00	100.00	100.00
ERR2124935	18475	0.00	73.33	93.49	99.78	100.00	100.00	100.00	100.00
ERR2124936	21951	0.00	68.76	90.09	99.70	100.00	100.00	100.00	100.00
ERR2124937	22670	0.00	70.77	89.63	99.58	100.00	100.00	100.00	100.00
ERR2124938	20360	0.00	76.69	88.93	100.00	100.00	100.00	100.00	100.00
ERR2124939	16463	0.00	78.23	92.61	100.00	100.00	100.00	100.00	100.00
ERR2124940	19949	0.00	69.58	87.41	100.00	100.00	100.00	100.00	100.00
ERR2124941	25973	0.00	67.04	87.33	100.00	100.00	100.00	100.00	100.00
ERR2124942	27546	0.00	76.22	89.03	100.00	100.00	100.00	100.00	100.00
ERR2124943	19074	0.00	71.80	89.40	100.00	100.00	100.00	100.00	100.00
ERR2124944	23419	0.00	73.24	89.00	100.00	100.00	100.00	100.00	100.00
ERR2124945	16486	0.00	82.96	99.13	100.00	100.00	100.00	100.00	100.00
ERR2124946	19093	0.00	84.62	95.35	100.00	100.00	100.00	100.00	100.00
ERR2124947	24311	0.00	76.81	92.74	100.00	100.00	100.00	100.00	100.00
ERR2124948	14767	0.00	75.07	93.68	100.00	100.00	100.00	100.00	100.00
ERR2124949	26600	0.00	87.42	96.83	100.00	100.00	100.00	100.00	100.00
ERR2124950	27679	0.00	67.31	91.99	100.00	100.00	100.00	100.00	100.00
ERR2124951	14590	0.00	77.75	97.15	100.00	100.00	100.00	100.00	100.00
ERR2124952	30866	0.00	77.81	93.59	100.00	100.00	100.00	100.00	100.00
ERR2124953	26851	0.00	77.74	93.18	100.00	100.00	100.00	100.00	100.00
ERR2124954	27960	0.00	67.34	87.03	100.00	100.00	100.00	100.00	100.00
ERR2124955	17377	0.00	71.19	97.89	100.00	100.00	100.00	100.00	100.00
ERR2124956	19464	0.00	65.60	88.68	100.00	100.00	100.00	100.00	100.00
ERR2124957	18724	0.00	71.34	84.90	100.00	100.00	100.00	100.00	100.00
ERR2124958	21095	0.00	60.16	89.59	100.00	100.00	100.00	100.00	100.00
ERR2124963	15209	0.00	66.71	92.73	98.38	98.38	98.38	99.22	100.00
ERR2124964	24089	0.00	70.46	90.85	97.92	97.92	97.92	99.56	100.00
ERR2124965	14483	0.00	73.47	90.49	98.83	98.83	98.83	99.86	100.00
ERR2124966	15711	0.00	75.08	94.25	98.42	98.42	98.42	99.80	100.00
ERR2124967	18256	0.00	61.96	88.37	99.49	99.49	99.49	99.87	100.00
ERR2124968	19043	0.00	59.35	95.11	98.24	98.24	98.24	98.92	100.00
ERR2124969	17757	0.00	76.22	93.99	99.18	99.18	99.18	100.00	100.00
ERR2124970	17063	0.00	85.39	98.04	99.31	99.31	99.31	100.00	100.00
ERR2124971	14447	0.00	64.00	95.47	98.73	98.73	98.73	99.75	100.00
ERR2124972	19740	0.00	57.32	89.27	98.03	98.03	98.03	99.66	100.00
ERR2124973	33122	0.00	77.13	91.89	100.00	100.00	100.00	100.00	100.00
ERR2124974	23899	0.00	56.14	90.61	93.71	93.71	98.21	99.70	100.00
ERR2124975	17019	0.00	53.97	86.10	90.90	90.90	98.29	100.00	100.00
ERR2124976	39776	0.00	52.02	83.70	86.96	86.96	93.84	95.12	100.00
ERR2124977	18223	0.00	50.85	85.47	90.92	90.92	97.98	99.73	100.00
ERR2124978	30168	0.00	52.29	87.95	91.28	91.28	95.80	97.51	100.00
ERR2124979	30018	0.00	67.78	93.87	96.39	96.39	98.81	99.92	100.00
ERR2124980	23080	0.00	78.92	95.17	100.00	100.00	100.00	100.00	100.00
ERR2124981	30130	0.00	55.55	93.75	100.00	100.00	100.00	100.00	100.00
ERR2124982	33879	0.00	75.93	91.99	99.83	100.00	100.00	100.00	100.00
ERR2124983	18759	0.00	83.23	95.80	100.00	100.00	100.00	100.00	100.00
ERR2124984	33282	0.00	73.22	92.14	100.00	100.00	100.00	100.00	100.00
ERR2124985	31246	0.00	71.44	93.64	99.97	100.00	100.00	100.00	100.00
ERR2124986	34846	0.00	69.87	94.42	99.40	100.00	100.00	100.00	100.00
ERR2124987	23210	0.00	43.83	93.49	99.97	100.00	100.00	100.00	100.00
ERR2124988	37142	0.00	68.09	88.74	100.00	100.00	100.00	100.00	100.00
ERR2124989	40602	0.00	66.38	94.08	99.74	100.00	100.00	100.00	100.00
ERR2124990	21708	0.00	72.64	94.02	99.95	100.00	100.00	100.00	100.00
ERR2124991	17039	0.00	57.71	88.90	99.57	99.63	99.63	99.63	100.00
ERR2124992	20517	0.00	71.30	97.99	98.77	100.00	100.00	100.00	100.00
ERR2124993	12504	0.00	61.43	88.96	99.26	99.32	99.32	99.32	100.00
ERR2124994	15607	0.00	64.11	91.79	99.18	99.30	99.30	99.30	100.00
ERR2124995	18293	0.00	55.58	93.21	99.90	99.90	99.90	99.90	100.00
ERR2124996	16059	0.00	62.31	97.53	99.93	100.00	100.00	100.00	100.00
ERR2124997	17892	0.00	59.27	94.62	99.04	99.11	99.11	99.11	100.00
ERR2124998	22479	0.00	60.25	91.66	99.67	99.72	99.72	99.72	100.00
ERR2124999	15219	0.00	88.32	98.98	99.78	100.00	100.00	100.00	100.00
ERR2125000	19407	0.00	78.05	94.34	99.82	100.00	100.00	100.00	100.00
ERR2125001	18060	0.00	67.70	93.77	99.51	100.00	100.00	100.00	100.00
ERR2125002	25180	0.00	77.97	95.87	100.00	100.00	100.00	100.00	100.00
ERR2125003	24667	0.00	77.74	95.27	100.00	100.00	100.00	100.00	100.00
ERR2125004	16149	0.00	80.31	93.80	99.76	100.00	100.00	100.00	100.00
ERR2125005	16677	0.00	84.69	98.17	100.00	100.00	100.00	100.00	100.00
