id	genus	all_asv_ids	n_asvs
f13cc60e608d54599659f721d584c2fb	Xylanibacter	f13cc60e608d54599659f721d584c2fb;ea94d5997785fde48836439228242d2d;8209f2177f5e50bff8863a217ca0b20f;5f5e022e1082e9fbd1f84d17a15eea28;fe1902ae9c55023815c56165a6b8534b;4615530537394cda8d5a9dc3b9ed4c03;46bda4564c61664d7882c935256e1ca2;9cbf131035308d15bb5b732fb88f1561;6a14814742e591d00a78da0a3d761b9b;513300823f40b653667ceaa0c2dbcf10;3a5766ede95701e332ab0fec6683ea0a;42a31ba5e1b795687e5063135a2065cc;fd7286af9ee912eceba5cf32484e6fe6;e86275cf1abda00a7ff2376f992f38da;4bf8705c5d806aaf16e04b083f7984a2;5c92c3153789d2fd22345f945c917840;70ed0058b9614645bdd74a8cd92379f3;7f316fd5708de7adedf5cced84b887a0;3b79c55c6cd40199d909426184123474;28827e71da4e738e64cb4b6e449ef5ba;1ca902a9ac22472357333ba9b4feaf36;4842b8620344ea1f6ab30f58ca64c387;e0facdbc286b49c2c0353385ef59498a;99f2cd7a3add02b1b5942d50df0bc5ea;4134227bd3932c9dd082d07b2410b560;b35b71eb43f8a81b34e8975bed82a22f;a923e17c373860b6f142072f2321ea01;bd7ede6bf713360002955148e6b8c386;c9e8ec27744c2a77243ac4290bd62044;bae44218d8741bc900bf7be7776b303d;8865a6d7787c4834dd3f8436697775af;c12618c5ce389efb36182de8e74c683e;3e203b90af9337a5f6dd84a7cd4d90a0;6e776cf456538390385e670561fda3e3;6e234329e8978857797a599d954353a8;37766a56fc9ee13b27a458c7ffe674f1;af0d5943c33faa3658125912eb70ad1e;c0f190068d84d1c15bbbb90196e8b4f6;037482292080cee58f5225a197b342ea;655ba5862953f86c588f47a837a51077;59e537f7c6d8cf2c96595c618d8c14b8;55c9a917f82de53cd92a793abd49ae1e;cec3ea401752f451e96916005993eebe;88b6629f63dd4d468526426969d752ac;526f52c31cab3718fdcb74fbf3dc5227;0b448009da369974ea6d7a6599742683;bebee2786c1024b3ba4880bd779b079b;af2eb027555501989da1c81a8f7ea1df;364193e6d6fc1dd949dfd6d3c265d7ff;adc5e16755845c1e18bbb17f606ea4f1;523558d4e31fb6a2b0406edb0598cf5f;be62296da5a50ea41e33e5dc71a3f636;9f4194aae6fac1d38e3006f98866c3fe;9799796c41b78e2e4d2a7aeeb2264671;57061b9f6957b66ec4a84d31964b655c;04fb295fa9bbc4b0971adc3b84921cea;da45feca5941e54d55512652e2d65c8e;649c3ac7f346bbffe07c8b41c8ca0d1f;b1f5c0ea13abf695576845e9caec5ba4;ddbf0e90625df3e5ed4db8c35a109813;34ad9457f9fd52d6f45bbb90cc43807f;65e21780bd6d36511043601cd512bf48;66e721c383b34652f02083b6b7df5a35;b431a227ee1d2f3386c168f332f152be;494ae8a2bec07efc7edd38f22a3acc8c;4fce604d723d14d1a01d12e94798d3df;0109308f1c76c8336b8cf051d2e0cff2;f30dd67386e8a11730c27c8f514ca280;4bb25a857d8b12a0f4144284e5d1914d;796def3634037a64f34d2b4181ff5fd5;d40365904a6c8f51ae57d2b799776198;e9af6bdc350fa5a144f1ba20ec150e1f;94b76baa7b76d9daaf9f375abe87b6db;5187145018c14e3cb518eeff977f4839;9ebe8b94bddd7840df9bd3e70f6be75b;668e72ed77b8890cdc3116f1bdd381a8;ba6cfa4fdb87cca651606fd185fdc220;e166768908cafda68b351151fab8efa8;52e021bd394cf03c0534f53f98326e30;f74c08185d8a2b0c911a5243c44410dc;41b608b947420e3dc6e62bf63e4c56b8;9dfd9ad6bafb8cf7589e0e730a831a90;bda2088387ece90b43af8ed61c641b93;6a5c45031114b39ab6ff76d101e81d74;a7e993612f9b474547479f9955bfc0ab;8dc012ad5fc01f8c0f8ff85c8c802ace;b95e86cdab3967694acd78a97a30c310;5f73261a595e0e3acb052c3b629fc005;588a5b51a0a4ff8352e6792f87342c4c;96391e20dc84448f2d8bc537a3c237e0;ad17581932984fab9b157c4afc9759cc;d0c00120424bcbaa7e84ac230900085f;0554b48862acb367e8825f1087be0ef5;dfdc90ca8a55f51e5f6735826d7ff5c4;199e38ef5d6923ba165649d2cbadf3e6;cbd3d0041028b017cff72ad1536f48a8;2cf0e5f47be519588e1adb932ed78651;f7c6ed18a6a6a6c167673d4eaa6503c4;cceff16214da02d3e5734afab5efb36e;a3a3f4980ef15579090d0f081fa94363;fa193be840aaaebd1acf7d8a376b3b8b;bb8d28ce3ce5cc16fb3ce3e177abd2ce;99391a08bf67f0d913e4c550c5e3a359;7ab6b50a8587adc903339034ce6ca257;2dd63a03f2e2cd1606f2678f59dc40eb;f230aacb96a742e811b75c5e740e73bd;fe6fdbdc86c239c7b1d3742f988e39d3;b5c2e6275647001858b6beff080caef1;d42d6b377a41994b5ca0af73ff468b96;ce5751818aa1a980a73474b0bf170d48;96cda45d9aa556072b86c3dcddcde569;9586d81af9b2d5695fee2ad372babf10;26dcdb1d95c24caf474eb295831875c0;737f20eadeb1bebb47dec4ce2dc31938;4b5003b666f55936bebc8a71f3db97ce;e9d1a03628c3148cf53ab5114587473b;2768c6167880334ca82287274af2adbe;495d2acec309136d07cec7e14f6293f3;a8e26310630ed74609b20a028c05405f;79c83476ae7b1e170aaa2e0a1f64f816;1ba50888af837612845e225113fb0b71;0db98255f13ae4e032d9acf691740d1c;c31887f77672af59075f89190ed28066;cb2fcc64dde8fdbee6185bfd8d185c7c;55ab1bdc33dcd65d76c904af407cfe4c;e661f3a193d72480460d8e8212fb2a93;54b9c530a3263d360d23631b46810240;32af4dee9a4adce7db2c30abfa0b9724;0d23634bb6e6c2c9074a34e2afceae73;fbdedfac2500aab58adee492f292b7f6;04fb10837b6a942fb88912a35832b496	131
05ec0169562f77638667ef95cbe288b8	UCG-005	05ec0169562f77638667ef95cbe288b8;6567c6572bd53ccd9f03de4021d6a6fd;3b9da65d7420581365610ab6004a1e1b;816923c95b3fa220a74ce4125f3dfadb;699d4b4de178e2d52195830debfc3b1f;1425e15873d195069187835070016687;9dd9cefe38347b087dd318d82962cc03;36e67582dacfa3d78f2e17677bc2b1f6;5034598009be77942a505e7c9978b06b;d9d92c0a9199f2b6825320fc3ae6b586;6a37324cc7da3d2a00c6a91b2424c82e;eac399be551a37984a82ce4cd94e9c69;74debac28f342eafaa0293c9b0c8a1c0;e2555248919420c4a2bec0c6dbbe9a58;6ac525b0bbb97e959dce41a61efa8d3e;7ab1bc6052053650189083370055ae66;f741a5694381d86e025dad1d17fcd71e;3c3b64d369034f26734e8e50f1edeebf;53c6d19eec042df8c5d3a29ddb56df08;480f850802fa300b01a5d3cf7255ff0a;084c6991aba842c8b52fc78689fd9a1d;22cf2c34531e13a1f21e9b6af2cffd48;8bc0f653a8af4525aa313de93f8d24c9;1ed7760bfc7eea5736db80250990f1d3;d6a848f01e011ee2885e62ba6057e7d3;6cc83c34d05cde929245ecc69fcd557a;e57ec0bb7fda917997b5bdad684d6c8f;2b4d8f34885f662081497ebd6cebe05f;8ff9bf88926b6e1f5ca935d6e13cf5f4;d4c164fbbcad17d53b7afa135113cea8;b99703a162345491dd112dfeeb2fcd51;18b459d341359d0f618974394fed6618;cd8e72be78b372081ca793d9670bdd3e;e6277975ebc41376e865ca102755a3c2;98b0aec2f70733cc43aeefed6237b2cb;320a187ba75e2878ad619a7421523afe;4bffeb9d1d9fdb001a8a7e14d00d70ef;9b5e276a319cbd9c70cf88aab9263984;2fd0b16f9bd3b2eefa212dcb2cc277a0;4d249787a52ea8aa913b8f1dca235800;256515d71e2098cbebcf4ba5fab55be7;2c7373037aea18de27386e3af6403906;73b17670a772019931a795b8cd848936;564cac4492536b7227a26cf832793816;d2230e81045bcf5dad92f1f66a4184ba;c83f5c7e7d2d00d0a05553f2c66e34a4;bccc61fa40b7cc947a71182e8e9c6401;5348b80cd064d8ca0f08a56d6326b5a2;f73a904bb873d1f88e779deb50189d28;d3d99580d90cca486a23372a474e9571;4843a4f2562233337ac5f40b70da25e0;e31d7e0c40076cf4ba977dba8992d337;8c2d7310d527ab5ef1877ca0cd41ba4b;48db843bdaea80377900ff2720362c0b;04d285e2e61119429cac6cf4a8b4dad2;52086d32dabe52ccec17f87c2e2edb86;118d70086b8ba03fbe8d8bb781b409be;a0a7b405465da4e00a1f632a8457f01d;0422a40085b84173a522a4fa89531cd3;a92aac8218b7b2c7f9ce24b741b40a04;93db50209be95f013556cd0ea6d8c259;76cabaedec6b3a569baa48facdba872a;276f1e719a8bd80b26e331cd3e1af2f7;78a0407bd3956446bae978142f779490;e0582e0f5fcf8647951b85374742692a;fab80abc33d61e8cea16a2743a0efd43;750a320e2440e97c357d73b14165dc31;963e1cc398bbf7fca9c85c504c57084b;069ebbe77d7a9b5c409c2aa456e503da;9b68d85d6d313d39aba2984b8257a667	70
bd517e8148bac1e3c47b9e9c41dc516c	Candidatus_Cryptobacteroides	bd517e8148bac1e3c47b9e9c41dc516c;61b485d9df53c601ca8d164d4835c145;ddd5891fd9dca7e6c8e3cc0bc15d7983;672575cb4b23873d814dcb03e2c1d719;0ea6e63c2452871422bdb052e8033e36;2faf2da5fa1e0ca1fa5b30d6718211f8;96c676890af0757a6782b284d6752a50;dd32ce05418ab4a95a3bb571e0b4d6ab;14d6700b85708bdda961dad44c64601c;4dd97588e3cb14454bc658f5040104cd;0d4631df9607c975a75be895b2e42ea4;f9d48c0240472b6c6e5a87a7c4241bd1;14f46e8db7594df4959a9afb713b28e6;600f628d66316c93a54e5c7d9a06d869;6973e8a8b8766a3142fdc3cda99c2c51;83e05095bbe68ebf2583155bea681809;15eff8bd19510b7ad2389684d2250833;36a3ec3765e0a53beb17732e70101dbb;e53253f3df25da2030adfc92e7c21185;35428192d09828371d98141ffabed7f4;6fadc15b4c9f0314ff2757e0aac8f7e7;1a988a429808024de44ca5b19a9af7b7;aa3d561eaae21966a55c1fc9330d7acb;3849a3f8ce0fefc501e0cff5974f9ca4;c40193533ccf55c965ce3107390b3504;c8bdf49e93af95fa225a5f6d0a4c58da;1ccb92adf12c0700ae14c9575adb13cb;a7cc555e9edcf1e5642f404ee6ac2b87;d1c8065634e61ffd4e51f6004dee969e;be875f3829114108960a87b9a2d97ca8;123230bea74f8acce91bdc424ebfe030;87533b22e068c380ce59da78f0058ca3;04dcd2c77d6bd2bb78eb378f61f72589;01c2e0259e947e0c4dd73f54de75c37d;5203d49e395ba5c2c809255f6b0b1b10;14c582daa95708986fb7c3b0f04ed98a;9abbabf0e56465ce34a0f7bb5e1b70e7;97ad188254ad8050b51fd4a4b6e43244;6279a5e00f5277b5ba26ce51fc285c3d;ad0edc1c73534a6961a07ee1aa4fd619;8549725c93b46a9ca8086f244bb4fcc1;0ee86b0ab652be087a31603e5fea0614;0ab28b5742af210e9081bfa4ed54443f;99638860e7ec10ae72f6683d64c33692;9e16577087b1549279430d1d7f6fc74a;94a7f2abab7993f71077d7aea119756c;d3bfc5fd11b39891b1a2e30eb92eb517;6bdc82c1d9ddf42852f6c42a7100f852;ed69605141255f6ab7cba2bc4e9b55d9;98d650de48dcf2c9bcc1789eb14566d8;0d922940f8c67cb859e3efb965e700d3;0bffbb90a4c9c82e72dee819dba8a978;ceb63ff8dd9e9002c7ad39b4cad71b2e;8780ade4b87ef096caa638bb0613233b;0c39693fcb14d2864f071ae9ca2b0968	55
a0cc739014948a1ae4443a14f7e12acd	Solibaculum	a0cc739014948a1ae4443a14f7e12acd;78e2d7f265e221e0e3c1f24b25af17d4;5d6258540db76c65ad86353427443f4e;52d50673e4a2b4740f5c79c61dc23db6;3be6bc1c25b2ffa1202a4e752178aec4;ba3194ed66684d323006cca28de4990d;0b6e96cdf0b5c7bdbabbe7a2b8d68421;ad816153f1193fbf04158fa2848c17f9;a890229e8b7b9816dc556dfecbfc60ed;089e0fdf11ca52a29c911686e3eb086e;2d549f5141219b9c40fa1ff1bf215f69;70135606ca09477f5837dbaed020aa75;aa3e2d76e864d7909b51110e211ef36c;0d31738f736f76e24c84f379d86a7c95;9a655c7a6a3657fadd9dcf0506f50e01;5fd059ec698be9367756a90675807716;59efce455b3a701cd5134556c6131e8d;59677fba0973de98301c80ecd3d0c487;7928184790f1ff6b650c9375d17b04b8;188d869ff5fe20b3b3254f0ae78b7bbf;83719fda53fb0da2517cb5c389afb185;28640a909ed9232688a989bf1c069611;719154ddd203494c8adc7dc6d9872673;e0cbbe0c0c2f90a45776b92dfd143b77;635cab68d8a30e809a3a4e24d9cf1078;1f61b6a1c07889785ff4ab0e15f46ca5;3134cb695ee6b6924d170813442ea246;48ca1cf6e1bfeaf343725f8b0bba4633;2bf5cfd6ffcf93237f075fd6f976b635;2a6c5bddf9386d84f9ecf31c2fb7951f;78426b7cf553e7768c26fbea3e81f2e9;b464d8811de9afce037c9cf28feaccd4;47b1ee8a15bd8f2feb9bfa0b2822e483;0fd91e1e2d158c515626283c41c735d2;e13068ac63b7d242c9b8391baec1b2be;636af47fbe35327862fc793b1e45cec3;678d107983b9514e02ee58ae08c7646e;d32627161d829a1488c2a047669cb29f;0bcbb5384c8d8dd74ec8faacd796aa4a;09eece16f9be5e03447ae6f01c558a12;6a8f8f9deb2d47f2ef8543bd4ef75210;db4faf5d4e61a35ae470f8208f0f3307;5ca5ea401c8d3569e69626d2f81d5578	43
42bcc12ad42a0aab47959a2b4f52fe74	Faecalibacterium	42bcc12ad42a0aab47959a2b4f52fe74;b0645cbec7653c887cb868a248d95874;cdca9ca09e2b7246505e0b1f81ee730b;a680070709818001fc883f93a27cb1bc;03d50e02fc62493b4fd08dbf57560b9e;61d8bbe9c7586faea2ab2e62cd68a436;a68d44a530b57f815e960e9cd235b60e;495d7fd005b9e7f552eb05c577a81b2f;1a389bf765c8ff0f92600f684fbe7ad7;38e21e309a8cbc2f51cf998bd1610689;971ecba14c80fc041c0bcd649cdae12d;3142761aaf53ef992609b756fbb8b6a4;e5711c1ea529fb575f2c692551333c4d;6696a5b41887a6a957d587fefeca85ef;dd836573c2d98af8c472bc256f323ec5;ce6ecede43ef803787875bc78514303c;44df67e66c59defd3970fc6e5c00b7cc;371b4c5d9c7e44f8d89990b8601db98a;b4e6fb6c13cd9e6c4ea9c4e5a435afe5;a3973d5409098d620c0e310959e0c5f5;79280cea51a6fe8a3432b2f266dd34db;08c3ef5a7c8c63898a9e4ed7668ceb6a;629f866164ba54bf56edf03c526d258b;03543e5428064c215c529d34654a70f4;c0adc3e104aedc49cddb08971d581d06;a36ab9a31e7515fb8cbc20d5af309287;6f4cefabf0863a272e17580ed615a2d5;2476f0a65504db71a190dd0d0b63f39a;8da7404e02816582ee1d3322b107268d;2189edb3764a738094de850a96d4e256;63585227fdf29cee6818d70d094e37bc;79f4e85e7675d9fe560afcd6a833744a;a9019bf0ec7c3dd47654f9ec59821f77;8d3e4a0e7fea9cf70fb0d2aee1041371;38456fb6f0c8d91b6ad7c08be8219fd8;ca8a7a53e460169a83343cd84625b867;6c92eaee36e97f78d053854d49810711;6dca813387ca4e80c86cc760e630ee81;8fe7ae8111a43e06c6c27f6e7549e55b	39
d6429a0b1c1939f2093ef2bd21883a4d	UCG-004	d6429a0b1c1939f2093ef2bd21883a4d;1397ff9337a4b13dfa47502632b58f0b;1a18048f2e2b47b68e280555822422d4;8af1ba32a55e4f9cbbb8c5417b27ad35;aff80779499c8dd2b588d60623a919f5;7fb74567807dfcdc709dad87d7a83f05;50162462100138cd9beb3730fe3241a2;aac3fe006fcb830e4b9f2a9c09ac2b7c;4ed574befcdc03ee2ea4526350580fbc;0a4e3dfcea170c5cf56a3dd89c4ca54a;4f22ff892dc6ef26384d5e3f74134cf3;c70baea37b9422915a7f95229afa6e4a;a5d0fba7e7300ca0cc03ca38dc425192;dc086c8d51f22c5b72834c16ab95e503;f8d890d0634f53429b6eb05af577cb79;26bc1bd6fbf3e83361c758fb54385ff2;f6abd7dd8a28a78362fd7554996ad550;2f81d05ad182b72ce5452795dcd58ef3;3fee8fe76579cc108f11642f56c0f82b;ddad1b6f69f42bd965a635f224920ee8;e1849a46a91f6225776a9120e2b13df6;edb62e360d2426137b5d1e17608eeb52;60f280e15b943abb8e4bca65a2ca2af2;2610046df400db9b2cc86a85d680ab27;6f4eb01b9e4d50a7e5c2978551654850;81f98166183a61ab9ab463608724d1d5;c792321580438251f2a6bbd1efb5ac5e;eb2fc5e4e3e772fb737fce2302cbc2d9;e9dedf6792eb211cc0549aca46166f78;293e7b1e7eff067dfa5f1c010cdc002a;5d4efa9ff84c38d1ec5ab7fc04963d03;d09192f8ec38d50e36275a2b870e2ade;44001b4a463c81f8717bc2013c27400f;d653b8b7adc9747902bb8ef2483625dd	34
202d02e41ebc9e37909510c3bf6b7047	Treponema	202d02e41ebc9e37909510c3bf6b7047;6e410de6e3a169bf4ba4d741a3f321a3;3da057fa48bd3a691eecc3262f2ce861;b332ca782c0f06dae60fa77f3a90749a;1cd12b57ad9272b192469066e91e3a75;ed6d35ccfc7234f17bc7dede1c51274e;e9fc0da425d96bff164d25fcbf73b2a9;45655144165299f377399b3a030bf3e8;641fe21d4e15d5adc80cf1a4b0525698;bafde8b64dcd825d2c9263eb996b6b09;f36de23819016e1804be0b3eccd4c584;869cc65beba590d6d47988119e17e098;bc3d30230a19482cba4a63e9382846b1;b0e6358460dd92ecc81bf4d2e71ce2e2;54b70ffe5eb984aee837ee839d20c310;ea0eabf76c2915302963bcf7091a6b86;8a6f6ada5df220e324c2cf312d05e44e;e66b2589eac89c6dea89ee699cc74327;39d30d6456cbf7d639d3ff3bd3b36038;42a16ff5ac231633ba8cd77c1f4fa822;cf55a3470ff434bfbab2960e7303bf0c;0e8a0cfd8c4c4b5b967e146ca0b64976;03f26e519735da32608f25b1f198fa7e;6f7bbda6e48bb53966affda3a58e1347;8b2bb509dbf3c036cbf7de2c0916ec76;1d5e259787b2ee1b8746442bfbe4cc5c;cc9657458cfc76bb6425cdc8335bfee2;d0e5b0bda262519cc59c2191688ee7dd;ab6e5ab18e6f9e0d1afd0500924df537;59a71102eba27ba69f1774112538a8ee;93a992bab7c0bc10bf3d12d319af9677;506a0bd23573927555b3dab7b1b4d599	32
b10627ff6db16c65eed2f21380dd700f	NK4A214_group	b10627ff6db16c65eed2f21380dd700f;26d3b0244658c13ba2f695da4ac741d4;ecf0f4d51606a7b8e2d98b72561a2033;adf32560924faeac94c85c525b64f904;beef5a54aaee13f217ecede427cb3071;47070f48cc09b179f42f3523f940baf8;40015c372648b4ced90e23884a17115b;3b375ac8e3b500649433a75738cd130d;21e93b4127c48cf7bd68942bde9ef5f5;dfa788f81b4ec5ba05105791b8b9e583;b7524ef7ac9cf7e32222a3068c9891b9;a798abb22f0cd02c6061ac9753910e3f;8946bfb8eed3cbc101820f07e9ad563f;cee596933b6ed548ddafe135340bfcaa;fea9d02fbe9ea5866715c0b4e52e7771;c6622e664d267eff5fda9b16f5c5ecfa;8b4ab3254768aaf8c87f7ca020e242c6;daae1ffd416d13e67c07922e3871cd4b;a5134ffb0d9c05e0fd7c306f2404281f;25d55ea56e53446ecfd45a328a89c25f;efef9e21c2b74213767a7be57db8ce4b;42b085b1f2e72f62d51fc8c0565daa9c;2943b435691b5b7d6c047c1bf35c3a54;ec6c9ea52e88226c339487585ea02f42;1cf454def1eb7872b4894e66ebd2b756	25
ca43af98869e5c96dd9cfbf1b008588b	Aristaeella	ca43af98869e5c96dd9cfbf1b008588b;a2dfe3d3c06f67fa2b4338d5ffd57069;4a70c69db5a93104eed7d77118ef23c1;b696a6a2ff1f6de34e946662a88c6a24;81bf9c58b788685b783a54a9e967cf98;f9036ddcb51f637337e9e3c452003e93;42dae1c16fbccd35480027fdfcdfb147;28bb502265419a0e86626d75a1183ce7;4ce0afbaae4138f34580aa9f62b7a0fd;e91f1c5b67ffecb5ca3ca3b393a50f00;dff1e1852c612349d10e5aeb2e8dd8f7;855268adacab509ff0846f177e79dc04;b8836fe307ffd6d91130d0143a338132;1e7f0774ee435be7ac7d6359a29ded55;f37a8cfbfe670c4986d7cf7a119f5a1f;54499311a48ad82f409218325f3963fa;6dae9d66a6fd6522673759532b23238f;7f47e107ffaf8a52377990ef49dbd972;216ed7d400d264d649ca7f611d11402d;09ee2c2d76be17c9ede2d4c57412adeb;4f32ecdcf945492e0a79a41c0848886d;654cf5306f658932721abda3fa9f91eb;af486ab07942dc299701cc3bf5782b3e;26d016f8c563054de2ffdeb95dfb6a4c	24
60257e0c9332434ca456c7f9b50eee75	Clostridium--other	60257e0c9332434ca456c7f9b50eee75;713899ac8760f4a738b64d7b1c8b7812;8a9f7499cdb85b8efa497bb56256cb43;e665d297683688779146b760a16f0fd2;411c940af8777c337043efe99b3c7e6e;c28ecb0877c56518326bbc03487a08eb;dd5f8ca13be6e66f8b4f7f292cb8e02a;f51074f15a313c76f56cb507468c5f2b;90eb64e7893df8f30f0379b53de357fc;96399ce5c40536152dd9f9d076803879;ea6b31a7d66988cfe91597828b254550;46316fb2c838fa78178de5d79134fea9;762a7c21e38067549081eeddb8dd2395;413ea77358cd52ef4119be18a454b812;c97220e6c4063a029dec2f8160977f83;1055920acb53e0b6158c445ab9abe446;c65c85cdfeab86ed4b327f4cd3ef5538;6f27483142a9a7f763f6422dd9996e75;c536d0021cf56cc382aed684b627996a;ba88d4e4e6a24ecc2a5aab6bdfbb77f5;242cdf69c0b8bf303f7a50b2ae724a15;10cd502b01abafc87e2ecbad86389286;c948b20bc3b1b821683b219fb35a03fb;2514f1150e5349a8d47badf08a88a582	24
1f847ab2921330316b6683a76bf50dad	Segatella	1f847ab2921330316b6683a76bf50dad;a8c79e8fb6169356709bfc8263c7136d;7acebfc9367d2e1cb1db37cc99a78110;23e5edb47f5a9a45adc62dc95d595ce6;764bb70efe70ec930379806d178319cb;0d0dea044085816fbb2afe70583adde2;42fe4c241269d5348a686c41649659a3;23743a0d7d42a96ace5b8febebeda5b3;992072d045462445dc239b35300af2cc;8769dce0a5401ef4f471691ea3df306f;afb9b9a83a9cce9a1c1b488f1d7dfe80;dc747c77af0648def410ebd15b8bd29f;4b3dc3348c111a6555de346476b95e1b;c1fcb1ea4134b5b9736eeaa5cbb24076;cc4375dd0d92ba9cd9173b424477d5c0;3f9681bc6b6b8e238041c0d16644bb4a;ebae26738814f99315ddde455fba3ac4;6544aa330ec6ca650def4e40ae77daff;f38196dc24446481047d5059a4bd43b0;50b5aed8a1e6f77d11e44ab024b87de4;2274bb4929a0b324c7445da1b8b2bafa;3584322f879e74f599b68e086861ca85;9c5e49166265634ca4113df825473ede;2219cac72296cbcd50964d99b8f4f435	24
06308d44b87d67a709f6ff69aa6cfbc1	Tepidibaculum	06308d44b87d67a709f6ff69aa6cfbc1;4e857f52e17427a87c2d79c2792d5163;4fe9469053115a9cabfa281e4569f14b;21c705edea916ef31b4a59675f84e4b0;2aebb34ca8ecba0fa899b32e91f46d89;d8c2923bfc5be7351e0f9e0347445780;ce9a775ce0e9792d5bdd35d1d11587a8;5245d247493e1e89c99f7fa80421a286;a1e44789215ecc7b61d3c7b15f2ac7c9;72dfbbc5a881c99cd4ad02cab1800aa2;e82f395d24b7b99c0ac696220bcaf879;26f7427b678fe6f9d106e607e0fd5190;8972a4ba5fef74dc145221484dc51200;b96547b56c96606b4e055edb767cbba3;1bacd8a4ed47d90ca65c1e6797ed3b10;115c6662dfe4c463b68f83233e7f3f36;59d3338298bb1f867f8dd1fb2eb0aec2;2ebb66abdb3f7b4c9aa3a2421334c311;2631f12db753da77c68cfce166d1c910;d61978edabce3d8a7111293d066b7896;279e4ee377257351e01c60af8be05a91;dec87d7869c6aa4cbd3072586c0a3a4a;dbc1144bdaf89643e0ba8d7a38bc2674	23
3eaea6032cd88394cba0e99c2836e64e	Vescimonas	3eaea6032cd88394cba0e99c2836e64e;458157e555a80f9ba01d9da37ef787eb;861aebcc774e48b7c4f769dbf99da4c3;ca9dec36ad0aa5a1473144ddcb74951d;bda6b6e7da7508c68057140e7bd6cd8d;566cc73d4e6bb430d8b0b20150752fc1;477734397215c70bdacce28d5685cc6e;81e00d9718d7324ab540d28c2a20208a;1122e3e704b3328c5260229e1d706986;ab48f92b20a15e9ae250a144c7788297;64481cb17f824d343f6f11d9f8412205;bdd9fe40a8f9d95b370198793dd3e202;2864542698ee9408b3623e6c0d122fbb;c3735d1df667e5300507c078e397db36;216f224500477af00fa21813c25cf6bc;84ecb325c40b83a129d013362c3e526c;68fd006bb6f270406aa3803da64727e7;23185cbc9bd4fd7a779182c62ab33f61	18
25d4eb76e127fc3e20545792889934b7	Paraphocaeicola	25d4eb76e127fc3e20545792889934b7;926bbf33e332918b920fdab7cbd530c3;8f0a43d94d9717ef392e50acda5d89cd;8241804232fea4eacf826dd3ef89c3e4;bb6a38a6239720067afaf2878cf4d02e;126db8823e22309fe870244075a6e829;97c3cd41d3878f8f441190d5a9bfe578;92411ad377888addefe52b0df4758ae9;2c744de0a657ebc9e55beca477392702;08c12fc99a4e31c6683c5730f8f4dce5;b3d7a4b9feb2c0184fa6f74e6f13249b;08348028c82d281b5e58135b9e94f1f2;42ba482949399f8210eb3abc2696fcb4;131e01322d8e018503d7c488b662e368;e37e238d43916eb6ff043dd7b114c61d;9e66abbb1483bf6f79b052bd7a39a12d	16
765a7457223d0e7923a7d85d9a6bc3fd	Qingrenia	765a7457223d0e7923a7d85d9a6bc3fd;52a0064d5f77e6af77ba06682860e599;85c3fdc2c9586df07581da1cd58264e4;88913569f37bfd9069f1f1cbf0f3a352;15af5c43fe9a64476fa7b4ad4bf78ee7;9b751597d0b07db8baa3542b8c08dbea;d992caa475dacc5905bbab195a926c30;f85be592ad2c113d3f987d40e821fcc7;ce3c1fe7504c10d93bab58e56a66805a;b1990b6768f3ff7920a525eb2aa4ff27;b5400482cbcb81bf9e2fec205169bcf9;ad527fba4a022cd8da8d549bb2483b08;3170b7fbe19a952a94df74392d20bf00;57877ee0976890e1ab1cdc54504b9df9;4fddc5aa6e10bc51b7a4e10ffae98572;ed80c184fb3d31c07836441bc472bc43	16
7fd554b8d9f20a3774bcc3dde012cea4	Bacteroides	7fd554b8d9f20a3774bcc3dde012cea4;ac5402de1ddf427ab8d2b0a8a0a44f19;40c85a458df8d5a935122ba778d4f334;2a99ec1157a90661db7ff643b82f1914;ea2b0e4a93c24c6c3661cbe347f93b74;c162a4f3943238810eba8a25f0563cca;85a4c34499abe1068bc03a045cc218b5;e5c67d4a73757253e743eb1cc11aa761;3bd1e17fcdf070cb4fd19e2175ed0563;f9b52205cb2d03153fd394a290212a10;d39f37b814ebd81091a949f8bd9d1710;314e5c196fb5e6dedd630aba9d1dcffc;52b65f0b8f966f44f85333afde8eb997	13
2325a29684f17180b653df48f773c725	Coprococcus	2325a29684f17180b653df48f773c725;260104321fe25280905a8bd660c671f6;dd41af0e438291c312029baf4fa3978a;06a7a7e6f6cef10a11cc9510a203fc55;6c4de756c45fa6e7e5adfe196f9f0039;ef9ea859d6daa12b76d04ccc5e5108ac;7e9ed2c841e64976eace4b578ff56a26;0fddfbb5e813a1332c1a8c20d6ebda59;ed5952d1e022067b212146b9b3bc6812;1a665b907c2aec0649e73efcf92d6c3a;82f9f335f661d11cc419e0f0d7ab8920;41a7d9032a076ffaf1cc4e0193eba50a;befc821a020eee86b68f5d37e11b2222	13
911cb1c362da80d17bf135fd8a43d962	Anaeropeptidivorans	911cb1c362da80d17bf135fd8a43d962;9876a0fc6302cd3a01402d147a1d58c6;b2d1b987196153305ddd096a42ca62e8;44eda700f8a2eb7822bc7df20ea690a7;3938251ad2ee16d94ccfbedcffc77e11;f31f6875ae44b8c5ce4b72a23699127e;bd85ec332face813d0305b66b3dd90af;1867411638671554ef1ece17225d0798;a9f8fd44f1418dcb9739c38c11b4cbc5;afc0995bd0d36287d4dd2ae70b8cacfb;94b4c4c00ffc87b9da7b5fe00fb4c92d;496fffe92e7fccc34c260da5400ebda3	12
e42c867bb7ae1168752d74e649d282c2	Eubacterium--other	e42c867bb7ae1168752d74e649d282c2;4ef3055d55d33546d5879e21c58dbee6;fc4fd66e794dd6dac9df97342fd473dc;effa5a351b78ed7412fbc43bad8b51c0;5fc34be86ee3eed1c23462a1579e3790;979578981da3916b394bf24c32bace21;ac2fa4f99d9c8f83531f6c7a591552b2;6a129e8ae637c96e7bb56223913911f7;b48464adc014787a2e38cc102316cd13;8ac10538f7feab14a7c459ac31c9288e;0ba2ea8640511f901318a84e5b886505;9ae8d595eb36d991db7b7014f10ea662	12
050b10290534396fb4021d77e3ffd499	Anaeroplasma	050b10290534396fb4021d77e3ffd499;8bd2e1af4d7291f59e9648c99a61de35;843ec2e7d782e1acdf4c33f382ba7934;45e40bed8a616b49604144e7eafb892c;1aaf2c649d232853e08b43039741efd2;9a2a18c7b857656000f19d17a73de635;6b18d2af57dd7645000ca75c6a7444a8;9a2a18e9fccbfd89072c4c47c9027de7;119b15c7ea5018f6986968232bc705c3;8a0569cbdf9d8488d07d398efed0e0b9;72819b7d9058e57820a6e0bc5b4b9b30	11
b5f464512281322518b5f6ff1fbfbfdc	Anaerostipes--other	b5f464512281322518b5f6ff1fbfbfdc;426c03b2c4ba5ebf11aec57b63ddfbd2;f7686a74ca2d3729eb66305e8a26309b;eb0f655873f8735bfe4109051632cdf4;2fd0d7c27a2fdac34d1084951a0a1b4f;889d4545bc21e57c52800ff90dccce06;1398a3041d2777c3479bf156c8c88bc5;6707bbe4bc99d135a59566b32af62a26;6aa30f7a30fb840f06149cc750202597;c91bb33a7025e9846625d95466a6338f;ef9f63cd396591ae1deb72ff1720317c	11
59196a586276f0be745d0e334fc071c6	Blautia	59196a586276f0be745d0e334fc071c6;eea6b86c0c75e740670ccc50613b1b23;959d48a11e3b26c9268f0bd1dae6ec40;426bd7119a31b73ef734771a071a216c;2841c82b61a7981b71d8eca0e78ad5b7;8d40af6bc0786bc5991a6856f7b0dd3e;e9ad916c93ff127ade2a8283db7603a1;32cc9f21ca80afcb46adbb90e1cbe18b;f596fa835cdfdb22d6494b012f61fff2;673b3a83b99c3a854f1743ed38042ddb;643025d541f8102445753b7c70e03947	11
836cf660b00da3b2043b9f3ef145d87f	Oribacterium	836cf660b00da3b2043b9f3ef145d87f;3d39c6f7b8400581e3dc84e4fb843e7c;cb31fc5ba6ddcd133fc10f1ae9957ba0;b30842df6fb8881a45978c3ccfe43b9e;bd7e83bd61dbfa76d8a873b12616118c;430564e834b0875b711e5fc4aee9339e;17dc88f375740628ffea747d3329329d;ce7d6bb755dfa7c3d8a613c228301ea1;b0606c8af6e611ff0b31f27a59146ce0;6d525ae4d9e0d2d61373c94d2f90234e;0909e28337b0efdda2cf27ec11968955	11
1cfc3e962d8cc23a987d8f6e5376274d	Ruminococcoides	1cfc3e962d8cc23a987d8f6e5376274d;927f2fa635ec9d651d171e9fef7395e9;0a7ece2d4c33feb2953e09e376a5cbbe;a32719ac6f6372ec8caddb34250bb4d5;0aaad4f79a695b02934a4027b7c8b300;5231888d590b56ec6c4111abd8dcbcc6;9df2b105eb322848c1dbc46167bc818b;ad52a0f6646c574417ce0b13b84acfa9;f1d96288fc9c7892eb0c71843523d383;db9caf76f81e72dac22fd1a55da6d5ce;5e2b6321671bd313e5082ba7e409efd5	11
8389fbe059e147baac4fd2e08269b13f	Sodaliphilus	8389fbe059e147baac4fd2e08269b13f;efb9d50338d52565e5db8e9f0b6bea06;4a68605bd79541cbffa2a739029d6bc2;1f715753428f33d89296600080a47326;1c6ecdb193cc75ad123788bd91380302;e32a90f7b56a14251f479065ec286a9c;f40f096ddf10fa17d07a961a0b7d8bb1;bd4f60d422b63b0e6eb30fcee05e0f43;28220f61a58e87820cc01994987aa328;352d519968db090732b9273909f40860;da7666b8e9c96db4803ecdf72c055375	11
257f582bba0259e52354f6f3fdd65758	Butyrivibrio	257f582bba0259e52354f6f3fdd65758;dae716d8eeb0eb017f82cc95afd4c4ae;264ab205d9b1835a3c4eee642c67ca88;68dcd2d0e85d42fb12e85c1eb79c9203;5715949aa161e6d4a1628f24d5a09a9d;bbc79827f232ab8add67bf6e0e6b6474;4a1b235264d7c2153228e161c68c4029;82c0f149ae808cb0bd8fb6e3ab0307be;5e274ebaaac87b0c4918aa1403a60652;100f6d072a08a241f81b18361e34b7d4	10
2a2cb761074aaac6fc46cef8109896c3	Family_XIII_AD3011_group	2a2cb761074aaac6fc46cef8109896c3;64663503bcffcf0cfa5d4d875b927277;664d9a4c5056cea91e52d439a3172118;981de6a4bdc4eabaa7719482de9de123;43919ea1305d0ef66cf803453f5a2b80;e16fc33d7ad598d16dc58dc4d6cb2bb2;b0ff7894c53307195cf31c93542e9193;e543591a5933dec1a36d4efb3ea2f9bc;504bdfff68b4f506dd39d5852b64d1cb;bdbab59dd8f3522b064c3b5387648231	10
4fd8cc7d88b18b9c39ef11ea50a1cb24	Alloprevotella	4fd8cc7d88b18b9c39ef11ea50a1cb24;01efc729291f5f745be2d052fc6c7ce1;2f00716713f32163aca2baa96eb78ce7;0fe3202671610dccd7f69523c643c3b6;cd9b6a1528a24fc4e581b53da7edbfa4;c54848550ca0a13aa824770339d5e42c;ad137a6bbe54246091b32a9b3d908b73;84363426a9880ff6aa27ec34ff9b37be;f713b64ca10de3c1283791b333bb36ff	9
01628f402fc6caf6b574c2cbf0a7412a	Candidatus_Gastranaerophilus	01628f402fc6caf6b574c2cbf0a7412a;2c381163a4b86c5c52207711d91f38cf;394d8ccbdbd21813b3ae7d4564fe120a;83d0c4dc1452eea93caac0b58854feb2;b83f082867daedccf05a49f0128e099e;fec220c64cd5f878a753554ddb5c13d9;7180532e6fb1eaf74c23c96ffe741976;ff15be4cfecb23835a372e4dba72ee7a;f470be1f4ee1ae0c353f834b9bd503e0	9
bdbf4a7fe8de971c31199740d3709d99	Lactimicrobium	bdbf4a7fe8de971c31199740d3709d99;7eedee3c33244ecbd2947ba013d1124f;caa59f680620a277b5bfe1432798d0c2;c5e4639161b2f857c8cc423f54fcd3c4;bc59fb14d11a3ba1dab9bd423769000a;9fbaa21bf6e9c90732dc898b91944df7;d490da63dc92208b8756e5ad3594a876;0fc6ca4b362f24ddf128b7ce96e8c81c;68c6d72d140dab488778e7c0febdbf41	9
f45b62ab6ec22fb20364a7e05088158f	Marvinbryantia	f45b62ab6ec22fb20364a7e05088158f;83766d28ed6786518472be37b27679ac;0e354c016c0ef9f80aa52f7a73119100;1099d184d8652e32da19e2b47fc1d22a;c1210319f3b9450bbd6d68f209389ec0;5b13aaf0ee3e1f37724b2cd02760e70d;0c0877456b05c65d097f079ac73ddb40;df960450abcc203ea08a8cec08892c2a;f9018361f7e00550b9b400b936d4e3f5	9
e3262eb61a871d3230682c2be20e20a1	Mogibacterium	e3262eb61a871d3230682c2be20e20a1;d18df27158162fd066c409e08f0daebf;70bf89d3792e0e0782220e9e0ab0ab16;fce8a9ece1f0b0137119c0c4d21bff10;3ae763d6eae5e424384d117c6de909fc;5119d0be26f5d5748c2241a58bec6cd9;d8a61029c6fff8838fe41aa0ac46e244;16e8a03eb72cf1b5bd1677117f974bd5;758942010e8bc2d7582380d03d750b93	9
ea3af29626a95b6c7b89d631bf1a739c	Lachnospira	ea3af29626a95b6c7b89d631bf1a739c;b842a8af121a0a75aa911897ab11c0db;4d04d759f5a6615dac43060726239891;d21a09420ef903d70842065433681b8d;059c8f8bb468064b134ea6d3661761ea;ff8b4c915af985702214a859f9f9e7aa;271a7bad9e813d3a35622cd2e77568c5;a1b726901d57f9e00927c07fff427f45	8
f3c46767b5ee373204436a6c19151348	Phascolarctobacterium	f3c46767b5ee373204436a6c19151348;902b2a9a48d2de84d2943f44dcb4343a;1270dc5c3e8f9adbdcc91ebefe5fdc67;27b492aa48528effa647a587eebec3c5;b50da0560bbba6ee48302b3438aca5c9;7bb4d1ae137656345f9bcfb4d1f93a3b;ede9ce9e1104da71c59565ee09698687;d6ef2a44500fb3a3b038066a0a1b06a3	8
e3384ca173358208713bbc11316a380f	Tyzzerella	e3384ca173358208713bbc11316a380f;0afa9feb2dcd0775904cd1657dbbca05;38b47c0976bb34aa49e891f880f7f347;950d3821b8196fa1443517bb41128af4;cf368c78532c6f3a212d322916f371e2;4c731267e801c2afe253b5cbb58bdd24;f159bf93916af85961c92e8e1482c259;8864401da4d5663981f4d309258008f1	8
d5cf3cfa66a9f601b4eef7b1772699b7	Desulfovibrio	d5cf3cfa66a9f601b4eef7b1772699b7;8b42e83e916050ff375357d6314a901b;062f42a82447df88351a95e99ca7b07a;eb7d3744fb0e53933fb5aceb0e76d2d6;4411c16f71dbe97865191935cca86227;9d33b7349930e31be451f51ecb312230;b1c10eefe0b694f8efa0bebfa3271d12	7
571a9c17ce529f1df2622f6bcfba5efd	Fusimonas	571a9c17ce529f1df2622f6bcfba5efd;afe0f962961d375e1d9d677b55479fad;877f27b47c85f6b2d3cf8a6aa86def40;efaee5c487d18d947078ac6a492e09de;cbec26b594288e4cb2e6abc233e5c6e4;b1cc61423f9cdd7009e52e461c8d09a8;aabd47a98136e24f07a036b9e7668c98	7
b550f122603aef8631a24d3f960c89ca	Prevotellaceae_UCG-003	b550f122603aef8631a24d3f960c89ca;bc9fa56fe9461b90c35d9f73d4beec55;6cbd865b209bce35cd280ef83c94da24;984649b593fc358024c03cb375ec8f87;3cd1b8a831641cd50ff6274a032e635c;4328a4d53e860987d5504b7e9053d2d8;f51aed2a9d075416f0352a73962831e7	7
8720f9ecd2331ce68e2896df1bf2d977	Collinsella	8720f9ecd2331ce68e2896df1bf2d977;6152551b4a74733b7c7161f04e56758c;feca934b87b8b16a36de2fd0907151c0;305909261c8b8111acc06332fc436010;dfe6a1edfe10fb97d0fba5f64bc1c36f;bd9c5941a4f9539c169a7fcefc884fcf	6
378d7f0d1da29b1e838c56ec3be441de	Flavonifractor	378d7f0d1da29b1e838c56ec3be441de;ecb0a966ee746cb63f5666337933309a;56b4fc6470619bc3a26f68afbea88560;b796b2132a5015f869c8b5ac44a0e2bf;9fa49550cf5b793a56226a92dc778a76;667e98a096b2982c0498295d5ebbcbe4	6
38c997ad2c3a7436d0ecbe4d7ce94364	Hallella	38c997ad2c3a7436d0ecbe4d7ce94364;a35ec7fe66f10cda31d1551fbdb38afb;6e0dd636909b4463c7b497b0d6905653;a13a1a2f090430eea06b2ade4dba39fb;1a011df7117d2135f0467f6b6a5ec27a;d7c7476d8d95d2fe2c503c893ac4c164	6
117f89aaec1283021c3680ccc5c5b5d3	Intestinibacillus	117f89aaec1283021c3680ccc5c5b5d3;a332a530a146507d1b2ba747aa2497da;317d445f0dc5ef174a1839fb2520486f;b38998aa572eed765a1192211c0f7bd7;2f9fcdf2292c5892352bce6cdb11c46e;a60bc23422adf833dfd36214a6fab8bc	6
d0c4d1c8819dad84a39666ed53d5edad	Parabacteroides	d0c4d1c8819dad84a39666ed53d5edad;a66dd8d31584930c2b0f811f572dddcf;7766c9e23cca8874dff77f6f4e4d0668;1ea6fc63c384e0e42b806e84eb561e1e;3d766867c97f511431bf97e059d6498f;032809a674442016d4da3ced80eef1e9	6
5d87bf66e1bf780c1a4d38e3ef0314f8	Phocaeicola	5d87bf66e1bf780c1a4d38e3ef0314f8;ce13c65b4b2b95ccc9fc078dc231d0a4;b15c2f466e16cc71ebf6253c21bed6ff;0cab777c2092c12f197664bc36ff2b7d;f6bb751604e5c2379f01a308d6fb9fb7;79597b823994fcee3a745b9dd5a7a3cf	6
2a99b23ac5ab782d55085a57de9ae4e3	Ruminococcus	2a99b23ac5ab782d55085a57de9ae4e3;82b6f19a84531d3ce6c57bdd6c708398;3e25a7619c1aefe8228440f3b89750ad;0d109fbf46234825fe1ed66139fd074d;234018acf4317b82c0b68707b4f0e5bc;95880b863eb9614d84b816fc8c3b9e7a	6
e72acf8e3939d07722ef4f6f930a0a10	Akkermansia	e72acf8e3939d07722ef4f6f930a0a10;fcebedcdd09b7baf2a2fbc6ec8ed6327;bcbc1d3070859a346c80fe43424e89ba;f7540f79c9e93be2cf9d3d6d829e76d7;25def15fb42bed6855ede4893d27a21d	5
48f9a54af823aedd7a92b149b8d160b7	Anaerovibrio	48f9a54af823aedd7a92b149b8d160b7;b6f59c7debf0b592312abbceef553d7b;88b983a3a3cdbf79a5e4226b5e20ff73;a9c59064aeb48fee925e11624694e67b;52a092e69e3e2ccbb4722fa9b86daa46	5
f44e80fa35da44bb8bfc6288d73b7f34	Butyribacter	f44e80fa35da44bb8bfc6288d73b7f34;75a839fd1d8849e25ba76bd388ce5a22;83b5f45013009120632c6f246f9f1725;ca104788c3a5e43fd244c21cfd147375;b067e3bf4451c631f4733f9a2fbb7bb7	5
999a1f43f7dccbb4fc89609fd2e4f9ee	Campylobacter	999a1f43f7dccbb4fc89609fd2e4f9ee;f8409b6ac5f448a8b62e08be9adf9a20;65e59a8302637b7d94be4085cfa1b952;5d3ed0fd5006711d8b2ac02e15167ee7;d356950cc7406f1cbd59ccbcd4bc1254	5
7360157a832d9a7f6a23bfe0366ac3cd	Candidatus_Pseudoruminococcus	7360157a832d9a7f6a23bfe0366ac3cd;cc42ed01e236e8f05d25a7310d47e354;d2ac49ccf06f04cd68e8dc9096bfbd33;5c2cf05ea05604e32ca2f8bdd76a4b1c;42c4df98f85ec992ddbbf8b518ad0d61	5
ae5d65b08b9cce92ba95d0e0db93cf2a	Lachnospiraceae_AC2044_group	ae5d65b08b9cce92ba95d0e0db93cf2a;06914e44819c1481426aab471d1acbd6;434a58e396504f870888fee34931472e;71910a6148a6d933275a02149802a024;d08ce1210f276643803bea4d9401f732	5
76fb2ac4cb9119f054ccce964313528e	Raoultibacter	76fb2ac4cb9119f054ccce964313528e;76d63ca7ade9686e317526276f4eab09;063421e3bd86541a8f4e2f2229c05831;5baac6cedf38e4c90317651858101b2d;0284e01435d37079866abc4b78e68505	5
c942f59feffce9c3ab527135de234101	Roseburia	c942f59feffce9c3ab527135de234101;9337ebbb22249f6cfb380d62b9c08c0b;f9ce26f2cc04fb911e4182dfd5b7b5bd;06faa6d94b6dc744a6051dc2b870184c;7b51495f700434c41af27835c50bfe7d	5
dffe442574c400ed8a7c0da8de0318fc	Senegalimassilia	dffe442574c400ed8a7c0da8de0318fc;81f6ecc5c623760a87bea55409abaff1;393ce3f3ee9548b706b765be49cb845b;2183de565648a7e1ee5e172f691362fc;35d788d950ff5715a41231c4d1585985	5
52e90fa42a58e781d79808a8491a0167	hoa5-07d05_gut_group	52e90fa42a58e781d79808a8491a0167;7416bddb322e05c4a285e44093fffa24;1037ac77a33a6fb3af4d956e8c2594f7;3d0116fdb0e16fcffb099a0b38c49d29;987f40d740e743e134246fb2ff2984b6	5
ff154a3816c2aa4100a7d80c7559d611	Acutalibacter	ff154a3816c2aa4100a7d80c7559d611;f63f709971226d6b45a295c7d468401c;977f1744ce21d12e3c2c2199893bb2e7;f73cf0a1cfa49c43a18265dc3680561e	4
245bed51e87c97dabedbb244cd82335e	Allofournierella	245bed51e87c97dabedbb244cd82335e;81ee14f5cd1d12df2ec8cf82baeaa76d;be909592ebd1ccf570f24467f6a09255;e23f12bce5b084f3a25fe2c8b945790f	4
8183f1e3f9806994e125b1d5c6932498	Anaerobutyricum	8183f1e3f9806994e125b1d5c6932498;c7c46ef1d383bcf41fdf365b4e7f5e85;c347f2f6ac362843afe1ad6c9200bf44;1f533eafc526d541cc3c9d6ad4049afd	4
c85419a2e4fbd9032eb709cf0a93a5b3	Caecibacteroides	c85419a2e4fbd9032eb709cf0a93a5b3;a408c9539ba77611661adbd20ab92a5c;243e78f4d924e01ab09fe8e826980bfd;368ceaddf25565e90674edfc6169c975	4
56b93078c44793877baeeca41b639fc7	Candidatus_Methanogranum	56b93078c44793877baeeca41b639fc7;ad2e3c00dfcc35835ef5aea67451d58c;54a2be91013bad0b508fcd30c74dfebb;2bc6c585bcb7f78cf6541ec1e165a302	4
b01b99df453856c314fdeefd125f9850	Coprococcus--other	b01b99df453856c314fdeefd125f9850;94df2cf291c9039ef5c67cb48fc362b0;9f4d14b114e7499772a797790d81c1db;8aff935557eab67b0baa4553b8518105	4
482cf4e95e7f5e1beec0a433a490a678	Ellagibacter	482cf4e95e7f5e1beec0a433a490a678;49e92eb5fb856dc8902747a55fad90eb;ca25a9ed94377d4fbf1aeade08021ab5;461627e6c2453506e7ceb3bd45252676	4
348aca0dca9ddedc98eccb9f2aa496e3	Flexilinea	348aca0dca9ddedc98eccb9f2aa496e3;5a726906b17555b372d661675c1dac09;3f017acb1cf9e0e38fbf7296f08c3464;ac4c096b026b4bcb68151c8a8d7073a4	4
149e7d5e484d157f2ac6140a2111618e	Gemmiger	149e7d5e484d157f2ac6140a2111618e;d08306663049500852d9eb0c66fbbc11;d4d404dfaacbc64b96ac2f94adfc3979;a984c221a2f4e86f2f2b9faef180139a	4
fe80c0245977bd8a413ece64a788a22b	Hallerella	fe80c0245977bd8a413ece64a788a22b;ed62fcaa6fae816c5bd611cb5d69a3e3;e1e7a0c1c7145d30572c19d1c73f262a;7abb6a927221f77384071216103a0551	4
d334f11c69e464c3e16467ff8b75d145	Lepagella	d334f11c69e464c3e16467ff8b75d145;ca133c033c970b7a051770f78b98a8d0;9feb162d79e10b8e91d0563084fb9ee4;3ca34c1ae39a3287121c422fb3b9321c	4
d133f867be8a97500a73558476fcb050	Maliibacterium	d133f867be8a97500a73558476fcb050;0ac7d4cacbb81c9c8182426c988a1c21;376917760e5aa918592416e980809536;ee0dc9e0ca3f46defe49f589a627091d	4
bfcf5646be6b0a74c2f619b2f8b30c3c	Methanobrevibacter	bfcf5646be6b0a74c2f619b2f8b30c3c;74051291dca7519e45960f1a4a2c4a77;1c86153e1b13ab5322c96f2602b73513;9987d108e0b7c1f09ea584009dd2d721	4
1230fa8bad7320889aee41837c688297	Monoglobus--other	1230fa8bad7320889aee41837c688297;6fd21e5ffa3c3e4e702abe0809c4cb8f;6407a8b762177a2bc73c8cf959e2ee70;2b33955477d7aef86569d0ed31940373	4
3b00ebf38bf63dbdbafd0c7a970ed67a	Prevotellaceae_UCG-004	3b00ebf38bf63dbdbafd0c7a970ed67a;ecc047ad1324e0f8948214f958d5589d;94690e59e053157471541e6f82529057;0ce620311164121c289b3a03aecac123	4
e150765b9a4a483c7ec513bc6284d251	Sutterella--other	e150765b9a4a483c7ec513bc6284d251;5d1e1bf33aaf53cce2bf03310422e4e2;632c8c337871b561e33090902b75f6ce;6936892ee3078c4c1f2c0f49d82f5cb1	4
907662192ac87558b3e3242dfdd3ebb4	Acetatifactor	907662192ac87558b3e3242dfdd3ebb4;bfc7be69674a2dce75d74512ef4b319f;6dc7c35850ca3f448619dee02f3dbc2f	3
4c2189b6b5ced3cb80093414e9449de9	Agathobaculum	4c2189b6b5ced3cb80093414e9449de9;c8fce068920feb387167d44c01689295;d208cad7c585049e04076ac7df960e7f	3
0dc8efd8023c618c0bc71383be9fe9bc	Anaerotignum--other	0dc8efd8023c618c0bc71383be9fe9bc;9d79ad9b444bdc3947656cf3451fd544;70a42c37099a18630f9d845ca80c0f6f	3
abe0b6466dd1e1af5818c757cca890b7	Candidatus_Egerieousia	abe0b6466dd1e1af5818c757cca890b7;c996e7f87455435a915d71d5730ca674;c4c5851d0c781cea4cfc7a1f1ef65252	3
18d83e888815be3308c273a62973a73e	Candidatus_Ferrisolea	18d83e888815be3308c273a62973a73e;a3e202054254a8903cfd730a1d5e034d;859b75cc55f500e81159b63f333443b7	3
48a3137cf777247decf83bfca309f489	Candidatus_Lachnoclostridium	48a3137cf777247decf83bfca309f489;1224101a42d574e1b886657e03d3d629;26eab0634d45d1c814169e59df247ce3	3
456e2914d5e14abc86af7eac0387c143	Candidatus_Nucleicoccus--other	456e2914d5e14abc86af7eac0387c143;92ba7f0209fd21d97db34e9318ae29cc;97915dd17c84e1faf418ffdd0e98a055	3
e9ed2542e64758c0e9e5c6ae48ed9ca6	Chordicoccus	e9ed2542e64758c0e9e5c6ae48ed9ca6;ccb24f647477188a1452cb6aad28b0c3;511c4a52c42a321f66bfe1e60ee620e6	3
7b3acc8e3dcbc5afcfaa0a58b956aebb	Coriobacteriaceae_UCG-003	7b3acc8e3dcbc5afcfaa0a58b956aebb;9264d09f29ae6d5bd8da2d3a457717d9;3021464720cfa8dc52d091cf07268e77	3
481099adc810d0454a74a502a58df07d	Dialister--other	481099adc810d0454a74a502a58df07d;5d62137a2d05df0be8d6b7e163a3ef08;846b433f433cbb20d6208bd54067f911	3
2b982979f2401a8bc447d7141879e9b2	Dorea	2b982979f2401a8bc447d7141879e9b2;89aabf43d24dd5bd0fd0f5aca189d341;75c8f2bb0875a5f65b27e84633720783	3
3f93ab5f2c91f898d9b95722558d595c	Helicobacter	3f93ab5f2c91f898d9b95722558d595c;e4c549ce9341a21217e3f455043d822a;be2e0b5b6621e0136989b888b35adf79	3
81f21c89a8b928bd2c2a1807e6016fae	Holdemanella	81f21c89a8b928bd2c2a1807e6016fae;73a33e8e37fa491c4780c43ae4113784;e565c4b3df16982a934795564f4ee8aa	3
4e88bb55d702c2be70d20800ec56aa0f	Muribaculum	4e88bb55d702c2be70d20800ec56aa0f;90e23ef4556cfd16d9a071fe3791e2f0;1401818fddff664a716bded08df08e96	3
282c7bcc333123cde6d3a5773e352a0c	Pilosibacter	282c7bcc333123cde6d3a5773e352a0c;4daf6493881b353f94211eece4973e73;dab74702ab9f9d2eaa07d991fa1d0fae	3
9f4ffeb183606395a469b48c5de051c6	Shuttleworthella	9f4ffeb183606395a469b48c5de051c6;b5b89e7faf0f6c8eba260c824b16ddb6;593130e1018427c127e07f807403259c	3
c076fef5e5e52ade435c989a9bd40ffd	Succinivibrio	c076fef5e5e52ade435c989a9bd40ffd;bdfc5260020c290357d3bcb60e1326d1;85c4c2be294980168935700b979d5158	3
9707883a9fa371c84a54460aec8adf2a	UCG-009	9707883a9fa371c84a54460aec8adf2a;8d576cfdbf0766b97ca514afb0ec1464;13210f45625e8bee8811ceb1c538eb2c	3
8937656c16c20701c107e715bad86732	Agathobacter	8937656c16c20701c107e715bad86732;f702fbe4eea25e04c7709807c3ff20e9	2
a433d47699339fe9afef1e7376f3ce65	Anaerovorax	a433d47699339fe9afef1e7376f3ce65;74569b9940b0808fe96adfaea056da1d	2
e2c3ff4f647112723741aa72087f1bfa	Bifidobacterium	e2c3ff4f647112723741aa72087f1bfa;899ecefd415afe4bce96e057539ba56f	2
022eee6e34a7c61f52638c7b10a0c13c	Candidatus_Bruticola	022eee6e34a7c61f52638c7b10a0c13c;4a6b780f492e52849f2544085818eda3	2
f1bab5e375a07abb1fc7921a3b2dd2c2	Candidatus_CacconasterCandidatus_Coprenecus	f1bab5e375a07abb1fc7921a3b2dd2c2;08c5341720fde3615808eb90ae56fc35	2
250329d0cbffc2099d4d24920bd77eff	Candidatus_Evtepia	250329d0cbffc2099d4d24920bd77eff;a2097b5f1928e56fac10f5c459e8aef8	2
feff55dedcac9203c59fbc595fb651eb	Candidatus_Formicimonas	feff55dedcac9203c59fbc595fb651eb;5f54011c107dcc91ed77719933c2e666	2
54c281ab1cf2ce5342cb910e7252db33	Candidatus_Limisoma	54c281ab1cf2ce5342cb910e7252db33;883a1cf48c9cd20216f74d961cf1e46e	2
3bc20133397339afa19b98b0f346c488	Candidatus_Onthomorpha	3bc20133397339afa19b98b0f346c488;5957300723da05850c18c98c95cd9973	2
5bc910157a049856e8204e4690fda3b5	Clostridium	5bc910157a049856e8204e4690fda3b5;08ba0ffdb1ceb1cf44aab9dcca58575b	2
6c7fa77831ae630967a6fbfc8ee47901	Fusicatenibacter	6c7fa77831ae630967a6fbfc8ee47901;6d6714bb409d495e4dd4bc5275a605d5	2
8533e01a19fc5d624e49fe95dc3dfb34	Lachnospiraceae_UCG-002	8533e01a19fc5d624e49fe95dc3dfb34;12f45c0c81684a8fe091abcdd762645b	2
ea6705d0f6df5f089e6c413d6efcac70	Longibaculum--other	ea6705d0f6df5f089e6c413d6efcac70;e27456340431323e0e9066d66551523b	2
b672789adaaa264799bead3748b3fc7b	Methanosphaera	b672789adaaa264799bead3748b3fc7b;7cf3ade8963b4580f486504609c6c2ae	2
65824c9ca54e8b78283b362afae16cd8	Paludihabitans	65824c9ca54e8b78283b362afae16cd8;c564535bfda0a436b2a414e3ec44c8b7	2
3e2db55495d9c26a4bb18cfeb9f2fbc8	Paramuribaculum	3e2db55495d9c26a4bb18cfeb9f2fbc8;ea15b4d6dea4fabb461f6b77afb296c5	2
6333c65cd4acba0e93afa131abf66f79	Pararoseburia	6333c65cd4acba0e93afa131abf66f79;407b3909330cc03debb2d88082379c25	2
5b4cf900b79a935da04409d27e7103af	Parolsenella	5b4cf900b79a935da04409d27e7103af;bf1717cd83e88245cd3eb796431817fd	2
a898ab63b699f5ec89883fcbc8d1c8e6	Prevotella	a898ab63b699f5ec89883fcbc8d1c8e6;4d41aa5ffcdfbece6d036ba5bce5be72	2
5957a16f5226fb9bbbc751f1d70e2af4	Pseudobutyrivibrio	5957a16f5226fb9bbbc751f1d70e2af4;e7131364c0f75b2c6bd8de661fc347c1	2
7201d53bd647437ec3de879774eba498	Slackia--other	7201d53bd647437ec3de879774eba498;aafce01b956a3eff79eb46a68d17916a	2
73b66261af9b918d72450b5fc7cea40f	Sutterella	73b66261af9b918d72450b5fc7cea40f;59597cd430deea6d8e0908dcd6db7e50	2
387255c301b8b6c022bfa6682f54596e	Synergistes	387255c301b8b6c022bfa6682f54596e;aedbca9c4081f879c1fc97c8a3068bb3	2
1a8ff4a7894d80fe58de5081e9f9ff5b	Thermophilibacter	1a8ff4a7894d80fe58de5081e9f9ff5b;65958ff4fe78d96a2316ff66b630a1a6	2
feb25ce582b38c9266f32d0f725b0364	Victivallis	feb25ce582b38c9266f32d0f725b0364;38654e63e3a22c661daa14dde813710b	2
3798696dc2f6bc242178ae5a1c66ecb3	Absicoccus	3798696dc2f6bc242178ae5a1c66ecb3	1
e3ac7b9ba1cf5867987b197015b9d657	Acidaminococcus	e3ac7b9ba1cf5867987b197015b9d657	1
37cb0557ebe16955b6ebd752ab3ee954	Acutalibacter--other	37cb0557ebe16955b6ebd752ab3ee954	1
e6a34eb113dba66df0b8bbec907a8f5d	Alistipes	e6a34eb113dba66df0b8bbec907a8f5d	1
361ef5403b473cd04265b8dc41d57af6	Allocoprobacillus	361ef5403b473cd04265b8dc41d57af6	1
63728ecdd08aaa4171bf7ff1b9894324	Anaerofilum	63728ecdd08aaa4171bf7ff1b9894324	1
4ea71e2380629abbd1faf184f7b191dc	Anaerolactibacter	4ea71e2380629abbd1faf184f7b191dc	1
866f383f9d913ebe8ca21fa6c9a1569d	Anaerorhabdus	866f383f9d913ebe8ca21fa6c9a1569d	1
eccb294d748e7d9b68ae3fcee9f717a3	Angelakisella	eccb294d748e7d9b68ae3fcee9f717a3	1
8fe118e02257f67d7bd68e7e4033f72c	Asteroleplasma	8fe118e02257f67d7bd68e7e4033f72c	1
49eaee25c7f6eaa234c87307cec337b5	Bacteroides--other	49eaee25c7f6eaa234c87307cec337b5	1
0209f9868a22059c659df474a746d8f4	Barnesiella	0209f9868a22059c659df474a746d8f4	1
30207d209491dfb7de83344e77fd6fbd	Beduinella	30207d209491dfb7de83344e77fd6fbd	1
7e54570d21f03dfcefff07151a8c2d54	Brachybacterium	7e54570d21f03dfcefff07151a8c2d54	1
177a7fdb5299557419c485debfb4e243	Breznakia	177a7fdb5299557419c485debfb4e243	1
467ca8625177c7ec002584601450e2f2	Candidatus_Amyloruptor	467ca8625177c7ec002584601450e2f2	1
e62b0503b08bdcc495c6941a8383caa0	Candidatus_Colimorpha	e62b0503b08bdcc495c6941a8383caa0	1
fdfa02a204ea4f65998078d291699ea3	Candidatus_Limenecus	fdfa02a204ea4f65998078d291699ea3	1
0b6df6cea1e5db58ce3103b0b14795e0	Candidatus_Limimorpha	0b6df6cea1e5db58ce3103b0b14795e0	1
70d64bb0a16e3e22721779f2a27bfc90	Candidatus_Methanospyradousia	70d64bb0a16e3e22721779f2a27bfc90	1
8d021a40f38f2efbce8dc0283e281b74	Candidatus_Ozemibacter	8d021a40f38f2efbce8dc0283e281b74	1
fbb1d3204eaa53ea805fe2d2df3da399	Candidatus_Paraimprobicoccus	fbb1d3204eaa53ea805fe2d2df3da399	1
cd22a41335b0c9bdb2eb548c4f5764a1	Candidatus_Stoquefichus	cd22a41335b0c9bdb2eb548c4f5764a1	1
dde956cca472aeea6f585345cb2b3f12	Catenibacillus	dde956cca472aeea6f585345cb2b3f12	1
ea5bdec9af33fa082db549bd726b7fca	Catenibacterium	ea5bdec9af33fa082db549bd726b7fca	1
5e5abb3090fc99ffb198ba07703d50e7	Cerasicoccus	5e5abb3090fc99ffb198ba07703d50e7	1
decdb65d7fe9d367eb02bceb9a2b9145	Christensenellaceae_R-7_group--other	decdb65d7fe9d367eb02bceb9a2b9145	1
7b3f3ea0beb9a4f0c7f4b854f046e965	Cloacibacillus	7b3f3ea0beb9a4f0c7f4b854f046e965	1
f8b5fef9efe1515fa0929e09b442a660	Defluviitalea	f8b5fef9efe1515fa0929e09b442a660	1
178c1c983a1c58a5df9a52519761b74a	Duncaniella	178c1c983a1c58a5df9a52519761b74a	1
f8d6808f06593a6e40e07bdb9b1a6174	Elusimicrobium	f8d6808f06593a6e40e07bdb9b1a6174	1
04195686f2b70585790ec75320de0d6f	Escherichia-Shigella	04195686f2b70585790ec75320de0d6f	1
d061a99148d649c4eca4836c5f4b5b68	Faecalibacillus	d061a99148d649c4eca4836c5f4b5b68	1
16a0655d9f2d6d566a02c341b32a9f7d	Faecalimonas	16a0655d9f2d6d566a02c341b32a9f7d	1
ce31bada1ef54b01a76ed192eb2787fa	Fibrobacter	ce31bada1ef54b01a76ed192eb2787fa	1
efbd576c56cb4449556178bf808e8e9e	GWE2-31-10	efbd576c56cb4449556178bf808e8e9e	1
997abc833f25b2145ef4d8f8b105a03b	Galactobacillus	997abc833f25b2145ef4d8f8b105a03b	1
ab71ee68a503c976b39d9dff15bbf9c6	Hominibacterium	ab71ee68a503c976b39d9dff15bbf9c6	1
728944d66e62fa5c7f29fa69e2313aab	Ihuprevotella	728944d66e62fa5c7f29fa69e2313aab	1
ea3433f2c148c6fae4cc2e9ae197f5b8	Intestinibacter	ea3433f2c148c6fae4cc2e9ae197f5b8	1
8ef31508d9a2fc6f83935de5607a686c	Intestinimonas	8ef31508d9a2fc6f83935de5607a686c	1
421ab086e164cbccc8ce9e732a1a2205	Kurthia	421ab086e164cbccc8ce9e732a1a2205	1
a417d532d31f606feb308c9c1b29cf2d	Lachnoanaerobaculum	a417d532d31f606feb308c9c1b29cf2d	1
24193508f045e00fa52f7670a81610a6	Lachnospiraceae_UCG-003	24193508f045e00fa52f7670a81610a6	1
b9c65ea5179a1bc7371a9d5cf25930d6	Lachnospiraceae_UCG-010	b9c65ea5179a1bc7371a9d5cf25930d6	1
44d28470e89e17e9058ee3531315f355	Lachnospiraceae_XPB1014_group	44d28470e89e17e9058ee3531315f355	1
e21d9f482315985036cf80d1b20de58b	Lacrimispora	e21d9f482315985036cf80d1b20de58b	1
59326c7a9e5998501820c54d57a8be85	Lacrimispora--other	59326c7a9e5998501820c54d57a8be85	1
b3fef1e26b7b6ac20847ede4da68547a	Lactobacillus--other	b3fef1e26b7b6ac20847ede4da68547a	1
5739e5fd0f606794190c77add185dbf6	M2PB4-65_termite_group	5739e5fd0f606794190c77add185dbf6	1
e72157ff38bec7ea641729ee6778c251	Macellibacteroides	e72157ff38bec7ea641729ee6778c251	1
31e5e20d2c58cab9ed85564f64088305	Malacoplasma	31e5e20d2c58cab9ed85564f64088305	1
c0084dceb0e1a96961c654743cdfd32e	Megamonas	c0084dceb0e1a96961c654743cdfd32e	1
28dc8ae74e810c46dad78dba3d07a5b7	Megasphaera	28dc8ae74e810c46dad78dba3d07a5b7	1
b14925d625fdd18f4b7b9803a399edb5	Mesosutterella	b14925d625fdd18f4b7b9803a399edb5	1
d90c0d8b3cb572fb281fdcab334481a4	Methanomethylophilus	d90c0d8b3cb572fb281fdcab334481a4	1
df3f8cdac76c62baa98469c33b82d8df	Morganella	df3f8cdac76c62baa98469c33b82d8df	1
1012b6660576ea7ba898c8dec21641f3	Odoribacter	1012b6660576ea7ba898c8dec21641f3	1
39bb3fb5b2257fd2eacca408dc42c5d1	Oliverpabstia	39bb3fb5b2257fd2eacca408dc42c5d1	1
b423592b0ae631882095792b27729b9c	Oscillibacter--other	b423592b0ae631882095792b27729b9c	1
70ef4446c97dc95513b2cd5ab241ec8b	Oxalobacter	70ef4446c97dc95513b2cd5ab241ec8b	1
5f953acd5a0dc97d5f47182ca7ade28a	Paraprevotella	5f953acd5a0dc97d5f47182ca7ade28a	1
61b91927f0cc1d6783427b7e8c4c1ec0	Peptococcus	61b91927f0cc1d6783427b7e8c4c1ec0	1
f9ff879225247aac41e27d38d8a7dede	Pusillibacter	f9ff879225247aac41e27d38d8a7dede	1
f04aeeea3f45cb3e464ddcbe48fcd96c	Pyramidobacter	f04aeeea3f45cb3e464ddcbe48fcd96c	1
eb25d1d0b195591685cb02e49d0b67aa	Ructibacterium	eb25d1d0b195591685cb02e49d0b67aa	1
69d6829a8ae1d3d13d91475dfe903439	Ruminiclostridium	69d6829a8ae1d3d13d91475dfe903439	1
44ae5e638b1993837e814931023aedb7	Saccharofermentans	44ae5e638b1993837e814931023aedb7	1
ee2e7e1ec3775388a6a1000c5de4c483	Sarcina	ee2e7e1ec3775388a6a1000c5de4c483	1
0a3a5e83b0623a6e267aba809ad1c117	Scatolibacter	0a3a5e83b0623a6e267aba809ad1c117	1
ad16bfb1c19634519144ec13cd43d00a	Schwartzia	ad16bfb1c19634519144ec13cd43d00a	1
db3a134c4981b720d295a7caa59c0838	Sphaerochaeta	db3a134c4981b720d295a7caa59c0838	1
47ad35356a9bfec68416d32e4f039021	Staphylococcus--other	47ad35356a9bfec68416d32e4f039021	1
932e1f2d3f75eaba13d2b2be2f2f7cb3	Streptococcus	932e1f2d3f75eaba13d2b2be2f2f7cb3	1
32bb1fe876256cc31b5fbe9f28e0d50d	Subdoligranulum	32bb1fe876256cc31b5fbe9f28e0d50d	1
06b22cf46e95cbb074d733b7f9fbbe87	Succinatimonas	06b22cf46e95cbb074d733b7f9fbbe87	1
9ff2bb00c19f92cab6e98534d5856a6c	Tannerella	9ff2bb00c19f92cab6e98534d5856a6c	1
3719ed1304a10fd17c824b6a293222f8	Thomasclavelia	3719ed1304a10fd17c824b6a293222f8	1
0f1344068dd7c7d6f85ef5fdfe6151b2	Trichomitus	0f1344068dd7c7d6f85ef5fdfe6151b2	1
3f5acc28d3e256f0ec8bdfe42e285b77	Turicimonas	3f5acc28d3e256f0ec8bdfe42e285b77	1
1fa555f9a74d47a6ca7a65a347bc885f	UCG-003	1fa555f9a74d47a6ca7a65a347bc885f	1
884bcd0d9d60d875c77de204348be19e	UCG-007	884bcd0d9d60d875c77de204348be19e	1
dd5880d428a639d31471df07daedef55	Usitatibacter	dd5880d428a639d31471df07daedef55	1
fe1bd772a1ab2fbf1923ee8189ed8d32	V9D2013_group	fe1bd772a1ab2fbf1923ee8189ed8d32	1
