silva_genus	ncbi_genus_taxid	clasificacion	pct_dominante	margen_pp	n_species_used	total_biosamples	unknown_pct_of_total_biosamples	fecal_gut_samples_mean_pct	animal_samples_mean_pct	contaminant_samples_mean_pct	other_samples_mean_pct	fecal_gut_samples_sd_pp	animal_samples_sd_pp	contaminant_samples_sd_pp	other_samples_sd_pp	aviso
Macellibacteroides	1159323	contaminacion	85.38	72.61	4	51	5.88	0.93	0.93	85.38	12.77	1.85	1.85	13.09	12.15	
Allocoprobacillus	3059504	gut	100.00	100.00	2	4	0.00	100.00	0.00	0.00	0.00	0.00	0.00	0.00	0.00	 pocas_biosamples
Aristaeella	3046369	gut	100.00	100.00	2	4	50.00	100.00	0.00	0.00	0.00	0.00	0.00	0.00	0.00	 pocas_biosamples
Caecibacteroides	2918734	gut	100.00	100.00	2	7	28.57	100.00	0.00	0.00	0.00	0.00	0.00	0.00	0.00	 pocas_biosamples
Candidatus_Limenecus	2840608	gut	100.00	100.00	7	38	2.63	100.00	0.00	0.00	0.00	0.00	0.00	0.00	0.00	
Candidatus_Stoquefichus	1470349	gut	100.00	100.00	3	13	15.38	100.00	0.00	0.00	0.00	0.00	0.00	0.00	0.00	
Catenibacillus	2316203	gut	100.00	100.00	3	50	10.00	100.00	0.00	0.00	0.00	0.00	0.00	0.00	0.00	
Hominibacterium	3016626	gut	100.00	100.00	3	9	11.11	100.00	0.00	0.00	0.00	0.00	0.00	0.00	0.00	 pocas_biosamples
Ructibacterium	2884634	gut	100.00	100.00	4	96	3.12	100.00	0.00	0.00	0.00	0.00	0.00	0.00	0.00	
Solibaculum	2842531	gut	100.00	100.00	2	5	60.00	100.00	0.00	0.00	0.00	0.00	0.00	0.00	0.00	unknown>50% pocas_biosamples
Turicimonas	1918598	gut	100.00	100.00	4	590	6.44	100.00	0.00	0.00	0.00	0.00	0.00	0.00	0.00	
Candidatus_Gastranaerophilus	1906125	gut	99.90	99.81	9	138	0.72	99.90	0.00	0.00	0.10	0.29	0.00	0.00	0.29	
Faecalimonas	2005355	gut	99.86	99.79	8	1313	11.27	99.86	0.07	0.07	0.00	0.25	0.20	0.19	0.00	
Acutalibacter	1918385	gut	99.82	99.71	12	500	11.60	99.82	0.00	0.07	0.11	0.47	0.00	0.23	0.27	
Candidatus_Limisoma	2840527	gut	99.77	99.53	4	127	9.45	99.77	0.23	0.00	0.00	0.47	0.47	0.00	0.00	
Agathobaculum	2048137	gut	99.71	99.59	20	1805	40.66	99.71	0.11	0.12	0.07	0.85	0.39	0.36	0.17	
Paraprevotella	577309	gut	99.69	99.56	6	4939	54.85	99.69	0.12	0.05	0.14	0.46	0.22	0.13	0.26	unknown>50%
Paramuribaculum	2518497	gut	99.62	99.37	3	780	13.46	99.62	0.25	0.00	0.12	0.38	0.44	0.00	0.22	
Acetatifactor	1427378	gut	99.49	99.24	5	4259	10.61	99.49	0.23	0.25	0.03	1.06	0.51	0.57	0.06	
Candidatus_Cryptobacteroides	2840523	gut	99.41	98.97	26	1798	9.12	99.41	0.44	0.03	0.12	3.01	2.25	0.14	0.61	
Duncaniella	2518495	gut	99.40	98.81	8	3785	6.71	99.40	0.00	0.00	0.60	1.61	0.00	0.00	1.61	
Candidatus_Colimorpha	3082834	gut	99.34	98.68	4	41	0.00	99.34	0.66	0.00	0.00	1.32	1.32	0.00	0.00	
Methanosphaera	2316	gut	99.05	98.57	15	259	27.03	99.05	0.00	0.48	0.47	2.34	0.00	1.84	1.06	
Anaerobutyricum	2569097	gut	99.04	98.57	9	2441	31.59	99.04	0.16	0.34	0.47	2.16	0.44	0.87	0.94	
Phascolarctobacterium	33024	gut	99.01	98.57	9	16609	62.43	99.01	0.27	0.44	0.27	1.48	0.63	0.87	0.39	unknown>50%
Cloacibacillus	508459	gut	98.96	97.92	5	313	35.46	98.96	0.00	0.00	1.04	0.99	0.00	0.00	0.99	
Angelakisella	1935176	gut	98.90	98.22	3	1381	4.63	98.90	0.26	0.68	0.16	1.74	0.45	1.10	0.20	
Intestinibacter	1505657	gut	98.86	97.73	4	779	47.11	98.86	0.00	1.14	0.00	2.27	0.00	2.27	0.00	
Gemmiger	204475	gut	98.69	97.59	19	13238	66.87	98.69	0.17	1.10	0.03	3.58	0.71	3.41	0.08	unknown>50%
Fusicatenibacter	1407607	gut	98.52	97.32	9	12242	71.70	98.52	0.03	1.20	0.25	3.11	0.08	3.13	0.74	unknown>50%
Acidaminococcus	904	gut	98.52	97.52	16	3788	52.93	98.52	0.25	1.00	0.24	2.95	0.66	2.84	0.57	unknown>50%
Faecalibacillus	2678885	gut	98.44	97.44	9	1334	55.55	98.44	0.00	1.00	0.56	3.25	0.00	3.00	1.67	unknown>50%
Blautia	572511	gut	98.32	97.01	179	28187	60.46	98.32	0.11	0.25	1.31	9.78	1.25	2.52	9.42	unknown>50%
Hallerella	2815788	gut	98.31	97.18	3	118	41.53	98.31	0.56	0.00	1.13	2.94	0.98	0.00	1.96	
Agathobacter	1766253	gut	98.18	96.77	5	6359	41.86	98.18	0.34	1.41	0.07	2.50	0.62	1.93	0.12	
Marvinbryantia	248744	gut	97.92	95.83	3	278	32.37	97.92	0.00	0.00	2.08	3.61	0.00	0.00	3.61	
Pilosibacter	3144345	gut	97.71	96.41	4	107	3.74	97.71	0.33	0.67	1.29	2.72	0.67	1.33	1.81	
Anaeroplasma	2086	gut	97.67	96.12	3	99	31.31	97.67	1.55	0.78	0.00	4.03	2.69	1.34	0.00	
Oliverpabstia	2815777	gut	97.61	96.41	2	337	45.99	97.61	0.43	1.20	0.77	0.97	0.60	0.48	1.09	
Butyribacter	2822463	gut	97.58	95.49	3	346	46.24	97.58	2.10	0.00	0.32	2.40	1.95	0.00	0.56	
Barnesiella	397864	gut	97.57	95.67	18	8358	74.41	97.57	1.90	0.12	0.40	7.88	7.85	0.48	1.36	unknown>50%
Senegalimassilia	1473205	gut	97.34	95.74	4	866	47.00	97.34	1.60	1.06	0.00	3.20	3.20	2.13	0.00	
Breznakia	1854458	gut	97.22	94.44	3	29	51.72	97.22	0.00	0.00	2.78	4.81	0.00	0.00	4.81	unknown>50%
Ruminococcoides	2893095	gut	96.63	93.27	3	238	5.88	96.63	0.00	0.00	3.37	2.96	0.00	0.00	2.96	
Collinsella	102106	gut	96.47	94.06	184	18522	55.83	96.47	2.41	0.02	1.09	16.54	13.08	0.19	10.40	unknown>50%
Akkermansia	239934	gut	96.33	93.70	119	15241	52.20	96.33	0.87	0.18	2.63	18.19	9.17	1.42	15.75	unknown>50%
Candidatus_Egerieousia	2840524	gut	95.61	93.81	3	173	1.73	95.61	1.00	1.60	1.80	7.61	1.73	2.77	3.11	
Dorea	189330	gut	95.48	91.82	29	7759	42.58	95.48	0.80	0.05	3.67	18.66	3.22	0.16	18.55	
Lepagella	3032807	gut	94.67	90.67	3	36	0.00	94.67	0.00	4.00	1.33	9.24	0.00	6.93	2.31	
Holdemanella	1573535	gut	94.40	89.59	9	2355	57.75	94.40	4.81	0.64	0.15	13.36	13.56	1.38	0.44	unknown>50%
Raoultibacter	1926677	gut	93.55	87.82	5	98	17.35	93.55	0.00	0.73	5.73	10.83	0.00	1.63	10.89	
Succinivibrio	83770	gut	93.31	89.37	5	937	36.07	93.31	3.94	0.31	2.44	12.01	7.23	0.68	4.86	
Anaerovibrio	82373	gut	93.16	88.97	5	570	28.25	93.16	4.19	2.33	0.32	7.99	6.09	4.91	0.49	
Vescimonas	2892396	gut	92.56	86.21	4	386	0.78	92.56	6.35	0.37	0.71	7.35	8.02	0.75	0.90	
Pyramidobacter	638847	gut	92.26	86.29	8	334	52.40	92.26	5.97	0.40	1.37	13.33	10.92	0.75	2.54	unknown>50%
Catenibacterium	135858	gut	92.01	86.71	12	3686	67.74	92.01	2.67	5.30	0.01	18.46	8.62	17.23	0.05	unknown>50%
Victivallis	172900	gut	91.81	87.58	6	389	43.19	91.81	0.36	4.22	3.61	9.27	0.89	4.24	5.59	
Sodaliphilus	2815786	gut	91.71	86.63	5	400	0.75	91.71	5.08	0.39	2.81	14.23	9.85	0.87	3.97	
Parolsenella	2082587	gut	88.92	81.14	5	497	61.37	88.92	7.78	0.74	2.56	14.99	12.00	1.66	3.99	unknown>50%
Synergistes	2753	gut	88.13	79.04	4	78	56.41	88.13	9.09	0.00	2.78	17.15	18.18	0.00	5.56	unknown>50%
Chordicoccus	3031933	gut	70.83	50.00	2	17	5.88	70.83	0.00	8.33	20.83	5.89	0.00	11.79	5.89	
