silva_genus	ncbi_genus_name	ncbi_genus_taxid	n_species_with_biosamples	total_biosamples	fecal_gut_samples_mean	fecal_gut_samples_sd	contaminant_samples_mean	contaminant_samples_sd	animal_samples_mean	animal_samples_sd	other_samples_mean	other_samples_sd	unknown_samples_mean	unknown_samples_sd
Absicoccus	Absicoccus	2718525	4	49	10.5	11.56143013	0.25	0.5	0.25	0.5	0.5	0.5773502692	0.75	0.9574271078
Acetatifactor	Acetatifactor	1427378	6	4259	630.6666667	1196.686704	1.666666667	4.082482905	1.5	3.674234614	0.6666666667	1.632993162	75.33333333	173.8213642
Acidaminococcus	Acidaminococcus	904	23	3788	76.17391304	202.0500955	0.3043478261	0.8756702684	0.652173913	2.347313661	0.3913043478	1.117591991	87.17391304	287.8976542
Acutalibacter	Acutalibacter	1918385	14	500	31.35714286	55.26942004	0.07142857143	0.2672612419	0	0	0.1428571429	0.3631365196	4.142857143	7.492120403
Agathobacter	Agathobacter	1766253	5	6359	713.8	934.0110813	18.2	33.89985251	6.8	14.65264481	0.6	0.894427191	532.4	975.2398679
Agathobaculum	Agathobaculum	2048137	20	1805	52.75	107.5712126	0.3	0.9787209699	0.3	1.128576187	0.2	0.5231483638	36.7	105.3391016
Akkermansia	Akkermansia	239934	124	15241	54.21774194	396.2520459	2.637096774	22.9326815	0.9919354839	10.34093293	0.9032258065	5.522193736	64.16129032	651.0750633
Alistipes	Alistipes	239759	151	64985	186.2516556	1144.019156	0.4503311258	2.88140878	1.125827815	5.809537716	1.284768212	9.181414186	241.2516556	1456.176419
Allocoprobacillus	Allocoprobacillus	3059504	2	4	2	0	0	0	0	0	0	0	0	0
Allofournierella	Allofournierella	1940255	12	156	10.91666667	18.64236784	0	0	0	0	0.08333333333	0.2886751346	2	5.063236478
Alloprevotella	Alloprevotella	1283313	11	982	48.81818182	143.6195099	0.3636363636	1.206045378	28.18181818	47.62734127	0.5454545455	1.213559752	11.36363636	24.27456581
Anaerobutyricum	Anaerobutyricum	2569097	9	2441	184	384.0078124	0.7777777778	1.715938357	0.2222222222	0.4409585518	0.5555555556	0.8819171037	85.66666667	186.7940042
Anaerofilum	Anaerofilum	52784	7	68	5	5.163977795	0	0	0.1428571429	0.377964473	0.4285714286	1.133893419	4.142857143	5.4902511
Anaerolactibacter	Anaerolactibacter	2563783	1	2	1	NA	1	NA	0	NA	0	NA	0	NA
Anaeropeptidivorans	Anaeropeptidivorans	2997360	1	1	0	NA	0	NA	0	NA	0	NA	1	NA
Anaeroplasma	Anaeroplasma	2086	6	99	10.83333333	16.66633333	0.1666666667	0.4082482905	0.3333333333	0.8164965809	0	0	5.166666667	9.745084231
Anaerorhabdus	Anaerorhabdus	118966	2	39	16.5	21.92031022	0	0	1	0	1.5	2.121320344	0.5	0.7071067812
Anaerovibrio	Anaerovibrio	82373	9	570	44.33333333	82.12033853	0.3333333333	0.7071067812	0.4444444444	0.7264831573	0.3333333333	0.7071067812	17.88888889	40.06383795
Anaerovorax	Anaerovorax	109326	6	25	1.333333333	1.632993162	0.3333333333	0.5163977795	0.3333333333	0.5163977795	0	0	2.166666667	2.136976057
Angelakisella	Angelakisella	1935176	3	1381	435.6666667	537.8683234	2	2.645751311	0.6666666667	1.154700538	0.6666666667	0.5773502692	21.33333333	35.2325607
Aristaeella	Aristaeella	3046369	2	4	1	0	0	0	0	0	0	0	1	0
Asteroleplasma	Asteroleplasma	2152	1	1	0	NA	0	NA	0	NA	0	NA	1	NA
Bacteroides	Bacteroides	816	394	100784	115.1751269	1101.638152	0.6446700508	5.834061127	4.088832487	52.73805572	2.923857868	26.54679079	132.964467	1066.942338
Barnesiella	Barnesiella	397864	120	8358	17.69166667	121.5435597	0.03333333333	0.2879464625	0.03333333333	0.2220354023	0.06666666667	0.4440708047	51.825	541.8043255
Beduinella	Beduinella	3151708	1	1	0	NA	0	NA	0	NA	0	NA	1	NA
Bifidobacterium	Bifidobacterium	1678	370	55496	49.93243243	347.485124	2.759459459	26.73738549	0.9675675676	7.605020951	4.040540541	36.97184133	92.28918919	788.0482013
Blautia	Blautia	572511	191	28187	57.62827225	353.8774736	0.445026178	3.440603355	0.1151832461	0.9664530064	0.1570680628	1.054533966	89.23036649	796.4139953
Brachybacterium	Brachybacterium	43668	82	580	0.4146341463	1.791276664	2	6.938886665	0.5731707317	1.784919598	0.4634146341	1.46729887	3.62195122	9.357957258
Breznakia	Breznakia	1854458	16	29	0.8125	2.737851956	0	0	0	0	0.0625	0.25	0.9375	0.25
Butyribacter	Butyribacter	2822463	3	346	60	33.77869151	0	0	1.666666667	2.081665999	0.3333333333	0.5773502692	53.33333333	92.37604307
Butyrivibrio	Butyrivibrio	830	56	2922	22.05357143	99.22983782	0.1428571429	0.8405316808	0.1964285714	1.085769821	0.1964285714	0.9423306283	29.58928571	205.948341
Caecibacteroides	Caecibacteroides	2918734	2	7	2.5	2.121320344	0	0	0	0	0	0	1	1.414213562
Campylobacter	Campylobacter	194	878	205688	55.05353075	1243.157078	42.9191344	893.9725323	57.98519362	1288.245649	3.970387244	80.99741138	74.3405467	1828.931659
Candidatus_Bruticola	Candidatus Bruticola	2829316	2	14	6	7.071067812	1	1.414213562	0	0	0	0	0	0
Candidatus_Colimorpha	Candidatus Colimorpha	3082834	4	41	10	18	0	0	0.25	0.5	0	0	0	0
Candidatus_Cryptobacteroides	Candidatus Cryptobacteroides	2840523	26	1798	53.80769231	253.5088194	0.4230769231	2.157277487	6.769230769	34.51643978	1.846153846	9.413574487	6.307692308	7.765406523
Candidatus_Egerieousia	Candidatus Egerieousia	2840524	3	173	49.33333333	82.85127237	2.666666667	4.618802154	1.666666667	2.886751346	3	5.196152423	1	1
Candidatus_Gastranaerophilus	Candidatus Gastranaerophilus	1906125	10	138	13.6	35.55652776	0	0	0	0	0.1	0.316227766	0.1	0.316227766
Candidatus_Limenecus	Candidatus Limenecus	2840608	7	38	5.285714286	8.654753717	0	0	0	0	0	0	0.1428571429	0.377964473
Candidatus_Limimorpha	Candidatus Limimorpha	3083039	4	206	16.75	30.83693673	0.25	0.5	31.25	62.5	3.25	6.5	0	0
Candidatus_Limisoma	Candidatus Limisoma	2840527	4	127	28.5	51.6946161	0	0	0.25	0.5	0	0	3	4.69041576
Candidatus_Methanogranum	Candidatus Methanogranum	1577789	3	11	1.333333333	2.309401077	0.6666666667	0.5773502692	0.3333333333	0.5773502692	1.333333333	1.527525232	0	0
Candidatus_Onthomorpha	Candidatus Onthomorpha	2840528	2	79	38.5	54.44722215	0	0	0	0	0	0	1	1.414213562
Candidatus_Ozemibacter	Candidatus Ozemibacter	2419833	2	4	0	0	1	0	0	0	0.5	0.7071067812	0.5	0.7071067812
Candidatus_Paraimprobicoccus	Candidatus Paraimprobicoccus	3075492	1	1	1	NA	0	NA	0	NA	0	NA	0	NA
Candidatus_Stoquefichus	Candidatus Stoquefichus	1470349	4	13	2.75	3.593976442	0	0	0	0	0	0	0.5	0.5773502692
Catenibacillus	Catenibacillus	2316203	3	50	15	13.52774926	0	0	0	0	0	0	1.666666667	2.081665999
Catenibacterium	Catenibacterium	135858	14	3686	81.71428571	170.1706965	2.357142857	5.256602337	0.7857142857	1.847183779	0.07142857143	0.2672612419	178.3571429	468.5797867
Cerasicoccus	Cerasicoccus	468938	5	10	0	0	1.2	0.8366600265	0	0	0.2	0.4472135955	0.6	1.341640786
Chordicoccus	Chordicoccus	3031933	2	17	5.5	3.535533906	1	1.414213562	0	0	1.5	0.7071067812	0.5	0.7071067812
Cloacibacillus	Cloacibacillus	508459	6	313	33.16666667	30.16233855	0	0	0	0	0.5	0.5477225575	18.5	31.84807687
Clostridium	Clostridium	1485	917	62890	31.00218103	408.4487108	2.099236641	25.21462392	1.557251908	30.72057196	1.413304253	12.64152881	32.51035987	668.9486955
Collinsella	Collinsella	102106	215	18522	37.30232558	318.3403762	0.2930232558	3.231373319	0.3255813953	2.713077797	0.1348837209	1.262485999	48.09302326	527.1124928
Coprococcus	Coprococcus	33042	65	7763	52.01538462	236.4280078	0.1692307692	0.911201658	0.1230769231	0.6497040746	0.1384615385	0.7680519814	66.98461538	435.261218
Defluviitalea	Defluviitalea	1185408	4	18	0	0	2	1.414213562	0	0	1.25	1.258305739	1.25	2.5
Desulfovibrio	Desulfovibrio	872	120	5117	24.95833333	163.7850813	1.025	5.795481433	0.55	2.58908504	0.8083333333	5.514375153	15.3	107.821951
Dorea	Dorea	189330	42	7759	105.2619048	368.3802423	0.2857142857	1.293241612	0.2857142857	1.401840502	0.2380952381	0.7261500151	78.66666667	372.2610982
Duncaniella	Duncaniella	2518495	8	3785	440.5	935.1105359	0	0	0	0	0.875	2.100170061	31.75	79.92273054
Ellagibacter	Ellagibacter	2137577	3	380	91.33333333	88.50047081	0	0	18.66666667	32.33161507	0	0	16.66666667	15.27525232
Elusimicrobium	Elusimicrobium	423604	5	202	37.4	82.51242331	0.4	0.5477225575	0	0	0.8	1.788854382	1.8	1.923538406
Faecalibacillus	Faecalibacillus	2678885	9	1334	62.33333333	105.7780696	3.444444444	10.33333333	0	0	0.1111111111	0.3333333333	82.33333333	214.9395264
Faecalibacterium	Faecalibacterium	216851	107	48410	162.4672897	910.0478042	0.5607476636	3.271309155	1.981308411	12.42485436	0.9719626168	5.55327193	286.4485981	2314.817729
Faecalimonas	Faecalimonas	2005355	8	1313	145	210.3500484	0.25	0.7071067812	0.375	1.060660172	0	0	18.5	41.51419723
Fibrobacter	Fibrobacter	832	57	1308	6.473684211	29.84968609	0.350877193	1.787768242	0.5964912281	2.433836251	0.6842105263	2.879471025	14.84210526	76.6156431
Flavonifractor	Flavonifractor	946234	32	3168	24.8125	96.92479209	0.21875	0.6082431072	0.15625	0.8838834765	0.34375	1.124775963	73.46875	380.7532419
Flexilinea	Flexilinea	1769713	3	184	22	36.3868108	14	18.35755975	19.66666667	34.06366588	4.666666667	8.082903769	1	1
Fusicatenibacter	Fusicatenibacter	1407607	9	12242	378.1111111	983.4052375	5.555555556	13.62085819	0.7777777778	2.333333333	0.5555555556	1.666666667	975.2222222	2908.052689
Fusimonas	Fusimonas	2510105	1	1	0	NA	0	NA	0	NA	0	NA	1	NA
Galactobacillus	Galactobacillus	2060871	2	28	12.5	13.43502884	1	0	0	0	0.5	0.7071067812	0	0
Gemmiger	Gemmiger	204475	20	13238	209.45	514.624081	6.4	17.69150852	3.15	13.85365238	0.3	0.9233805169	442.6	1405.057347
Hallella	Hallella	52228	8	215	18.5	27.5525472	0	0	6	13.45893224	0.125	0.3535533906	2.25	1.832250763
Hallerella	Hallerella	2815788	3	118	22	29.71531592	0	0	0.3333333333	0.5773502692	0.6666666667	1.154700538	16.33333333	26.55811238
Helicobacter	Helicobacter	209	110	17664	83.35454545	673.2829822	0.1181818182	0.537268289	2.218181818	18.50384627	10.64545455	100.7336925	64.24545455	571.1621693
Holdemanella	Holdemanella	1573535	9	2355	107.7777778	156.7998547	0.5555555556	1.130388331	2.111111111	4.196559437	0.1111111111	0.3333333333	151.1111111	299.9380955
Hominibacterium	Hominibacterium	3016626	3	9	2.666666667	1.527525232	0	0	0	0	0	0	0.3333333333	0.5773502692
Ihuprevotella	Ihuprevotella	3151711	1	2	0	NA	0	NA	1	NA	0	NA	1	NA
Intestinibacillus	Intestinibacillus	1928820	5	27	4	5.787918451	0.2	0.4472135955	0.2	0.4472135955	0.6	0.894427191	0.4	0.5477225575
Intestinibacter	Intestinibacter	1505657	4	779	102.75	136.2751506	0.25	0.5	0	0	0	0	91.75	141.2949044
Intestinimonas	Intestinimonas	1392389	21	513	10.14285714	22.0097381	0.2380952381	0.4364357805	0.1428571429	0.4780914437	0.380952381	1.244033379	13.52380952	36.20168373
Kurthia	Kurthia	1649	30	185	1.233333333	2.486977578	1.766666667	7.623391106	0.4666666667	1.306042544	0.6	1.52224879	2.1	5.175206143
Lachnoanaerobaculum	Lachnoanaerobaculum	1164882	13	409	1.384615385	2.693772495	0.1538461538	0.5547001962	19.84615385	34.50083611	0.2307692308	0.4385290097	9.846153846	27.37652934
Lachnospira	Lachnospira	28050	28	15289	198.0357143	639.1448849	0.6785714286	2.776269432	0.7142857143	0.8544932593	0.3928571429	1.196887498	346.2142857	1298.582599
Lacrimispora	Lacrimispora	2719231	21	449	7.904761905	31.01919529	0.9523809524	1.4309504	0.2380952381	0.4364357805	2.19047619	5.353681421	10.0952381	25.92856487
Lactimicrobium	Lactimicrobium	2563777	2	13	5	4.242640687	1.5	0.7071067812	0	0	0	0	0	0
Lepagella	Lepagella	3032807	3	36	10.66666667	9.073771726	1	1.732050808	0	0	0.3333333333	0.5773502692	0	0
Macellibacteroides	Macellibacteroides	1159323	4	51	0.25	0.5	9.75	8.770214745	0.25	0.5	1.75	1.707825128	0.75	1.5
Malacoplasma	Malacoplasma	2791001	6	262	15.66666667	25.08120146	0.3333333333	0.8164965809	9.166666667	11.58303357	1.666666667	2.875181154	16.83333333	24.09495106
Maliibacterium	Maliibacterium	3047433	1	2	1	NA	0	NA	0	NA	0	NA	1	NA
Marvinbryantia	Marvinbryantia	248744	3	278	62.33333333	90.78178966	0	0	0	0	0.3333333333	0.5773502692	30	25.35744467
Megamonas	Megamonas	158846	11	3911	166.0909091	327.6389643	3	8.306623863	0	0	0.7272727273	1.103712743	185.7272727	576.9345008
Megasphaera	Megasphaera	906	54	6655	37.74074074	137.4402354	0.4444444444	2.477572356	21.31481481	96.15608853	0.2037037037	0.625846736	63.53703704	273.0341545
Mesosutterella	Mesosutterella	2494213	4	306	13.5	24.36527584	1	1.154700538	0	0	0	0	62	118.0536601
Methanobrevibacter	Methanobrevibacter	2172	52	6522	43.19230769	176.8881377	2.038461538	8.043902912	4.596153846	20.70924736	1.192307692	3.980533325	74.40384615	403.346893
Methanomethylophilus	Methanomethylophilus	1291539	5	161	16.8	21.71865558	0.6	1.341640786	1.6	3.049590136	1.8	3.492849839	11.4	23.27659769
Methanosphaera	Methanosphaera	2316	17	259	10.58823529	21.32504051	0.2941176471	1.212678125	0	0	0.2352941176	0.5622957145	4.117647059	10.70561974
Mogibacterium	Mogibacterium	86331	8	637	20.875	27.63764255	0.125	0.3535533906	28.25	39.48507856	0.375	0.5175491695	30	44.77882152
Morganella	Morganella	581	23	2371	13.52173913	57.2664185	7	32.05676783	34.08695652	161.0832402	8.391304348	37.20305355	40.08695652	190.7249121
Muribaculum	Muribaculum	1918540	9	2699	266.6666667	548.251767	0.1111111111	0.3333333333	0.1111111111	0.3333333333	0.7777777778	0.9718253158	32.22222222	68.80729935
Odoribacter	Odoribacter	283168	21	7874	213.3809524	548.4767521	0.5238095238	1.536848972	0.6666666667	2.12916259	1.619047619	5.740001659	158.7619048	639.3079778
Oliverpabstia	Oliverpabstia	2815777	2	337	89	36.76955262	1	0	0.5	0.7071067812	0.5	0.7071067812	77.5	109.6015511
Oribacterium	Oribacterium	265975	25	1044	16.04	53.87986637	0.04	0.2	9.88	23.95015658	0.28	0.6782329983	15.52	59.03467907
Oxalobacter	Oxalobacter	846	8	293	27.25	34.12058449	0.875	0.991031209	0.125	0.3535533906	0.625	0.9161253813	7.75	14.16988759
Paludihabitans	Paludihabitans	2038676	4	73	17.75	34.83652298	0.25	0.5	0	0	0	0	0.25	0.5
Parabacteroides	Parabacteroides	375288	116	28814	86.13793103	493.0018237	0.4310344828	2.822962175	0.5862068966	3.428953359	0.9827586207	5.286541992	160.2586207	1163.763812
Paramuribaculum	Paramuribaculum	2518497	3	780	224	275.5340269	0	0	0.3333333333	0.5773502692	0.6666666667	1.154700538	35	54.67174773
Paraprevotella	Paraprevotella	577309	7	4939	317.2857143	350.6426074	0.2857142857	0.755928946	0.2857142857	0.4879500365	0.7142857143	1.496026483	387	795.3934037
Pararoseburia	Pararoseburia	2946539	1	5	5	NA	0	NA	0	NA	0	NA	0	NA
Parolsenella	Parolsenella	2082587	5	497	35.2	34.44125433	0.2	0.4472135955	2.6	4.335896678	0.4	0.5477225575	61	108.8071689
Peptococcus	Peptococcus	2740	7	39	1.714285714	2.138089935	0.2857142857	0.755928946	2.857142857	7.55928946	0.1428571429	0.377964473	0.5714285714	0.7867957925
Phascolarctobacterium	Phascolarctobacterium	33024	22	16609	278.2272727	590.732389	2.136363636	6.158969105	1.5	5.837073631	1.772727273	4.545346319	471.3181818	1311.050266
Phocaeicola	Phocaeicola	909656	43	44477	476.6976744	2049.599015	1.162790698	3.975701391	7.11627907	22.25095964	1.720930233	7.397958474	547.6511628	1905.043768
Pilosibacter	Pilosibacter	3144345	6	107	16.33333333	28.52133704	0.3333333333	0.8164965809	0.1666666667	0.4082482905	0.3333333333	0.5163977795	0.6666666667	0.8164965809
Prevotella	Prevotella	838	412	61325	56.14320388	769.5018747	0.4150485437	6.603845134	10.73058252	81.04762792	0.5242718447	6.38061947	81.03398058	1501.297273
Pseudobutyrivibrio	Pseudobutyrivibrio	46205	27	350	6.703703704	22.87224521	0	0	0.2592592593	0.4465760847	0.1851851852	0.9622504486	5.814814815	21.972075
Pusillibacter	Pusillibacter	2892397	2	8	2	2.828427125	0	0	0.5	0.7071067812	0	0	1.5	2.121320344
Pyramidobacter	Pyramidobacter	638847	8	334	15.25	20.01963322	0.25	0.4629100499	3.5	7.964205637	0.875	1.642080562	21.875	48.92979665
Qingrenia	Qingrenia	2983459	1	12	12	NA	0	NA	0	NA	0	NA	0	NA
Raoultibacter	Raoultibacter	1926677	5	98	15.2	20.62037827	0.4	0.894427191	0	0	0.6	0.894427191	3.4	3.577708764
Roseburia	Roseburia	841	58	27320	166.6206897	559.5480892	0.3965517241	1.610706015	0.4482758621	1.634844419	0.7413793103	3.285055714	302.8275862	1148.776911
Ructibacterium	Ructibacterium	2884634	4	96	23.25	40.53290844	0	0	0	0	0	0	0.75	1.5
Ruminiclostridium	Ruminiclostridium	1508657	27	927	25.40740741	97.99853188	1.222222222	1.867399124	0.03703703704	0.1924500897	1	2.974248451	6.666666667	20.06527808
Ruminococcoides	Ruminococcoides	2893095	4	238	55.5	86.14909556	0	0	0	0	0.5	0.5773502692	3.5	2.645751311
Ruminococcus	Ruminococcus	1263	293	45735	70.00682594	697.9709486	0.5460750853	5.937063751	0.5290102389	3.160654634	0.5358361775	5.577865294	84.47440273	966.5026328
Saccharofermentans	Saccharofermentans	1200657	3	274	60.66666667	105.077749	6.666666667	10.69267662	2.666666667	4.618802154	7.333333333	8.736894948	14	24.24871131
Sarcina	Sarcina	1266	5	228	20	18.81488772	0.2	0.4472135955	0.6	0.894427191	0.8	0.8366600265	24	38.92942332
Scatolibacter	Scatolibacter	2912543	2	12	0.5	0.7071067812	0	0	0	0	0	0	5.5	6.363961031
Schwartzia	Schwartzia	55506	3	77	14.33333333	13.0511813	0	0	9.333333333	12.7410099	0	0	2	2
Segatella	Segatella	2974251	23	3536	92.30434783	381.164297	1.391304348	4.397717698	13.65217391	27.35226216	5.52173913	23.12784541	40.86956522	137.9951594
Senegalimassilia	Senegalimassilia	1473205	4	866	110.75	86.51926568	0.5	1	3.5	7	0	0	101.75	181.8687714
Shuttleworthella	Shuttleworthella	177971	4	37	5.25	4.11298756	0	0	3	5.354126135	0	0	1	1.154700538
Sodaliphilus	Sodaliphilus	2815786	5	400	55.2	104.7291745	1.4	3.130495168	16.4	36.1150938	6.4	13.2211951	0.6	1.341640786
Solibaculum	Solibaculum	2842531	3	5	0.6666666667	0.5773502692	0	0	0	0	0	0	1	1
Sphaerochaeta	Sphaerochaeta	399320	22	400	1.5	4.239833779	4.227272727	14.41867776	0.7272727273	2.074374678	4.454545455	13.76582128	7.272727273	31.04556071
Streptococcus	Streptococcus	1301	1021	427280	6.678746327	72.44890443	3.152791381	53.85478081	115.9255632	2110.875582	72.374143	1265.24172	220.360431	4460.112575
Subdoligranulum	Subdoligranulum	292632	40	9447	24.025	81.96887699	0.125	0.5157767356	0.075	0.3499084129	0.625	2.328061811	211.325	1250.689561
Succinatimonas	Succinatimonas	674963	19	1965	16.89473684	41.90981685	0.05263157895	0.2294157339	0.1578947368	0.3746343246	0.1578947368	0.5014598571	86.15789474	356.1549699
Succinivibrio	Succinivibrio	83770	5	937	115.8	153.690273	0.8	1.788854382	2.2	3.492849839	1	1	67.6	137.0868338
Sutterella	Sutterella	40544	32	11567	184.40625	539.3664658	3.5	19.07709317	0.59375	2.122982914	1.21875	4.301045447	171.75	666.3651522
Synergistes	Synergistes	2753	6	78	4.166666667	5.671566509	0	0	1.333333333	3.265986324	0.1666666667	0.4082482905	7.333333333	15.06873142
Tannerella	Tannerella	195950	18	597	3.5	12.16189807	0.05555555556	0.2357022604	17.88888889	40.9057581	0.3888888889	1.649915823	11.33333333	29.60325896
Thermophilibacter	Thermophilibacter	2847307	9	70	4	5.5	0.1111111111	0.3333333333	0.1111111111	0.3333333333	0	0	3.555555556	9.567015092
Thomasclavelia	Thomasclavelia	3025755	25	2224	75.6	270.5528291	0.08	0.2768874621	0.68	1.215181742	0.4	1	12.2	54.06246387
Treponema	Treponema	157	148	13234	18.73648649	144.6592695	0.4121621622	3.192101336	14.32432432	117.6743585	7.736486486	86.37746316	48.20945946	340.6201078
Turicimonas	Turicimonas	1918598	4	590	138	260.7911041	0	0	0	0	0	0	9.5	12.76714533
Tyzzerella	Tyzzerella	1506577	11	104	2.363636364	4.588523232	0.1818181818	0.4045199175	0.4545454545	1.213559752	0.2727272727	0.4670993665	6.181818182	18.24181012
Usitatibacter	Usitatibacter	2803845	4	214	0	0	29.5	57	0.5	1	23.25	45.17650569	0.25	0.5
Vescimonas	Vescimonas	2892396	4	386	90.5	119.0979989	1	2	2.75	4.272001873	1.5	2.380476143	0.75	0.9574271078
Victivallis	Victivallis	172900	6	389	32.66666667	35.2968365	2	2.097617696	0.1666666667	0.4082482905	2	3.16227766	28	44.58250778
Xylanibacter	Xylanibacter	558436	8	581	38.375	46.674978	0.125	0.3535533906	0.375	0.7440238091	0	0	33.75	67.91749196
