silva_genus	ncbi_genus_name	ncbi_genus_taxid	n_species_with_biosamples	n_species_used	n_species_only_unknown	total_biosamples	known_source_samples	unknown_source_samples	unknown_pct_of_total_biosamples	fecal_gut_samples_mean_pct	fecal_gut_samples_sd_pp	contaminant_samples_mean_pct	contaminant_samples_sd_pp	animal_samples_mean_pct	animal_samples_sd_pp	other_samples_mean_pct	other_samples_sd_pp
Absicoccus	Absicoccus	2718525	4	4	0	49	46	3	6.12244898	71.59090909	47.87135539	1.136363636	2.272727273	1.136363636	2.272727273	26.13636364	49.28902224
Acetatifactor	Acetatifactor	1427378	6	5	1	4259	3807	452	10.61281991	99.49228507	1.062224373	0.253164557	0.5660931589	0.2278481013	0.509483843	0.02670226969	0.05970809019
Acidaminococcus	Acidaminococcus	904	23	16	7	3788	1783	2005	52.93030623	98.51572234	2.947401928	0.9975481259	2.835978789	0.2486100364	0.6578747338	0.2381194949	0.5743081843
Acutalibacter	Acutalibacter	1918385	14	12	2	500	442	58	11.6	99.82162162	0.4738966061	0.06666666667	0.2309401077	0	0	0.1117117117	0.2667020806
Agathobacter	Agathobacter	1766253	5	5	0	6359	3697	2662	41.86192798	98.17768037	2.504708551	1.407800364	1.931161867	0.3406503391	0.6156987892	0.07386892775	0.1228556079
Agathobaculum	Agathobaculum	2048137	20	20	0	1805	1071	734	40.66481994	99.70747844	0.8516420096	0.1163480554	0.3632620825	0.1088497034	0.3875936938	0.06732380246	0.1674429168
Akkermansia	Akkermansia	239934	124	119	5	15241	7285	7956	52.20129913	96.32693835	18.19352229	0.1769427458	1.421569187	0.8658291702	9.168073423	2.630289739	15.74969037
Alistipes	Alistipes	239759	151	116	35	64985	28556	36429	56.05755174	92.75113296	22.84198753	0.0908593409	0.4801131902	3.287226012	13.72523504	3.87078169	18.45609895
Allocoprobacillus	Allocoprobacillus	3059504	2	2	0	4	4	0	0	100	0	0	0	0	0	0	0
Allofournierella	Allofournierella	1940255	12	11	1	156	132	24	15.38461538	90.90909091	30.15113446	0	0	0	0	9.090909091	30.15113446
Alloprevotella	Alloprevotella	1283313	11	8	3	982	857	125	12.72912424	18.21759298	28.3812643	0.08417508418	0.2380830913	69.018637	39.367874	12.67959493	35.28427243
Anaerobutyricum	Anaerobutyricum	2569097	9	9	0	2441	1670	771	31.58541581	99.03520061	2.162243098	0.3393195827	0.8708690164	0.1555832148	0.4359730652	0.4698965883	0.9359041384
Anaerofilum	Anaerofilum	52784	7	7	0	68	39	29	42.64705882	82.65306122	37.3112353	0	0	14.28571429	37.7964473	3.06122449	8.099238707
Anaerolactibacter	Anaerolactibacter	2563783	1	1	0	2	2	0	0	50	NA	50	NA	0	NA	0	NA
Anaeropeptidivorans	Anaeropeptidivorans	2997360	1	0	1	1	0	1	100	NA	NA	NA	NA	NA	NA	NA	NA
Anaeroplasma	Anaeroplasma	2086	6	3	3	99	68	31	31.31313131	97.6744186	4.028025134	0.7751937984	1.342675045	1.550387597	2.685350089	0	0
Anaerorhabdus	Anaerorhabdus	118966	2	2	0	39	38	1	2.564102564	69.44444444	27.49859705	0	0	26.38888889	33.39115356	4.166666667	5.89255651
Anaerovibrio	Anaerovibrio	82373	9	5	4	570	409	161	28.24561404	93.15802772	7.994882516	2.33271946	4.913098074	4.189248443	6.091341838	0.3200043761	0.4883707505
Anaerovorax	Anaerovorax	109326	6	4	2	25	12	13	52	53.33333333	36.10683735	33.33333333	47.14045208	13.33333333	16.32993162	0	0
Angelakisella	Angelakisella	1935176	3	3	0	1381	1317	64	4.634322954	98.89852955	1.744529123	0.6804369108	1.096644961	0.2594033722	0.4492998204	0.1616301663	0.202737102
Aristaeella	Aristaeella	3046369	2	2	0	4	2	2	50	100	0	0	0	0	0	0	0
Asteroleplasma	Asteroleplasma	2152	1	0	1	1	0	1	100	NA	NA	NA	NA	NA	NA	NA	NA
Bacteroides	Bacteroides	816	394	291	103	100784	48396	52388	51.98047309	76.35880105	40.53183936	2.634697457	14.47181377	7.885974901	25.66425164	13.12052659	32.45386737
Barnesiella	Barnesiella	397864	120	18	102	8358	2139	6219	74.40775305	97.57454556	7.876539702	0.1192082289	0.4802052948	1.901303835	7.846125725	0.4049423719	1.363351942
Beduinella	Beduinella	3151708	1	0	1	1	0	1	100	NA	NA	NA	NA	NA	NA	NA	NA
Bifidobacterium	Bifidobacterium	1678	370	260	110	55496	21349	34147	61.53056076	77.45182831	39.7239882	4.894281279	20.70928149	3.069238237	15.28740922	14.58465217	33.9102538
Blautia	Blautia	572511	191	179	12	28187	11144	17043	60.46404371	98.31987791	9.784444155	0.2549579975	2.52251547	0.1105237494	1.248337619	1.314640348	9.422271399
Brachybacterium	Brachybacterium	43668	82	59	23	580	283	297	51.20689655	8.260578583	24.79606388	47.99893708	48.05485034	19.85769608	37.57134156	23.88278825	41.01524242
Breznakia	Breznakia	1854458	16	3	13	29	14	15	51.72413793	97.22222222	4.811252243	0	0	0	0	2.777777778	4.811252243
Butyribacter	Butyribacter	2822463	3	3	0	346	186	160	46.24277457	97.58442777	2.403931953	0	0	2.095059412	1.946010992	0.3205128205	0.5551444896
Butyrivibrio	Butyrivibrio	830	56	13	43	2922	1265	1657	56.70773443	83.79815053	37.2285593	0.1124949526	0.2872202799	15.50095901	37.50332751	0.588395501	1.546395117
Caecibacteroides	Caecibacteroides	2918734	2	2	0	7	5	2	28.57142857	100	0	0	0	0	0	0	0
Campylobacter	Campylobacter	194	878	660	218	205688	140417	65271	31.73301311	69.39296923	45.23231796	10.37130925	30.08251436	10.4553482	29.37386056	9.78037332	29.14209244
Candidatus_Bruticola	Candidatus Bruticola	2829316	2	2	0	14	14	0	0	66.66666667	47.14045208	33.33333333	47.14045208	0	0	0	0
Candidatus_Colimorpha	Candidatus Colimorpha	3082834	4	4	0	41	41	0	0	99.34210526	1.315789474	0	0	0.6578947368	1.315789474	0	0
Candidatus_Cryptobacteroides	Candidatus Cryptobacteroides	2840523	26	26	0	1798	1634	164	9.121245829	99.40963674	3.010273792	0.02763402502	0.1409064328	0.4421444003	2.254502925	0.1205848365	0.6148644341
Candidatus_Egerieousia	Candidatus Egerieousia	2840524	3	3	0	173	170	3	1.734104046	95.60878244	7.605811929	1.596806387	2.765749793	0.998003992	1.72859362	1.796407186	3.111468517
Candidatus_Gastranaerophilus	Candidatus Gastranaerophilus	1906125	10	9	1	138	137	1	0.7246376812	99.90338164	0.2898550725	0	0	0	0	0.09661835749	0.2898550725
Candidatus_Limenecus	Candidatus Limenecus	2840608	7	7	0	38	37	1	2.631578947	100	0	0	0	0	0	0	0
Candidatus_Limimorpha	Candidatus Limimorpha	3083039	4	4	0	206	206	0	0	82.7970297	34.40594059	0.1237623762	0.2475247525	15.47029703	30.94059406	1.608910891	3.217821782
Candidatus_Limisoma	Candidatus Limisoma	2840527	4	4	0	127	115	12	9.448818898	99.76635514	0.4672897196	0	0	0.2336448598	0.4672897196	0	0
Candidatus_Methanogranum	Candidatus Methanogranum	1577789	3	3	0	11	11	0	0	22.22222222	38.49001795	13.88888889	12.72937693	5.555555556	9.622504486	58.33333333	52.04164999
Candidatus_Onthomorpha	Candidatus Onthomorpha	2840528	2	1	1	79	77	2	2.53164557	100	NA	0	NA	0	NA	0	NA
Candidatus_Ozemibacter	Candidatus Ozemibacter	2419833	2	2	0	4	3	1	25	0	0	75	35.35533906	0	0	25	35.35533906
Candidatus_Paraimprobicoccus	Candidatus Paraimprobicoccus	3075492	1	1	0	1	1	0	0	100	NA	0	NA	0	NA	0	NA
Candidatus_Stoquefichus	Candidatus Stoquefichus	1470349	4	3	1	13	11	2	15.38461538	100	0	0	0	0	0	0	0
Catenibacillus	Catenibacillus	2316203	3	3	0	50	45	5	10	100	0	0	0	0	0	0	0
Catenibacterium	Catenibacterium	135858	14	12	2	3686	1189	2497	67.74281063	92.01089846	18.45836712	5.304928989	17.23480766	2.66955267	8.621179704	0.01461988304	0.05064476046
Cerasicoccus	Cerasicoccus	468938	5	5	0	10	7	3	30	0	0	80	44.72135955	0	0	20	44.72135955
Chordicoccus	Chordicoccus	3031933	2	2	0	17	16	1	5.882352941	70.83333333	5.89255651	8.333333333	11.78511302	0	0	20.83333333	5.89255651
Cloacibacillus	Cloacibacillus	508459	6	5	1	313	202	111	35.46325879	98.96151243	0.9853826047	0	0	0	0	1.038487568	0.9853826047
Clostridium	Clostridium	1485	917	794	123	62890	33078	29812	47.40340277	58.72052573	47.88386074	22.00964258	40.09939218	4.730790357	19.59477876	14.53904133	33.54648616
Collinsella	Collinsella	102106	215	184	31	18522	8182	10340	55.82550481	96.472316	16.54451312	0.02436602831	0.1891394049	2.409186385	13.0754109	1.094131591	10.3965645
Coprococcus	Coprococcus	33042	65	45	20	7763	3409	4354	56.08656447	90.93862442	28.73100424	0.07931299723	0.3109854573	2.307250938	14.90166701	6.674811647	25.2241066
Defluviitalea	Defluviitalea	1185408	4	4	0	18	13	5	27.77777778	0	0	68.45238095	22.11211383	0	0	31.54761905	22.11211383
Desulfovibrio	Desulfovibrio	872	120	74	46	5117	3281	1836	35.88039867	46.16689485	48.70122281	37.87029001	48.06915143	8.927975495	26.33053003	7.034839642	23.3652311
Dorea	Dorea	189330	42	29	13	7759	4455	3304	42.58280706	95.48438853	18.65925014	0.05378700501	0.1629220506	0.7951092479	3.222383482	3.666715215	18.55323946
Duncaniella	Duncaniella	2518495	8	8	0	3785	3531	254	6.710700132	99.40348859	1.611034807	0	0	0	0	0.5965114064	1.611034807
Ellagibacter	Ellagibacter	2137577	3	3	0	380	330	50	13.15789474	87.3015873	21.99429597	0	0	12.6984127	21.99429597	0	0
Elusimicrobium	Elusimicrobium	423604	5	3	2	202	193	9	4.455445545	82.45614035	28.13862269	16.84210526	28.71678498	0	0	0.701754386	1.215474251
Faecalibacillus	Faecalibacillus	2678885	9	9	0	1334	593	741	55.54722639	98.44315245	3.247989167	1.00129199	3.003875969	0	0	0.5555555556	1.666666667
Faecalibacterium	Faecalibacterium	216851	107	80	27	48410	17760	30650	63.31336501	84.54176959	34.64471828	6.361936446	24.33814073	1.889090312	11.98137353	7.207203654	24.67185831
Faecalimonas	Faecalimonas	2005355	8	8	0	1313	1165	148	11.27189642	99.86424256	0.2514630853	0.06631299735	0.1875614804	0.06944444444	0.1964185503	0	0
Fibrobacter	Fibrobacter	832	57	23	34	1308	462	846	64.67889908	32.44439022	45.8215518	8.910118932	28.76105071	52.77690654	50.46804419	5.868584314	21.07471012
Flavonifractor	Flavonifractor	946234	32	28	4	3168	817	2351	74.21085859	82.83475747	34.3691873	10.9353355	31.43939032	0.03382034632	0.1789604512	6.196086682	18.28916937
Flexilinea	Flexilinea	1769713	3	3	0	184	181	3	1.630434783	20.73643411	18.96751276	65.11627907	40.73503269	11.43410853	19.80445691	2.713178295	4.699362656
Fusicatenibacter	Fusicatenibacter	1407607	9	9	0	12242	3465	8777	71.69580134	98.5240293	3.114814325	1.202386857	3.133601028	0.02556797429	0.07670392286	0.248015873	0.744047619
Fusimonas	Fusimonas	2510105	1	0	1	1	0	1	100	NA	NA	NA	NA	NA	NA	NA	NA
Galactobacillus	Galactobacillus	2060871	2	2	0	28	28	0	0	77.82608696	25.20989394	12.17391304	11.06775831	0	0	10	14.14213562
Gemmiger	Gemmiger	204475	20	19	1	13238	4386	8852	66.86810696	98.69144499	3.581257706	1.103923848	3.407458862	0.173901328	0.7090771452	0.03072983716	0.08419263617
Hallella	Hallella	52228	8	7	1	215	197	18	8.372093023	55.29120879	45.86648715	0	0	44.42307692	46.18201598	0.2857142857	0.755928946
Hallerella	Hallerella	2815788	3	3	0	118	69	49	41.52542373	98.30508475	2.935679335	0	0	0.5649717514	0.9785597783	1.129943503	1.957119557
Helicobacter	Helicobacter	209	110	87	23	17664	10597	7067	40.00792572	87.69064655	27.53231399	1.233502015	10.72508218	8.21556212	22.92686738	2.860289315	10.84646922
Holdemanella	Holdemanella	1573535	9	9	0	2355	995	1360	57.74946921	94.40051577	13.36121138	0.6387966914	1.376392761	4.814488713	13.55914237	0.1461988304	0.4385964912
Hominibacterium	Hominibacterium	3016626	3	3	0	9	8	1	11.11111111	100	0	0	0	0	0	0	0
Ihuprevotella	Ihuprevotella	3151711	1	1	0	2	1	1	50	0	NA	0	NA	100	NA	0	NA
Intestinibacillus	Intestinibacillus	1928820	5	4	1	27	25	2	7.407407407	64.33823529	44.1564372	6.25	12.5	1.470588235	2.941176471	27.94117647	48.35828414
Intestinibacter	Intestinibacter	1505657	4	4	0	779	412	367	47.11168164	98.86363636	2.272727273	1.136363636	2.272727273	0	0	0	0
Intestinimonas	Intestinimonas	1392389	21	19	2	513	229	284	55.36062378	82.55639098	36.94875702	15.97744361	37.38448192	0.7769423559	2.485587209	0.6892230576	2.07398847
Kurthia	Kurthia	1649	30	23	7	185	122	63	34.05405405	35.61614002	44.42335531	26.06121802	39.06376992	13.30086323	29.03544448	25.02177873	39.40470442
Lachnoanaerobaculum	Lachnoanaerobaculum	1164882	13	12	1	409	281	128	31.29584352	12.81445406	28.72582803	1.851851852	6.415002991	85.00278697	29.18641642	0.3309071103	0.643215289
Lachnospira	Lachnospira	28050	28	24	4	15289	5595	9694	63.40506246	42.39696772	48.24481123	0.1849687566	0.8523998712	55.24188048	49.95016261	2.176183047	10.19302925
Lacrimispora	Lacrimispora	2719231	21	18	3	449	237	212	47.21603563	25.99359772	37.89595829	30.41349455	40.08096875	13.54166667	32.10234667	30.05124106	37.32973088
Lactimicrobium	Lactimicrobium	2563777	2	2	0	13	13	0	0	69.44444444	27.49859705	30.55555556	27.49859705	0	0	0	0
Lepagella	Lepagella	3032807	3	3	0	36	36	0	0	94.66666667	9.237604307	4	6.92820323	0	0	1.333333333	2.309401077
Macellibacteroides	Macellibacteroides	1159323	4	4	0	51	48	3	5.882352941	0.9259259259	1.851851852	85.37851038	13.09164433	0.9259259259	1.851851852	12.76963777	12.14800767
Malacoplasma	Malacoplasma	2791001	6	6	0	262	161	101	38.54961832	23.88739546	39.16453785	0.462962963	1.134023029	73.22281959	42.76664662	2.426821983	4.064429275
Maliibacterium	Maliibacterium	3047433	1	1	0	2	1	1	50	100	NA	0	NA	0	NA	0	NA
Marvinbryantia	Marvinbryantia	248744	3	3	0	278	188	90	32.37410072	97.91666667	3.608439182	0	0	0	0	2.083333333	3.608439182
Megamonas	Megamonas	158846	11	8	3	3911	1868	2043	52.23727947	60.69237031	50.36296074	37.89143907	51.43764948	0	0	1.416190626	3.612741653
Megasphaera	Megasphaera	906	54	47	7	6655	3224	3431	51.55522164	62.47944324	45.226626	0.4629103548	2.671466171	32.30844194	44.0279906	4.749204467	20.4770769
Mesosutterella	Mesosutterella	2494213	4	3	1	306	58	248	81.04575163	85.38461538	22.06767429	14.61538462	22.06767429	0	0	0	0
Methanobrevibacter	Methanobrevibacter	2172	52	49	3	6522	2653	3869	59.32229377	54.5631623	46.50576596	28.10299947	43.42397334	10.7310024	30.40845134	6.602835828	18.08195245
Methanomethylophilus	Methanomethylophilus	1291539	5	5	0	161	104	57	35.40372671	68.99728997	42.5589027	1.463414634	3.272294601	5.636856369	8.00123741	23.90243902	43.37076435
Methanosphaera	Methanosphaera	2316	17	15	2	259	189	70	27.02702703	99.04972576	2.344620732	0.4761904762	1.844277784	0	0	0.4740837601	1.059206695
Mogibacterium	Mogibacterium	86331	8	7	1	637	397	240	37.67660911	33.41594666	37.86843355	0.153609831	0.4064134118	61.08202848	35.43205075	5.348415026	12.39093249
Morganella	Morganella	581	23	17	6	2371	1449	922	38.88654576	21.4763701	38.2760272	15.1004056	33.42794334	13.11829229	27.65002996	50.30493201	48.76081012
Muribaculum	Muribaculum	1918540	9	9	0	2699	2409	290	10.74472027	87.11294644	32.88029116	0.1658374793	0.4975124378	1.234567901	3.703703704	11.48664818	33.20675913
Odoribacter	Odoribacter	283168	21	20	1	7874	4540	3334	42.34188468	89.7709853	30.7104521	0.04032530497	0.1247422691	0.05864108713	0.1813130947	10.13004831	30.73919808
Oliverpabstia	Oliverpabstia	2815777	2	2	0	337	182	155	45.99406528	97.60683761	0.9669836324	1.196581197	0.4834918162	0.4273504274	0.6043647702	0.7692307692	1.087856586
Oribacterium	Oribacterium	265975	25	19	6	1044	656	388	37.16475096	45.46251185	48.12752687	0.07974481659	0.3475995968	53.53772593	47.45724265	0.9200174048	2.530254969
Oxalobacter	Oxalobacter	846	8	8	0	293	231	62	21.16040956	84.51388338	34.36901476	14.23947408	34.73282931	0.2358490566	0.667081869	1.010793485	1.588063377
Paludihabitans	Paludihabitans	2038676	4	3	1	73	72	1	1.369863014	66.66666667	57.73502692	33.33333333	57.73502692	0	0	0	0
Parabacteroides	Parabacteroides	375288	116	81	35	28814	10224	18590	64.51724856	93.86559909	22.0167404	1.634935186	11.30381477	3.146801128	15.79994596	1.352664597	11.10709986
Paramuribaculum	Paramuribaculum	2518497	3	3	0	780	675	105	13.46153846	99.62309664	0.3788019421	0	0	0.2525252525	0.4373865676	0.1243781095	0.2154292049
Paraprevotella	Paraprevotella	577309	7	6	1	4939	2230	2709	54.84915975	99.69168135	0.4592800512	0.0542888165	0.1329798992	0.1182190895	0.2196708783	0.1358107485	0.2609365679
Pararoseburia	Pararoseburia	2946539	1	1	0	5	5	0	0	100	NA	0	NA	0	NA	0	NA
Parolsenella	Parolsenella	2082587	5	5	0	497	192	305	61.36820926	88.92020985	14.98818873	0.7407407407	1.65634665	7.78012685	12.00372863	2.558922559	3.988158281
Peptococcus	Peptococcus	2740	7	5	2	39	35	4	10.25641026	71.11111111	39.7523196	13.33333333	29.8142397	14.81481481	33.126933	0.7407407407	1.65634665
Phascolarctobacterium	Phascolarctobacterium	33024	22	9	13	16609	6240	10369	62.43000783	99.00964882	1.481811234	0.4434437354	0.8665789495	0.2736132453	0.6272564196	0.2732942028	0.3948293567
Phocaeicola	Phocaeicola	909656	43	40	3	44477	20928	23549	52.94646671	90.8789607	26.19420262	2.236870901	11.91353357	5.840367668	21.66896781	1.04380073	4.358452226
Pilosibacter	Pilosibacter	3144345	6	4	2	107	103	4	3.738317757	97.70512821	2.718553392	0.6666666667	1.333333333	0.3333333333	0.6666666667	1.294871795	1.813275611
Prevotella	Prevotella	838	412	272	140	61325	27939	33386	54.44109254	66.07137989	46.41716146	1.951726656	13.52830855	29.21924424	44.52263144	2.757649208	15.17528596
Pseudobutyrivibrio	Pseudobutyrivibrio	46205	27	11	16	350	193	157	44.85714286	44.97184232	51.69053469	0	0	54.62590507	52.13146708	0.4022526146	1.334120994
Pusillibacter	Pusillibacter	2892397	2	2	0	8	5	3	37.5	50	70.71067812	0	0	50	70.71067812	0	0
Pyramidobacter	Pyramidobacter	638847	8	8	0	334	159	175	52.39520958	92.26101101	13.33128204	0.4004004004	0.7533678584	5.968468468	10.92424343	1.37012012	2.537286852
Qingrenia	Qingrenia	2983459	1	1	0	12	12	0	0	100	NA	0	NA	0	NA	0	NA
Raoultibacter	Raoultibacter	1926677	5	5	0	98	81	17	17.34693878	93.54545455	10.83497551	0.7272727273	1.626231256	0	0	5.727272727	10.88823764
Roseburia	Roseburia	841	58	56	2	27320	9756	17564	64.28989751	94.47139956	22.68535678	0.03358576737	0.1400968946	0.05509544512	0.1926032833	5.439919227	22.70434809
Ructibacterium	Ructibacterium	2884634	4	4	0	96	93	3	3.125	100	0	0	0	0	0	0	0
Ruminiclostridium	Ruminiclostridium	1508657	27	25	2	927	747	180	19.41747573	8.338288802	26.18061315	77.23473389	40.27612795	1.333333333	6.666666667	13.09364397	33.00711916
Ruminococcoides	Ruminococcoides	2893095	4	3	1	238	224	14	5.882352941	96.63299663	2.959325898	0	0	0	0	3.367003367	2.959325898
Ruminococcus	Ruminococcus	1263	293	275	18	45735	20984	24751	54.11829015	88.20938676	31.34490458	0.4153245183	6.045315444	8.870736874	27.84170092	2.504551852	14.9782709
Saccharofermentans	Saccharofermentans	1200657	3	3	0	274	232	42	15.32846715	28.34890966	49.10175187	36.29283489	55.35033086	1.246105919	2.158318763	34.11214953	57.07250982
Sarcina	Sarcina	1266	5	5	0	228	108	120	52.63157895	69.29292929	40.62816625	0.7407407407	1.65634665	21.21212121	44.12187812	8.754208754	14.0710934
Scatolibacter	Scatolibacter	2912543	2	1	1	12	1	11	91.66666667	100	NA	0	NA	0	NA	0	NA
Schwartzia	Schwartzia	55506	3	3	0	77	71	6	7.792207792	63.6240104	48.4548504	0	0	36.3759896	48.4548504	0	0
Segatella	Segatella	2974251	23	23	0	3536	2596	940	26.58371041	54.7811293	44.42348593	10.78844076	28.83331879	27.43441365	39.76326344	6.996016289	21.23099291
Senegalimassilia	Senegalimassilia	1473205	4	4	0	866	459	407	46.99769053	97.3379967	3.195269008	1.063829787	2.127659574	1.598173516	3.196347032	0	0
Shuttleworthella	Shuttleworthella	177971	4	3	1	37	33	4	10.81081081	74.0530303	37.34616057	0	0	25.9469697	37.34616057	0	0
Sodaliphilus	Sodaliphilus	2815786	5	5	0	400	397	3	0.75	91.71189813	14.23361072	0.3899721448	0.8720042252	5.08396339	9.84890995	2.814166335	3.965074426
Solibaculum	Solibaculum	2842531	3	2	1	5	2	3	60	100	0	0	0	0	0	0	0
Sphaerochaeta	Sphaerochaeta	399320	22	21	1	400	240	160	40	16.24120097	35.75120986	34.86716199	44.12095852	10.38070074	29.93941522	38.51093629	44.54567282
Streptococcus	Streptococcus	1301	1021	792	229	427280	202292	224988	52.65586969	9.161696941	26.52641045	4.074753552	18.2904029	80.29680093	37.27439788	6.466748579	22.32038261
Subdoligranulum	Subdoligranulum	292632	40	19	21	9447	994	8453	89.47814121	88.39908415	31.35167049	0.122303725	0.3297954601	0.09309743704	0.2938930401	11.38551469	31.36706476
Succinatimonas	Succinatimonas	674963	19	19	0	1965	328	1637	83.30788804	88.7917027	31.33903041	0.05599104143	0.2440592914	10.83591331	31.44985316	0.316392948	1.240155268
Succinivibrio	Succinivibrio	83770	5	5	0	937	599	338	36.07257204	93.31265067	12.00681433	0.3053435115	0.6827688481	3.944020356	7.234030013	2.437985461	4.858501688
Sutterella	Sutterella	40544	32	22	10	11567	6071	5496	47.51448085	78.77779813	40.31563759	2.897957417	13.54227296	4.595440692	21.3095437	13.72880376	35.08860809
Synergistes	Synergistes	2753	6	4	2	78	34	44	56.41025641	88.13131313	17.14942106	0	0	9.090909091	18.18181818	2.777777778	5.555555556
Tannerella	Tannerella	195950	18	10	8	597	393	204	34.17085427	54.46936445	48.9193785	0.06329113924	0.2001441557	45.02430644	48.69715368	0.4430379747	1.40100909
Thermophilibacter	Thermophilibacter	2847307	9	9	0	70	38	32	45.71428571	85.18518519	33.79312517	11.11111111	33.33333333	3.703703704	11.11111111	0	0
Thomasclavelia	Thomasclavelia	3025755	25	25	0	2224	1919	305	13.71402878	59.64892394	49.7138006	0.06265788574	0.2982574412	40.03678598	49.96949804	0.2516321954	0.6420641177
Treponema	Treponema	157	148	125	23	13234	6099	7135	53.9141605	46.57124989	48.92275454	6.449877471	24.56301545	43.72526542	48.24844281	3.253607213	15.91817018
Turicimonas	Turicimonas	1918598	4	4	0	590	552	38	6.440677966	100	0	0	0	0	0	0	0
Tyzzerella	Tyzzerella	1506577	11	9	2	104	36	68	65.38461538	48.14814815	48.19264326	12.03703704	33.10104247	16.66666667	35.35533906	23.14814815	43.65620457
Usitatibacter	Usitatibacter	2803845	4	4	0	214	213	1	0.4672897196	0	0	72.15544872	33.37808648	0.2403846154	0.4807692308	27.60416667	33.21920566
Vescimonas	Vescimonas	2892396	4	4	0	386	383	3	0.7772020725	92.56345224	7.352790853	0.3745318352	0.7490636704	6.351132686	8.016243942	0.7108832406	0.8996348095
Victivallis	Victivallis	172900	6	6	0	389	221	168	43.18766067	91.8071044	9.272934205	4.224110764	4.235194975	0.3623188406	0.8874962836	3.606465998	5.58720319
Xylanibacter	Xylanibacter	558436	8	8	0	581	311	270	46.47160069	86.83532066	35.10985638	12.5	35.35533906	0.6646793426	1.301096917	0	0
