silva_genus	ncbi_genus_name	ncbi_genus_taxid	n_species_with_biosamples	total_biosamples	fecal_gut_samples_mean_pct	fecal_gut_samples_sd_pp	contaminant_samples_mean_pct	contaminant_samples_sd_pp	animal_samples_mean_pct	animal_samples_sd_pp	other_samples_mean_pct	other_samples_sd_pp	unknown_samples_mean_pct	unknown_samples_sd_pp
Absicoccus	Absicoccus	2718525	4	49	69.6969697	46.99412854	1.136363636	2.272727273	1.041666667	2.083333333	13.54166667	24.38479148	14.58333333	23.93567769
Acetatifactor	Acetatifactor	1427378	6	4259	66.73275975	38.04388429	0.1366120219	0.3346297463	0.1229508197	0.3011667717	0.0222000222	0.05437872667	32.98547738	38.04314238
Acidaminococcus	Acidaminococcus	904	23	3788	54.95526717	44.58733596	0.2584678206	0.7526585221	0.06878320255	0.214238636	0.08070472955	0.2245234979	44.63677708	44.52679975
Acutalibacter	Acutalibacter	1918385	14	500	71.97898773	35.83537406	0.04761904762	0.1781741613	0	0	0.08315565032	0.2139653099	27.89023757	35.88682743
Agathobacter	Agathobacter	1766253	5	6359	65.19834677	32.24136893	0.6819675064	0.9338228014	0.1705692752	0.3133213282	0.03496122618	0.05696334373	33.91415523	31.61743469
Agathobaculum	Agathobaculum	2048137	20	1805	66.16394129	32.93620505	0.05627674919	0.1736505472	0.04782341397	0.1581130689	0.04761836147	0.1324505312	33.68434018	32.89510278
Akkermansia	Akkermansia	239934	124	15241	64.05979046	29.36158387	0.1384686767	1.305640238	0.8164881582	8.97983384	2.516808759	15.43578789	32.46844394	27.69751294
Alistipes	Alistipes	239759	151	64985	61.66766608	43.58625123	0.05290343511	0.3952187229	2.275975136	11.57598135	2.947407148	16.24658896	33.0560482	42.71711886
Allocoprobacillus	Allocoprobacillus	3059504	2	4	100	0	0	0	0	0	0	0	0	0
Allofournierella	Allofournierella	1940255	12	156	68.58796296	36.86612766	0	0	0	0	8.333333333	28.86751346	23.0787037	30.74720848
Alloprevotella	Alloprevotella	1283313	11	982	11.56619827	22.87909924	0.0547645126	0.1816333401	45.06791393	43.39963139	9.196178654	30.11711278	34.11494463	44.10931057
Anaerobutyricum	Anaerobutyricum	2569097	9	2441	71.26029418	27.58611302	0.2901258343	0.7691156665	0.1355445467	0.3856800596	0.322057493	0.7663473328	27.99197795	27.85773011
Anaerofilum	Anaerofilum	52784	7	68	55.86734694	38.72011772	0	0	14.28571429	37.7964473	3.06122449	8.099238707	26.78571429	34.51525619
Anaerolactibacter	Anaerolactibacter	2563783	1	2	50	NA	50	NA	0	NA	0	NA	0	NA
Anaeropeptidivorans	Anaeropeptidivorans	2997360	1	1	0	NA	0	NA	0	NA	0	NA	100	NA
Anaeroplasma	Anaeroplasma	2086	6	99	36.47058824	42.61357712	0.2450980392	0.600365133	0.4901960784	1.200730266	0	0	62.79411765	43.11156766
Anaerorhabdus	Anaerorhabdus	118966	2	39	61.11111111	39.28371007	0	0	18.05555556	21.60604054	4.166666667	5.89255651	16.66666667	23.57022604
Anaerovibrio	Anaerovibrio	82373	9	570	37.19262402	42.89442322	0.9255592226	2.655159668	0.8352454293	1.513284429	0.128346168	0.2579986667	60.91822516	43.8832548
Anaerovorax	Anaerovorax	109326	6	25	20.37037037	26.6820943	18.51851852	40.16427174	5.555555556	8.606629658	0	0	55.55555556	41.72218523
Angelakisella	Angelakisella	1935176	3	1381	88.91791478	10.87603044	0.5543945199	0.8785931548	0.2089864159	0.3619750904	0.1364216881	0.1606419842	10.1822826	9.751102853
Aristaeella	Aristaeella	3046369	2	4	50	0	0	0	0	0	0	0	50	0
Asteroleplasma	Asteroleplasma	2152	1	1	0	NA	0	NA	0	NA	0	NA	100	NA
Bacteroides	Bacteroides	816	394	100784	48.88435578	46.29209463	1.695947089	11.80880978	4.716068124	19.17184626	9.416783704	28.30762936	35.2868453	43.61823477
Barnesiella	Barnesiella	397864	120	8358	11.18225386	29.30593403	0.008986214018	0.09711183375	0.2809747921	3.042781901	0.04513828688	0.4150866327	88.48264684	30.09677104
Beduinella	Beduinella	3151708	1	1	0	NA	0	NA	0	NA	0	NA	100	NA
Bifidobacterium	Bifidobacterium	1678	370	55496	46.56672369	46.75002501	2.545835967	14.32762411	1.386450837	9.753050994	9.27278471	27.86334803	40.22820479	45.10283291
Blautia	Blautia	572511	191	28187	81.92324607	32.08048491	0.09398933174	0.9190314144	0.08504654977	1.034842326	1.156921126	8.927946416	16.74079692	31.16080505
Brachybacterium	Brachybacterium	43668	82	580	3.713285944	16.15104582	29.51027575	42.68773123	11.00982535	28.40380802	13.85902086	32.25238981	41.9075921	44.23863871
Breznakia	Breznakia	1854458	16	29	14.66346154	32.88311588	0	0	0	0	0.4807692308	1.923076923	84.85576923	34.01092614
Butyribacter	Butyribacter	2822463	3	346	71.69760173	44.92197102	0	0	1.447888761	2.091802146	0.3205128205	0.5551444896	26.53399668	45.95823038
Butyrivibrio	Butyrivibrio	830	56	2922	14.68179798	33.47725653	0.01428188403	0.07858716091	3.58265956	18.72354765	0.07216747428	0.3749673949	81.6490931	37.05948542
Caecibacteroides	Caecibacteroides	2918734	2	7	83.33333333	23.57022604	0	0	0	0	0	0	16.66666667	23.57022604
Campylobacter	Campylobacter	194	878	205688	51.19341154	49.2667142	7.334459241	25.46592555	7.346989037	25.01676741	7.209982057	25.51385243	26.91515812	43.21622662
Candidatus_Bruticola	Candidatus Bruticola	2829316	2	14	66.66666667	47.14045208	33.33333333	47.14045208	0	0	0	0	0	0
Candidatus_Colimorpha	Candidatus Colimorpha	3082834	4	41	99.34210526	1.315789474	0	0	0.6578947368	1.315789474	0	0	0	0
Candidatus_Cryptobacteroides	Candidatus Cryptobacteroides	2840523	26	1798	56.33420461	37.20945949	0.02754407051	0.140447753	0.4407051282	2.247164048	0.1201923077	0.6128629223	43.07735389	37.78713392
Candidatus_Egerieousia	Candidatus Egerieousia	2840524	3	173	84.15516108	16.7273423	1.57790927	2.733019026	0.9861932939	1.708136891	1.775147929	3.074646404	11.50558843	18.91264031
Candidatus_Gastranaerophilus	Candidatus Gastranaerophilus	1906125	10	138	89.91304348	31.59340512	0	0	0	0	0.08695652174	0.2749806661	10	31.6227766
Candidatus_Limenecus	Candidatus Limenecus	2840608	7	38	98.41269841	4.199605256	0	0	0	0	0	0	1.587301587	4.199605256
Candidatus_Limimorpha	Candidatus Limimorpha	3083039	4	206	82.7970297	34.40594059	0.1237623762	0.2475247525	15.47029703	30.94059406	1.608910891	3.217821782	0	0
Candidatus_Limisoma	Candidatus Limisoma	2840527	4	127	62.26635514	28.05421642	0	0	0.2336448598	0.4672897196	0	0	37.5	28.46375213
Candidatus_Methanogranum	Candidatus Methanogranum	1577789	3	11	22.22222222	38.49001795	13.88888889	12.72937693	5.555555556	9.622504486	58.33333333	52.04164999	0	0
Candidatus_Onthomorpha	Candidatus Onthomorpha	2840528	2	79	50	70.71067812	0	0	0	0	0	0	50	70.71067812
Candidatus_Ozemibacter	Candidatus Ozemibacter	2419833	2	4	0	0	66.66666667	47.14045208	0	0	16.66666667	23.57022604	16.66666667	23.57022604
Candidatus_Paraimprobicoccus	Candidatus Paraimprobicoccus	3075492	1	1	100	NA	0	NA	0	NA	0	NA	0	NA
Candidatus_Stoquefichus	Candidatus Stoquefichus	1470349	4	13	66.66666667	47.14045208	0	0	0	0	0	0	33.33333333	47.14045208
Catenibacillus	Catenibacillus	2316203	3	50	84.84848485	16.87201322	0	0	0	0	0	0	15.15151515	16.87201322
Catenibacterium	Catenibacterium	135858	14	3686	68.00622671	41.54436673	4.113106868	15.00735686	2.189026996	8.00540186	0.0033566058	0.01255926889	25.68828282	41.68421687
Cerasicoccus	Cerasicoccus	468938	5	10	0	0	80	44.72135955	0	0	5	11.18033989	15	33.54101966
Chordicoccus	Chordicoccus	3031933	2	17	63.33333333	4.714045208	8.333333333	11.78511302	0	0	18.33333333	2.357022604	10	14.14213562
Cloacibacillus	Cloacibacillus	508459	6	313	62.4149995	41.96711326	0	0	0	0	0.7276025509	0.8004188353	36.85739795	42.41831119
Clostridium	Clostridium	1485	917	62890	48.24410615	48.26465782	17.30827402	36.3122181	3.449089774	16.7681116	11.52782409	30.41526672	19.47070597	36.43599958
Collinsella	Collinsella	102106	215	18522	76.61151107	38.82167326	0.01031079028	0.09901432046	1.759094918	11.09463827	0.9337293009	9.622018714	20.68535393	37.16243763
Coprococcus	Coprococcus	33042	65	7763	60.44793639	47.84883887	0.04730988709	0.249599412	0.4280127597	3.111052217	4.617212853	21.14470293	34.45952811	46.1733222
Defluviitalea	Defluviitalea	1185408	4	18	0	0	62.5	28.46375213	0	0	27.08333333	20.83333333	10.41666667	20.83333333
Desulfovibrio	Desulfovibrio	872	120	5117	23.19353642	39.98900518	21.04875743	39.76674921	4.918670837	20.47812465	3.557713896	16.60953513	47.28132142	47.03683785
Dorea	Dorea	189330	42	7759	57.18092567	44.46708558	0.01621093697	0.05958265725	0.5379225847	2.689469801	2.482731984	15.42482511	39.78220882	44.42366406
Duncaniella	Duncaniella	2518495	8	3785	91.53116865	22.96370712	0	0	0	0	0.231918239	0.5834734758	8.236913113	22.38247604
Ellagibacter	Ellagibacter	2137577	3	380	54.81863588	43.57821532	0	0	10.54613936	18.26644919	0	0	34.63522476	46.09725622
Elusimicrobium	Elusimicrobium	423604	5	202	42.12797619	51.51304489	2.961309524	6.334550685	0	0	0.4166666667	0.9316949906	54.49404762	50.63378259
Faecalibacillus	Faecalibacillus	2678885	9	1334	85.74286605	26.17987619	0.346523586	1.039570758	0	0	0.5291005291	1.587301587	13.38150983	25.53248777
Faecalibacterium	Faecalibacterium	216851	107	48410	56.35303624	46.46304842	4.749723928	21.19487009	1.155756749	8.182462467	4.595640059	19.4880241	33.14584303	44.33094117
Faecalimonas	Faecalimonas	2005355	8	1313	84.92631237	28.88239761	0.06631299735	0.1875614804	0.06637168142	0.187727464	0	0	14.94100295	28.94810113
Fibrobacter	Fibrobacter	832	57	1308	10.25891849	28.65948093	3.340532059	17.55983523	21.11522445	41.09956477	1.110334818	6.690051393	64.17499018	46.50852926
Flavonifractor	Flavonifractor	946234	32	3168	56.58393463	41.42198281	9.419973586	29.60079432	0.005825876212	0.03295613261	5.420918367	17.1951253	28.56934754	38.94823773
Flexilinea	Flexilinea	1769713	3	184	20.66473988	18.87429289	42.85484907	28.59894106	11.36801541	19.68998028	2.697495183	4.67219871	22.41490045	38.32424352
Fusicatenibacter	Fusicatenibacter	1407607	9	12242	79.71073855	26.00985767	0.9082634467	2.596739697	0.006607014762	0.01982104429	0.2426006793	0.7278020378	19.13179031	26.01527548
Fusimonas	Fusimonas	2510105	1	1	0	NA	0	NA	0	NA	0	NA	100	NA
Galactobacillus	Galactobacillus	2060871	2	28	77.82608696	25.20989394	12.17391304	11.06775831	0	0	10	14.14213562	0	0
Gemmiger	Gemmiger	204475	20	13238	58.23137301	35.86992517	0.2890418241	0.965066411	0.04092523453	0.1690896145	0.01761003121	0.06371892564	41.4210499	35.567194
Hallella	Hallella	52228	8	215	44.18737623	46.78985064	0	0	23.3787594	32.52290033	0.2450980392	0.6932419423	32.18876633	38.16950494
Hallerella	Hallerella	2815788	3	118	64.27672956	22.32190569	0	0	0.3144654088	0.5446700653	0.6289308176	1.089340131	34.77987421	21.64582159
Helicobacter	Helicobacter	209	110	17664	54.77567511	41.04124234	0.9567382685	9.535269433	4.964135381	17.26496818	1.443970957	6.515318026	37.85948029	39.943206
Holdemanella	Holdemanella	1573535	9	2355	71.80822546	34.68230874	0.1907874957	0.4183467826	4.629949687	13.60700236	0.04498425551	0.1349527665	23.3260531	35.00162404
Hominibacterium	Hominibacterium	3016626	3	9	91.66666667	14.43375673	0	0	0	0	0	0	8.333333333	14.43375673
Ihuprevotella	Ihuprevotella	3151711	1	2	0	NA	0	NA	50	NA	0	NA	50	NA
Intestinibacillus	Intestinibacillus	1928820	5	27	48.47058824	46.4623969	4	8.94427191	1.176470588	2.630668209	22.35294118	43.70394264	24	43.35896678
Intestinibacter	Intestinibacter	1505657	4	779	68.29016879	38.23932525	0.2747252747	0.5494505495	0	0	0	0	31.43510593	37.80773247
Intestinimonas	Intestinimonas	1392389	21	513	48.58747196	38.61271416	14.37435248	35.82093733	0.2919889417	1.066814259	0.3779594029	1.338363499	36.36822721	36.30502266
Kurthia	Kurthia	1649	30	185	21.9037114	36.56881496	17.6988527	34.95049875	9.735889736	25.9744022	17.51174251	35.28543646	33.14980365	42.80482055
Lachnoanaerobaculum	Lachnoanaerobaculum	1164882	13	409	7.516506386	14.72792728	1.709401709	6.163335514	62.88957413	33.86768913	0.2231924971	0.4613604603	27.66132527	30.77542926
Lachnospira	Lachnospira	28050	28	15289	25.72560742	39.44075104	0.01114846655	0.04478372844	46.70698595	50.54370559	1.800968158	9.4462655	25.75529001	40.44710223
Lacrimispora	Lacrimispora	2719231	21	449	11.99264141	24.37671481	22.68982687	38.96884923	10.41867955	29.89476956	20.01969271	34.02587991	34.87915947	39.26250278
Lactimicrobium	Lactimicrobium	2563777	2	13	69.44444444	27.49859705	30.55555556	27.49859705	0	0	0	0	0	0
Lepagella	Lepagella	3032807	3	36	94.66666667	9.237604307	4	6.92820323	0	0	1.333333333	2.309401077	0	0
Macellibacteroides	Macellibacteroides	1159323	4	51	0.8333333333	1.666666667	83.43406593	15.03082879	0.8333333333	1.666666667	12.3992674	12.08730157	2.5	5
Malacoplasma	Malacoplasma	2791001	6	262	13.72425554	21.59028917	0.3174603175	0.7776157914	50.20493536	36.99463126	1.524334252	2.707397129	34.22901453	23.33646202
Maliibacterium	Maliibacterium	3047433	1	2	50	NA	0	NA	0	NA	0	NA	50	NA
Marvinbryantia	Marvinbryantia	248744	3	278	45.05150455	47.82213359	0	0	0	0	0.5847953216	1.012895209	54.36370013	47.48802736
Megamonas	Megamonas	158846	11	3911	26.94630541	36.35079707	27.40189673	46.62776756	0	0	0.472159318	1.314946864	45.17963854	43.34648719
Megasphaera	Megasphaera	906	54	6655	43.15523699	43.76176369	0.2684298427	1.814580344	24.68349578	40.19647429	3.540875128	16.89690352	28.35196225	37.72720591
Mesosutterella	Mesosutterella	2494213	4	306	35.06476342	44.38325306	4.017975152	7.584683123	0	0	0	0	60.91726143	43.54600688
Methanobrevibacter	Methanobrevibacter	2172	52	6522	41.59590574	42.83218488	25.88461384	42.40759426	9.360726737	28.10618953	5.717057992	17.45810177	17.44169569	31.15171775
Methanomethylophilus	Methanomethylophilus	1291539	5	161	55.14789087	36.73016649	1.395348837	3.120094852	5.073995772	7.398066895	23.72093023	43.39562302	14.66183429	21.36124241
Methanosphaera	Methanosphaera	2316	17	259	79.98591873	34.69323532	0.4201680672	1.732397322	0	0	0.2918244314	0.6617660751	19.30208877	34.8108444
Mogibacterium	Mogibacterium	86331	8	637	24.5658774	35.99198738	0.0664893617	0.1880603141	35.36937295	25.23060092	4.611943907	11.65220131	35.38631638	34.79381214
Morganella	Morganella	581	23	2371	15.48928027	34.04096094	10.80984822	29.16298364	8.607696161	22.66152904	36.8782699	47.48446144	28.21490546	44.39541305
Muribaculum	Muribaculum	1918540	9	2699	72.76652752	40.12470488	0.04025764895	0.1207729469	0.5555555556	1.666666667	11.23325909	33.28837621	15.40440019	28.88471626
Odoribacter	Odoribacter	283168	21	7874	74.77572008	39.88549931	0.03190785773	0.1053541773	0.03069005266	0.1054438536	9.631154661	30.04663352	15.53052735	31.61372511
Oliverpabstia	Oliverpabstia	2815777	2	337	69.60124434	38.63890618	0.9530542986	0.8278908581	0.1838235294	0.2599657284	0.7692307692	1.087856586	28.49264706	40.2946879
Oribacterium	Oribacterium	265975	25	1044	32.89032485	45.86267675	0.03225806452	0.1612903226	31.6148262	40.19059826	0.4427939038	1.40016021	35.01979698	41.89753256
Oxalobacter	Oxalobacter	846	8	293	70.32320684	35.3351291	13.90179793	34.84479641	0.1436781609	0.4063832076	0.7041247635	1.038523844	14.9271923	21.26382615
Paludihabitans	Paludihabitans	2038676	4	73	50	57.73502692	25	50	0	0	0	0	25	50
Parabacteroides	Parabacteroides	375288	116	28814	54.49616309	45.1161602	1.055206657	9.366151728	2.024661488	13.15806209	0.9077951996	9.283424304	41.51617357	44.69010077
Paramuribaculum	Paramuribaculum	2518497	3	780	85.09968773	24.38678199	0	0	0.1449275362	0.2510218562	0.1227747084	0.2126520329	14.63261003	24.23657344
Paraprevotella	Paraprevotella	577309	7	4939	46.27702931	31.98847315	0.03345600535	0.08851627003	0.04667708923	0.08407403927	0.09025468111	0.1775112307	53.55258291	32.13219479
Pararoseburia	Pararoseburia	2946539	1	5	100	NA	0	NA	0	NA	0	NA	0	NA
Parolsenella	Parolsenella	2082587	5	497	59.4460261	41.97056712	0.07117437722	0.1591507457	3.80952381	5.283890719	0.7854600915	1.565008711	35.88781562	39.43330315
Peptococcus	Peptococcus	2740	7	39	50.57471264	47.66998012	9.523809524	25.19763153	9.852216749	26.06651538	0.4926108374	1.303325769	29.55665025	48.18781556
Phascolarctobacterium	Phascolarctobacterium	33024	22	16609	31.2769076	44.32855558	0.04241182777	0.1126737573	0.03746272563	0.1557319129	0.06284075654	0.1855013156	68.58037709	44.38985578
Phocaeicola	Phocaeicola	909656	43	44477	63.9182307	38.24396156	0.9280626946	4.396803546	4.509610399	18.72163812	0.4098136767	1.693834264	30.23428253	34.62190634
Pilosibacter	Pilosibacter	3144345	6	107	63.99206349	49.72687686	0.4444444444	1.088662108	0.2222222222	0.544331054	0.8174603175	1.450753707	34.52380952	50.79303075
Prevotella	Prevotella	838	412	61325	42.4625579	48.67537258	1.223023486	10.96189123	16.25975112	34.41926621	1.802773286	12.39237532	38.25189421	46.54809459
Pseudobutyrivibrio	Pseudobutyrivibrio	46205	27	350	12.36779624	29.05569335	0	0	22.23861029	42.35708528	0.08194034743	0.4257745348	65.31165312	45.50988521
Pusillibacter	Pusillibacter	2892397	2	8	28.57142857	40.40610178	0	0	50	70.71067812	0	0	21.42857143	30.30457634
Pyramidobacter	Pyramidobacter	638847	8	334	76.18201243	30.96435598	0.1903651904	0.376710894	4.485236985	8.490546763	0.6973581974	1.454120307	18.4450272	28.39602631
Qingrenia	Qingrenia	2983459	1	12	100	NA	0	NA	0	NA	0	NA	0	NA
Raoultibacter	Raoultibacter	1926677	5	98	75.91954023	20.09826895	0.6896551724	1.542115847	0	0	5.689655172	10.89758834	17.70114943	23.47629045
Roseburia	Roseburia	841	58	27320	82.34774763	33.79545207	0.007369807581	0.02646067587	0.02588256062	0.1339332916	5.238592699	22.3280234	12.3804073	27.8104479
Ructibacterium	Ructibacterium	2884634	4	96	99.13793103	1.724137931	0	0	0	0	0	0	0.8620689655	1.724137931
Ruminiclostridium	Ruminiclostridium	1508657	27	927	6.63477039	22.21469991	69.00044623	45.59875579	0.1851851852	0.9622504486	5.226670291	19.45487952	18.9529279	36.77074064
Ruminococcoides	Ruminococcoides	2893095	4	238	66.17090018	45.81228849	0	0	0	0	2.178030303	2.51972248	31.65106952	46.97663569
Ruminococcus	Ruminococcus	1263	293	45735	80.60793479	38.02398064	0.3608979646	5.84369984	7.941601191	26.49807607	2.286683908	14.46820193	8.802882146	26.59897538
Saccharofermentans	Saccharofermentans	1200657	3	274	23.69791667	41.0459957	35.80729167	55.7162356	1.041666667	1.804219591	33.984375	57.1795482	5.46875	9.472152854
Sarcina	Sarcina	1266	5	228	43.77998346	37.67841618	0.1709401709	0.3822338423	20.64516129	44.3826892	5.664460987	10.84081316	29.73945409	32.81695178
Scatolibacter	Scatolibacter	2912543	2	12	4.545454545	6.428243465	0	0	0	0	0	0	95.45454545	6.428243465
Schwartzia	Schwartzia	55506	3	77	59.41308244	45.90442476	0	0	31.97580645	41.62546306	0	0	8.611111111	7.469072033
Segatella	Segatella	2974251	23	3536	43.5559298	42.15016283	7.273140337	21.69967184	21.7798489	34.24741071	5.77337338	20.82985699	21.61770758	27.00681962
Senegalimassilia	Senegalimassilia	1473205	4	866	69.33887569	39.88158045	0.1187648456	0.2375296912	1.422764228	2.845528455	0	0	29.11959523	40.40747433
Shuttleworthella	Shuttleworthella	177971	4	37	54.67171717	48.58010949	0	0	17.55050505	29.35490657	0	0	27.77777778	48.43221048
Sodaliphilus	Sodaliphilus	2815786	5	400	90.26828911	14.63004585	0.3899721448	0.8720042252	5.038850608	9.86216752	2.723940771	3.8869469	1.578947368	3.530633649
Solibaculum	Solibaculum	2842531	3	5	44.44444444	50.91750772	0	0	0	0	0	0	55.55555556	50.91750772
Sphaerochaeta	Sphaerochaeta	399320	22	400	15.29987127	35.1124661	27.17982811	38.73116855	9.792797397	29.32604323	34.73293994	44.18731993	12.99456328	26.14335312
Streptococcus	Streptococcus	1301	1021	427280	5.937994897	21.50219067	2.616339235	14.51505519	58.21365106	46.89783581	4.356935124	18.73037799	28.87507968	42.18053307
Subdoligranulum	Subdoligranulum	292632	40	9447	36.29051129	47.52179951	0.027153745	0.1453844339	0.01927692769	0.09866752075	3.871739233	17.47735796	59.79131881	47.91288077
Succinatimonas	Succinatimonas	674963	19	1965	80.39731001	38.38327903	0.003191727044	0.01391241564	10.83591331	31.44985316	0.1220724224	0.4112196051	8.64151253	25.94314226
Succinivibrio	Succinivibrio	83770	5	937	74.48711441	35.12482225	0.1393728223	0.3116471049	1.642382008	2.955629728	1.041868803	1.965618369	22.68926196	31.11363078
Sutterella	Sutterella	40544	32	11567	45.49012269	46.08217873	1.23020762	6.9419799	1.576733033	8.836373586	9.414870491	29.60190905	42.28806617	44.5547095
Synergistes	Synergistes	2753	6	78	48.33333333	46.84489774	0	0	2.222222222	5.44331054	1.388888889	3.402069087	48.05555556	46.43294648
Tannerella	Tannerella	195950	18	597	27.29893244	42.08014102	0.0319284802	0.1354610692	18.6003929	33.56610696	0.2234993614	0.9482274843	53.84524681	46.49635445
Thermophilibacter	Thermophilibacter	2847307	9	70	74.10628019	36.81052435	11.11111111	33.33333333	2.777777778	8.333333333	0	0	12.00483092	21.51289283
Thomasclavelia	Thomasclavelia	3025755	25	2224	55.83943122	48.46825976	0.06216454672	0.2982482542	40.03247744	49.97305567	0.2450815943	0.6343696499	3.820845199	13.99285619
Treponema	Treponema	157	148	13234	36.78839923	47.03936475	5.432679655	22.68361604	32.39625713	44.23862046	2.378832422	14.2435155	23.00383157	38.60145328
Turicimonas	Turicimonas	1918598	4	590	76.99074074	44.67081625	0	0	0	0	0	0	23.00925926	44.67081625
Tyzzerella	Tyzzerella	1506577	11	104	28.65332865	42.92551669	9.848484848	30.00420846	10.38961039	30.02781642	18.93939394	40.15437383	32.16918217	45.29208279
Usitatibacter	Usitatibacter	2803845	4	214	0	0	72.08931419	33.42287828	0.2392344498	0.4784688995	27.55183413	33.18543918	0.1196172249	0.2392344498
Vescimonas	Vescimonas	2892396	4	386	89.37021546	12.74873532	0.3745318352	0.7490636704	5.73489011	7.00986989	0.7085494094	0.8987471911	3.811813187	6.99729733
Victivallis	Victivallis	172900	6	389	68.54480095	35.12484204	2.020024622	1.715900747	0.1035196687	0.2535703667	1.758733095	3.050927532	27.57292167	33.10937199
Xylanibacter	Xylanibacter	558436	8	581	59.14784851	42.44170142	2.5	7.071067812	0.2025051367	0.4213551671	0	0	38.14964636	38.82132612
