silva_genus	ncbi_query_name	ncbi_genus_name	ncbi_genus_taxid	number_of_ncbi_species	status	message
Absicoccus	Absicoccus	Absicoccus	2718525	4	complete	
Acetatifactor	Acetatifactor	Acetatifactor	1427378	6	complete	
Acidaminococcus	Acidaminococcus	Acidaminococcus	904	41	complete	
Acutalibacter	Acutalibacter	Acutalibacter	1918385	15	complete	
Acutalibacter--other	Acutalibacter--other				taxonomy_not_found	Genus not found by the scientific-name query
Agathobacter	Agathobacter	Agathobacter	1766253	5	complete	
Agathobaculum	Agathobaculum	Agathobaculum	2048137	21	complete	
Akkermansia	Akkermansia	Akkermansia	239934	126	complete	
Alistipes	Alistipes	Alistipes	239759	172	complete	
Allocoprobacillus	Allocoprobacillus	Allocoprobacillus	3059504	2	complete	
Allofournierella	Allofournierella	Allofournierella	1940255	12	complete	
Alloprevotella	Alloprevotella	Alloprevotella	1283313	17	complete	
Anaerobutyricum	Anaerobutyricum	Anaerobutyricum	2569097	9	complete	
Anaerofilum	Anaerofilum	Anaerofilum	52784	11	complete	
Anaerolactibacter	Anaerolactibacter	Anaerolactibacter	2563783	3	complete	
Anaeropeptidivorans	Anaeropeptidivorans	Anaeropeptidivorans	2997360	2	complete	
Anaeroplasma	Anaeroplasma	Anaeroplasma	2086	6	complete	
Anaerorhabdus	Anaerorhabdus	Anaerorhabdus	118966	3	complete	
Anaerostipes--other	Anaerostipes--other				taxonomy_not_found	Genus not found by the scientific-name query
Anaerotignum--other	Anaerotignum--other				taxonomy_not_found	Genus not found by the scientific-name query
Anaerovibrio	Anaerovibrio	Anaerovibrio	82373	15	complete	
Anaerovorax	Anaerovorax	Anaerovorax	109326	14	complete	
Angelakisella	Angelakisella	Angelakisella	1935176	3	complete	
Aristaeella	Aristaeella	Aristaeella	3046369	2	complete	
Asteroleplasma	Asteroleplasma	Asteroleplasma	2152	3	complete	
Bacteroides	Bacteroides	Bacteroides	816	759	complete	
Bacteroides--other	Bacteroides--other				taxonomy_not_found	Genus not found by the scientific-name query
Barnesiella	Barnesiella	Barnesiella	397864	125	complete	
Beduinella	Beduinella	Beduinella	3151708	1	complete	
Bifidobacterium	Bifidobacterium	Bifidobacterium	1678	772	complete	
Blautia	Blautia	Blautia	572511	233	complete	
Brachybacterium	Brachybacterium	Brachybacterium	43668	472	complete	
Breznakia	Breznakia	Breznakia	1854458	17	complete	
Butyribacter	Butyribacter	Butyribacter	2822463	3	complete	
Butyrivibrio	Butyrivibrio	Butyrivibrio	830	131	complete	
Caecibacteroides	Caecibacteroides	Caecibacteroides	2918734	2	complete	
Campylobacter	Campylobacter	Campylobacter	194	1638	complete	
Candidatus_Amyloruptor	Candidatus Amyloruptor				taxonomy_not_found	Genus not found by the scientific-name query
Candidatus_Bruticola	Candidatus Bruticola	Candidatus Bruticola	2829316	2	complete	
Candidatus_CacconasterCandidatus_Coprenecus	Candidatus CacconasterCandidatus Coprenecus				taxonomy_not_found	Genus not found by the scientific-name query
Candidatus_Colimorpha	Candidatus Colimorpha	Candidatus Colimorpha	3082834	4	complete	
Candidatus_Cryptobacteroides	Candidatus Cryptobacteroides	Candidatus Cryptobacteroides	2840523	26	complete	
Candidatus_Egerieousia	Candidatus Egerieousia	Candidatus Egerieousia	2840524	3	complete	
Candidatus_Evtepia	Candidatus Evtepia				taxonomy_not_found	Genus not found by the scientific-name query
Candidatus_Ferrisolea	Candidatus Ferrisolea				taxonomy_not_found	Genus not found by the scientific-name query
Candidatus_Formicimonas	Candidatus Formicimonas				taxonomy_not_found	Genus not found by the scientific-name query
Candidatus_Gastranaerophilus	Candidatus Gastranaerophilus	Candidatus Gastranaerophilus	1906125	10	complete	
Candidatus_Lachnoclostridium	Candidatus Lachnoclostridium				taxonomy_not_found	Genus not found by the scientific-name query
Candidatus_Limenecus	Candidatus Limenecus	Candidatus Limenecus	2840608	7	complete	
Candidatus_Limimorpha	Candidatus Limimorpha	Candidatus Limimorpha	3083039	4	complete	
Candidatus_Limisoma	Candidatus Limisoma	Candidatus Limisoma	2840527	4	complete	
Candidatus_Methanogranum	Candidatus Methanogranum	Candidatus Methanogranum	1577789	4	complete	
Candidatus_Methanospyradousia	Candidatus Methanospyradousia				taxonomy_not_found	Genus not found by the scientific-name query
Candidatus_Nucleicoccus--other	Candidatus Nucleicoccus--other				taxonomy_not_found	Genus not found by the scientific-name query
Candidatus_Onthomorpha	Candidatus Onthomorpha	Candidatus Onthomorpha	2840528	2	complete	
Candidatus_Ozemibacter	Candidatus Ozemibacter	Candidatus Ozemibacter	2419833	2	complete	
Candidatus_Paraimprobicoccus	Candidatus Paraimprobicoccus	Candidatus Paraimprobicoccus	3075492	1	complete	
Candidatus_Pseudoruminococcus	Candidatus Pseudoruminococcus				taxonomy_not_found	Genus not found by the scientific-name query
Candidatus_Stoquefichus	Candidatus Stoquefichus	Candidatus Stoquefichus	1470349	6	complete	
Catenibacillus	Catenibacillus	Catenibacillus	2316203	3	complete	
Catenibacterium	Catenibacterium	Catenibacterium	135858	15	complete	
Cerasicoccus	Cerasicoccus	Cerasicoccus	468938	6	complete	
Chordicoccus	Chordicoccus	Chordicoccus	3031933	2	complete	
Christensenellaceae_R-7_group--other	Christensenellaceae R-7 group--other				taxonomy_not_found	Genus not found by the scientific-name query
Cloacibacillus	Cloacibacillus	Cloacibacillus	508459	6	complete	
Clostridium	Clostridium	Clostridium	1485	2620	complete	
Clostridium--other	Clostridium--other				taxonomy_not_found	Genus not found by the scientific-name query
Collinsella	Collinsella	Collinsella	102106	260	complete	
Coprococcus	Coprococcus	Coprococcus	33042	70	complete	
Coprococcus--other	Coprococcus--other				taxonomy_not_found	Genus not found by the scientific-name query
Coriobacteriaceae_UCG-003	Coriobacteriaceae UCG-003				taxonomy_not_found	Genus not found by the scientific-name query
Defluviitalea	Defluviitalea	Defluviitalea	1185408	7	complete	
Desulfovibrio	Desulfovibrio	Desulfovibrio	872	588	complete	
Dialister--other	Dialister--other				taxonomy_not_found	Genus not found by the scientific-name query
Dorea	Dorea	Dorea	189330	46	complete	
Duncaniella	Duncaniella	Duncaniella	2518495	8	complete	
Ellagibacter	Ellagibacter	Ellagibacter	2137577	3	complete	
Elusimicrobium	Elusimicrobium	Elusimicrobium	423604	5	complete	
Escherichia-Shigella	Escherichia-Shigella				taxonomy_not_found	Genus not found by the scientific-name query
Eubacterium--other	Eubacterium--other				taxonomy_not_found	Genus not found by the scientific-name query
Faecalibacillus	Faecalibacillus	Faecalibacillus	2678885	9	complete	
Faecalibacterium	Faecalibacterium	Faecalibacterium	216851	114	complete	
Faecalimonas	Faecalimonas	Faecalimonas	2005355	8	complete	
Family_XIII_AD3011_group	Family XIII AD3011 group				taxonomy_not_found	Genus not found by the scientific-name query
Fibrobacter	Fibrobacter	Fibrobacter	832	58	complete	
Flavonifractor	Flavonifractor	Flavonifractor	946234	40	complete	
Flexilinea	Flexilinea	Flexilinea	1769713	3	complete	
Fusicatenibacter	Fusicatenibacter	Fusicatenibacter	1407607	9	complete	
Fusimonas	Fusimonas	Fusimonas	2510105	3	complete	
Galactobacillus	Galactobacillus	Galactobacillus	2060871	3	complete	
Gemmiger	Gemmiger	Gemmiger	204475	21	complete	
GWE2-31-10	GWE2-31-10				taxonomy_not_found	Genus not found by the scientific-name query
Hallella	Hallella	Hallella	52228	9	complete	
Hallerella	Hallerella	Hallerella	2815788	3	complete	
Helicobacter	Helicobacter	Helicobacter	209	313	complete	
hoa5-07d05_gut_group	hoa5-07d05 gut group				taxonomy_not_found	Genus not found by the scientific-name query
Holdemanella	Holdemanella	Holdemanella	1573535	9	complete	
Hominibacterium	Hominibacterium	Hominibacterium	3016626	3	complete	
Ihuprevotella	Ihuprevotella	Ihuprevotella	3151711	1	complete	
Intestinibacillus	Intestinibacillus	Intestinibacillus	1928820	5	complete	
Intestinibacter	Intestinibacter	Intestinibacter	1505657	4	complete	
Intestinimonas	Intestinimonas	Intestinimonas	1392389	25	complete	
Kurthia	Kurthia	Kurthia	1649	87	complete	
Lachnoanaerobaculum	Lachnoanaerobaculum	Lachnoanaerobaculum	1164882	15	complete	
Lachnospira	Lachnospira	Lachnospira	28050	29	complete	
Lachnospiraceae_AC2044_group	Lachnospiraceae AC2044 group				taxonomy_not_found	Genus not found by the scientific-name query
Lachnospiraceae_UCG-002	Lachnospiraceae UCG-002				taxonomy_not_found	Genus not found by the scientific-name query
Lachnospiraceae_UCG-003	Lachnospiraceae UCG-003				taxonomy_not_found	Genus not found by the scientific-name query
Lachnospiraceae_UCG-010	Lachnospiraceae UCG-010				taxonomy_not_found	Genus not found by the scientific-name query
Lachnospiraceae_XPB1014_group	Lachnospiraceae XPB1014 group				taxonomy_not_found	Genus not found by the scientific-name query
Lacrimispora	Lacrimispora	Lacrimispora	2719231	22	complete	
Lacrimispora--other	Lacrimispora--other				taxonomy_not_found	Genus not found by the scientific-name query
Lactimicrobium	Lactimicrobium	Lactimicrobium	2563777	3	complete	
Lactobacillus--other	Lactobacillus--other				taxonomy_not_found	Genus not found by the scientific-name query
Lepagella	Lepagella	Lepagella	3032807	3	complete	
Longibaculum--other	Longibaculum--other				taxonomy_not_found	Genus not found by the scientific-name query
M2PB4-65_termite_group	M2PB4-65 termite group				taxonomy_not_found	Genus not found by the scientific-name query
Macellibacteroides	Macellibacteroides	Macellibacteroides	1159323	4	complete	
Malacoplasma	Malacoplasma	Malacoplasma	2791001	6	complete	
Maliibacterium	Maliibacterium	Maliibacterium	3047433	1	complete	
Marvinbryantia	Marvinbryantia	Marvinbryantia	248744	3	complete	
Megamonas	Megamonas	Megamonas	158846	11	complete	
Megasphaera	Megasphaera	Megasphaera	906	81	complete	
Mesosutterella	Mesosutterella	Mesosutterella	2494213	4	complete	
Methanobrevibacter	Methanobrevibacter	Methanobrevibacter	2172	199	complete	
Methanomethylophilus	Methanomethylophilus	Methanomethylophilus	1291539	6	complete	
Methanosphaera	Methanosphaera	Methanosphaera	2316	31	complete	
Mogibacterium	Mogibacterium	Mogibacterium	86331	16	complete	
Monoglobus--other	Monoglobus--other				taxonomy_not_found	Genus not found by the scientific-name query
Morganella	Morganella				taxonomy_ambiguous	Multiple genus TaxIDs returned (3): 108061,90690,581
Muribaculum	Muribaculum	Muribaculum	1918540	9	complete	
NK4A214_group	NK4A214 group				taxonomy_not_found	Genus not found by the scientific-name query
Odoribacter	Odoribacter	Odoribacter	283168	28	complete	
Oliverpabstia	Oliverpabstia	Oliverpabstia	2815777	3	complete	
Oribacterium	Oribacterium	Oribacterium	265975	31	complete	
Oscillibacter--other	Oscillibacter--other				taxonomy_not_found	Genus not found by the scientific-name query
Oxalobacter	Oxalobacter	Oxalobacter	846	21	complete	
Paludihabitans	Paludihabitans	Paludihabitans	2038676	5	complete	
Parabacteroides	Parabacteroides	Parabacteroides	375288	132	complete	
Paramuribaculum	Paramuribaculum	Paramuribaculum	2518497	3	complete	
Paraphocaeicola	Paraphocaeicola	Paraphocaeicola	2918733	1	complete	
Paraprevotella	Paraprevotella	Paraprevotella	577309	7	complete	
Pararoseburia	Pararoseburia	Pararoseburia	2946539	1	complete	
Parolsenella	Parolsenella	Parolsenella	2082587	5	complete	
Peptococcus	Peptococcus	Peptococcus	2740	25	complete	
Phascolarctobacterium	Phascolarctobacterium	Phascolarctobacterium	33024	36	complete	
Phocaeicola	Phocaeicola	Phocaeicola	909656	44	complete	
Pilosibacter	Pilosibacter	Pilosibacter	3144345	6	complete	
Prevotella	Prevotella	Prevotella	838	683	complete	
Prevotellaceae_UCG-003	Prevotellaceae UCG-003				taxonomy_not_found	Genus not found by the scientific-name query
Prevotellaceae_UCG-004	Prevotellaceae UCG-004				taxonomy_not_found	Genus not found by the scientific-name query
Pseudobutyrivibrio	Pseudobutyrivibrio	Pseudobutyrivibrio	46205	123	complete	
Pusillibacter	Pusillibacter	Pusillibacter	2892397	4	complete	
Pyramidobacter	Pyramidobacter	Pyramidobacter	638847	11	complete	
Qingrenia	Qingrenia	Qingrenia	2983459	1	complete	
Raoultibacter	Raoultibacter	Raoultibacter	1926677	5	complete	
Roseburia	Roseburia	Roseburia	841	72	complete	
Ructibacterium	Ructibacterium	Ructibacterium	2884634	4	complete	
Ruminiclostridium	Ruminiclostridium	Ruminiclostridium	1508657	27	complete	
Ruminococcoides	Ruminococcoides	Ruminococcoides	2893095	5	complete	
Ruminococcus	Ruminococcus	Ruminococcus	1263	380	complete	
Saccharofermentans	Saccharofermentans	Saccharofermentans	1200657	9	complete	
Sarcina	Sarcina	Sarcina	1266	7	complete	
Scatolibacter	Scatolibacter	Scatolibacter	2912543	2	complete	
Schwartzia	Schwartzia				taxonomy_ambiguous	Multiple genus TaxIDs returned (2): 164984,55506
Segatella	Segatella	Segatella	2974251	24	complete	
Senegalimassilia	Senegalimassilia	Senegalimassilia	1473205	4	complete	
Shuttleworthella	Shuttleworthella	Shuttleworthella	177971	6	complete	
Slackia--other	Slackia--other				taxonomy_not_found	Genus not found by the scientific-name query
Sodaliphilus	Sodaliphilus	Sodaliphilus	2815786	5	complete	
Solibaculum	Solibaculum	Solibaculum	2842531	5	complete	
Sphaerochaeta	Sphaerochaeta	Sphaerochaeta	399320	34	complete	
Staphylococcus--other	Staphylococcus--other				taxonomy_not_found	Genus not found by the scientific-name query
Streptococcus	Streptococcus	Streptococcus	1301	2390	complete	
Subdoligranulum	Subdoligranulum	Subdoligranulum	292632	42	complete	
Succinatimonas	Succinatimonas	Succinatimonas	674963	19	complete	
Succinivibrio	Succinivibrio	Succinivibrio	83770	10	complete	
Sutterella	Sutterella	Sutterella	40544	47	complete	
Sutterella--other	Sutterella--other				taxonomy_not_found	Genus not found by the scientific-name query
Synergistes	Synergistes	Synergistes	2753	26	complete	
Tannerella	Tannerella	Tannerella	195950	23	complete	
Tepidibaculum	Tepidibaculum	Tepidibaculum	2738922	1	complete	
Thermophilibacter	Thermophilibacter	Thermophilibacter	2847307	9	complete	
Thomasclavelia	Thomasclavelia	Thomasclavelia	3025755	30	complete	
Treponema	Treponema	Treponema	157	597	complete	
Trichomitus	Trichomitus	Trichomitus	5731	8	complete	
Turicimonas	Turicimonas	Turicimonas	1918598	4	complete	
Tyzzerella	Tyzzerella	Tyzzerella	1506577	11	complete	
UCG-003	UCG-003				taxonomy_not_found	Genus not found by the scientific-name query
UCG-004	UCG-004				taxonomy_not_found	Genus not found by the scientific-name query
UCG-005	UCG-005				taxonomy_not_found	Genus not found by the scientific-name query
UCG-007	UCG-007				taxonomy_not_found	Genus not found by the scientific-name query
UCG-009	UCG-009				taxonomy_not_found	Genus not found by the scientific-name query
Usitatibacter	Usitatibacter	Usitatibacter	2803845	4	complete	
V9D2013_group	V9D2013 group				taxonomy_not_found	Genus not found by the scientific-name query
Vescimonas	Vescimonas	Vescimonas	2892396	6	complete	
Victivallis	Victivallis	Victivallis	172900	7	complete	
Xylanibacter	Xylanibacter	Xylanibacter	558436	9	complete	
